OrderID,OrderDate,CustomerID,CustomerName,Segment,Country,Region,Category,Product,Quantity,UnitPrice,Discount,ShippingCost,PaymentMethod,OrderStatus
ORD-100132,2024-10-20,CUST-00086,Grace Tanaka,Small Business,United States,North America,Office,Standing Desk Mat,1,41.85,0.0,24.42,Credit Card,Completed
ORD-103243,2023-11-17,CUST-00059,Jennifer Brown,Consumer,Germany,Europe,Apparel,T-Shirt,1,83.22,0.0,2.08,PayPal,Completed
ORD-106929,2024-02-19,CUST-00150,Ana Silva,Consumer,Spain,Europe,Apparel,Wool Socks,1,56.87,0.0,6.24,Gift Card,Returned
ORD-104148,2023-11-07,CUST-00136,Mary Rossi,Consumer,SINGAPORE,Asia,Beauty,Shampoo,1,36.15,0.15,19.89,PayPal,Completed
ORD-106002,2024-01-13,CUST-00388,Wei Muller,Small Business,United States,North America,Sports & Outdoors,Yoga Mat,1,12.71,0.0,9.3,Credit Card,Completed
ORD-105878,2023-06-15,CUST-00808,Robert Brown,Small Business,United States,North America,Apparel,Baseball Cap,1,27.85,0.0,20.8,PayPal,Completed
ORD-106254,2024-06-19,CUST-00259,Liam Smith,Small Business,Spain,Europe,Apparel,Denim Jacket,1,44.28,0.0,20.91,Credit Card,Cancelled
ORD-104742,2023-03-10,CUST-00154,Linda Silva,Consumer,United States,North America,Home & Kitchen,Coffee Maker,2,131.83,0.0,24.95,Credit Card,Completed
ORD-102941,2023-08-12,CUST-00468,Grace Johnson,Enterprise,United Kingdom,Europe,Sports & Outdoors,Resistance Bands,1,148.08,0.0,17.09,Bank Transfer,Completed
ORD-100707,2023-11-25,CUST-00286,Wei Martinez,Small Business,Australia,Oceania,Home & Kitchen,Throw Pillow,1,123.89,0.0,10.48,PayPal,Completed
ORD-100611,2024-03-07,CUST-00483,Wei Dubois,Consumer,Spain,Europe,Sports & Outdoors,Yoga Mat,3,87.82,0.0,18.45,Bank Transfer,Completed
ORD-105414,2024-12-03,CUST-00234,James Garcia,Consumer,United Kingdom,Europe,Apparel,Baseball Cap,1,36.55,0.0,22.98,Credit Card,Completed
ORD-102937,2024-07-08,CUST-00594,Jennifer Martinez,Consumer,Japan,Asia,Sports & Outdoors,Water Bottle,1,14.04,0.0,11.71,Debit Card,Completed
ORD-100902,2023-09-02,CUST-00137,Mary Williams,Enterprise,Italy,Europe,Beauty,Lip Balm,2,59.58,0.0,16.33,Credit Card,Completed
ORD-105659,2024-11-25,CUST-00438,Patricia Dubois,Consumer,United States,North America,Home & Kitchen,Cutting Board,1,31.29,0.0,8.68,Credit Card,Completed
ORD-102462,2023-12-10,CUST-00054,Tom Khan,Consumer,Brazil,South America,Home & Kitchen,Storage Bin,2,43.64,0.1,2.93,Credit Card,Completed
ORD-100267,2024-08-25,CUST-00794,Sofia Muller,Small Business,Canada,North America,Apparel,Denim Jacket,2,72.21,0.0,7.24,Debit Card,Completed
ORD-101544,2024-04-13,CUST-00301,,,United States,North America,Home & Kitchen,Throw Pillow,3,51.24,0.0,21.04,Credit Card,Completed
ORD-104375,2024-05-26,CUST-00492,Olivia Martinez,Consumer,Germany,Europe,Office,Desk Organizer,2,56.18,0.05,13.58,Credit Card,Completed
ORD-103827,2024-08-19,CUST-00576,Liam Johnson,Consumer,Australia,Oceania,Home & Kitchen,Blender,2,136.33,0.1,17.36,Debit Card,Completed
ORD-105971,2024-05-29,CUST-00295,Olivia Dubois,Consumer,United States,North America,Electronics,Laptop Stand,1,60.9,0.0,9.8,Credit Card,Returned
ORD-102351,2023-12-04,CUST-00684,Hiro Miller,Enterprise,United States,North America,Apparel,Running Shoes,1,32.59,0.05,6.81,Credit Card,Completed
ORD-103824,2023-09-07,CUST-00481,Mary Jones,Consumer,United States,North America,Home & Kitchen,Storage Bin,1,59.96,0.0,20.42,PayPal,Completed
ORD-106077,2024-03-28,CUST-00671,Patricia Smith,Consumer, united states ,North America,Electronics,Laptop Stand,1,75.78,0.0,10.25,Debit Card,Completed
ORD-105212,2024-05-27,CUST-00500,Hiro Silva,Consumer,Italy,Europe,Office,Desk Organizer,1,67.86,0.0,14.65,Bank Transfer,Completed
ORD-100617,2024-09-15,CUST-00375,Carlos Costa,Consumer,Germany,Europe,Electronics,Headphones,1,123.44,0.15,6.58,Credit Card,Completed
ORD-105983,2024-01-04,CUST-00023,Robert Zhang,Consumer,United States,North America,Beauty,Face Serum,2,10.55,0.1,10.46,Credit Card,Completed
ORD-106801,2024-04-22,CUST-00352,Ana Williams,Consumer,Italy,Europe,Apparel,Running Shoes,1,19.96,0.0,10.56,Credit Card,Completed
ORD-104813,2024-06-29,CUST-00275,Patricia Garcia,Small Business,Singapore,Asia,Office,Desk Organizer,2,34.78,0.2,20.16,Credit Card,Completed
ORD-102919,2023-09-23,CUST-00799,Elizabeth Zhang,Enterprise,Canada,North America,Apparel,T-Shirt,1,54.71,0.0,19.7,Bank Transfer,Completed
ORD-104712,2023-08-26,CUST-00618,Linda Dubois,Consumer,India,Asia,Apparel,Wool Socks,1,30.34,0.0,5.05,Credit Card,Completed
ORD-102923,2024-03-27,CUST-00296,Wei Davis,Consumer,United States,North America,Electronics,USB-C Cable,1,214.45,0.1,11.5,Credit Card,Completed
ORD-100763,2024-06-24,CUST-00329,Chen Brown,Enterprise,United Kingdom,Europe,Home & Kitchen,Storage Bin,1,59.89,0.2,21.78,PayPal,Completed
ORD-102209,2024-05-04,CUST-00094,Hiro Rossi,Consumer,United States,North America,Sports & Outdoors,Yoga Mat,2,155.49,0.1,15.9,Debit Card,Completed
ORD-106395,2023-04-13,CUST-00523,Ana Johnson,Consumer,Germany,Europe,Apparel,Denim Jacket,1,83.55,0.0,10.67,Credit Card,Completed
ORD-101127,2024-04-03,CUST-00097,Ines Kumar,Consumer,SINGAPORE,Asia,Beauty,Face Serum,1,21.3,0.0,8.93,PayPal,Returned
ORD-104769,2024-11-15,CUST-00839,Carlos Jones,Small Business,United States,North America,Electronics,Smartphone Case,4,190.22,0.0,3.38,Bank Transfer,Completed
ORD-102630,2024-08-14,CUST-00199,Noah Smith,Consumer,India,Asia,Apparel,T-Shirt,1,57.02,0.0,20.79,Bank Transfer,Returned
ORD-105892,2024-02-12,CUST-00525,Ana Zhang,Small Business,United States,North America,Beauty,Hair Dryer,1,23.36,0.0,20.22,PayPal,Cancelled
ORD-105063,2024-08-28,CUST-00272,Olivia Zhang,Consumer,Australia,Oceania,Home & Kitchen,Cutting Board,3,101.24,0.0,16.19,Credit Card,Completed
ORD-106858,2023-12-02,CUST-00795,Sofia Brown,Consumer,United States,North America,Office,Desk Organizer,1,40.99,0.15,20.61,Credit Card,Completed
ORD-104746,2023-09-18,CUST-00221,Patricia Garcia,Enterprise,UNITED STATES,North America,Beauty,Face Serum,2,6.23,0.05,16.47,Credit Card,Completed
ORD-103939,2024-07-20,CUST-00335,Hiro Williams,Consumer,Spain,Europe,Beauty,Hair Dryer,1,35.46,0.0,19.92,Bank Transfer,Completed
ORD-105540,2024-06-18,CUST-00565,Hiro Jones,,Italy,Europe,Apparel,T-Shirt,1,70.54,0.0,22.56,Bank Transfer,Completed
ORD-102269,2023-09-27,CUST-00319,Mary Dubois,Enterprise,Japan,Asia,Home & Kitchen,Blender,1,86.3,0.0,2.42,PayPal,Completed
ORD-105518,2023-09-22,CUST-00578,Raj Johnson,,Canada,North America,Office,Standing Desk Mat,1,21.77,0.1,16.16,Bank Transfer,Completed
ORD-104644,2024-07-29,CUST-00524,Liam Martinez,Consumer,France,Europe,Beauty,Shampoo,1,41.33,0.0,9.93,Credit Card,Completed
ORD-103111,2024-04-02,CUST-00653,Jennifer Zhang,Consumer,Singapore,Asia,Sports & Outdoors,Resistance Bands,1,103.56,0.0,13.77,PayPal,Completed
ORD-104666,2024-06-09,CUST-00161,John Rodriguez,Consumer,France,Europe,Home & Kitchen,Coffee Maker,1,68.99,0.1,19.47,Credit Card,Completed
ORD-101565,2024-05-10,CUST-00566,Linda Kumar,Consumer,Japan,Asia,Electronics,Smartphone Case,1,19.72,0.0,2.46,Credit Card,Completed
ORD-104966,2023-11-18,CUST-00679,Ana Williams,Small Business,Brazil,South America,Electronics,Headphones,1,142.69,0.0,14.56,Credit Card,Completed
ORD-100511,2024-07-22,CUST-00513,Linda Khan,,Japan,Asia,Sports & Outdoors,Camping Tent,2,26.13,0.05,9.8,Debit Card,Completed
ORD-106108,2024-04-16,CUST-00816,Chen Zhang,Consumer,UNITED KINGDOM,Europe,Sports & Outdoors,Water Bottle,4,91.22,0.1,19.05,PayPal,Completed
ORD-102291,2024-02-24,CUST-00447,,Consumer,United States,North America,Home & Kitchen,Cutting Board,1,98.77,0.0,10.29,Debit Card,Completed
ORD-103944,2023-11-19,CUST-00223,Ahmed Costa,Enterprise,United Kingdom,Europe,Sports & Outdoors,Camping Tent,1,159.32,0.0,24.8,Credit Card,Completed
ORD-103468,2024-08-13,CUST-00280,Carlos Nakamura,Consumer,France,Europe,Beauty,Hair Dryer,1,46.56,0.0,22.95,Credit Card,Completed
ORD-100103,2024-11-09,CUST-00411,Wei Jones,Consumer,United States,North America,Apparel,Running Shoes,1,44.66,0.0,14.71,PayPal,Completed
ORD-102954,2024-09-21,CUST-00421,Sofia Smith,Consumer,United Kingdom,Europe,Electronics,USB-C Cable,1,127.98,0.0,18.44,PayPal,Completed
ORD-105651,2024-08-27,CUST-00413,Ahmed Jones,Consumer,United States,North America,Electronics,Bluetooth Speaker,1,198.92,0.0,3.12,Credit Card,Completed
ORD-100474,2024-03-14,CUST-00075,Emma Muller,Enterprise,United Kingdom,Europe,Sports & Outdoors,Hiking Backpack,1,38.55,0.0,4.43,PayPal,Completed
ORD-100664,2024-05-14,CUST-00197,Elizabeth Brown,Consumer,Brazil,South America,Electronics,Headphones,1,141.59,0.2,11.55,Credit Card,Completed
ORD-102458,2024-08-02,CUST-00543,John Davis,Consumer, united states ,North America,Electronics,Headphones,1,98.91,0.0,5.2,Debit Card,Completed
ORD-104552,2024-04-29,CUST-00598,Michael Miller,Consumer,INDIA,Asia,Electronics,Smartphone Case,1,88.03,0.0,5.79,Credit Card,Completed
ORD-103869,2023-10-14,CUST-00226,Mary Davis,Enterprise,Germany,Europe,Sports & Outdoors,Resistance Bands,2,133.39,0.0,14.02,PayPal,Completed
ORD-102946,2024-09-29,CUST-00276,Jennifer Smith,Consumer,Canada,North America,Electronics,Bluetooth Speaker,1,23.62,0.1,5.69,Credit Card,Completed
ORD-102748,2024-07-31,CUST-00457,Olivia Brown,Consumer,United States,North America,Electronics,Headphones,1,53.02,0.0,16.76,Credit Card,Completed
ORD-106736,2023-03-20,CUST-00369,Linda Williams,Small Business,United States,North America,Sports & Outdoors,Camping Tent,1,124.87,0.1,5.19,Bank Transfer,Completed
ORD-101407,2024-07-04,CUST-00226,Mary Davis,Enterprise,Germany,Europe,Beauty,Shampoo,1,52.28,0.05,19.3,Credit Card,Completed
ORD-102766,2023-11-11,CUST-00136,Mary Rossi,Consumer,Singapore,Asia,Apparel,Wool Socks,1,51.41,0.0,15.22,Credit Card,Cancelled
ORD-102773,2024-03-23,CUST-00049,Noah Martinez,Consumer,United Kingdom,Europe,Apparel,Wool Socks,1,12.15,0.1,15.6,Bank Transfer,Completed
ORD-102040,2023-07-28,CUST-00429,Priya Dubois,Enterprise,United Kingdom,Europe,Beauty,Lip Balm,1,17.97,0.1,21.9,Credit Card,Completed
ORD-101223,2023-12-22,CUST-00096,Tom Rodriguez,Consumer,United Kingdom,Europe,Electronics,Smartphone Case,1,176.43,0.2,23.33,Credit Card,Completed
ORD-105175,2023-07-29,CUST-00801,Lucas Zhang,Small Business,India,Asia,Beauty,Sunscreen SPF50,3,52.62,0.0,4.76,PayPal,Completed
ORD-105213,2024-11-13,CUST-00569,Mia Martinez,Enterprise,United States,North America,Office,Notebook Set,2,18.31,0.1,7.07,Bank Transfer,Completed
ORD-106686,2023-01-03,CUST-00344,Priya Rodriguez,Consumer,India,Asia,Electronics,Headphones,4,85.27,0.05,7.24,Credit Card,Cancelled
ORD-100245,2024-06-12,CUST-00447,Tom Rossi,Consumer,United States,North America,Sports & Outdoors,Camping Tent,1,28.84,0.0,10.37,PayPal,Returned
ORD-101214,2023-09-16,CUST-00103,Hiro Davis,Small Business,Canada,North America,Home & Kitchen,Storage Bin,2,101.12,0.0,4.91,PayPal,Completed
ORD-102142,2023-05-02,CUST-00021,Sofia Muller,Consumer,France,Europe,Apparel,Baseball Cap,1,21.78,0.0,6.46,Credit Card,Completed
ORD-103757,2024-03-14,CUST-00736,Patricia Zhang,Small Business,Germany,Europe,Electronics,Headphones,2,89.71,0.0,19.0,Bank Transfer,Returned
ORD-103788,2023-07-27,CUST-00732,Linda Johnson,Consumer,Japan,Asia,Electronics,Headphones,3,173.7,0.1,23.61,PayPal,Completed
ORD-102655,2024-06-07,CUST-00110,Noah Kumar,Small Business,United Kingdom,Europe,Office,Notebook Set,1,7.52,0.0,20.62,Credit Card,Completed
ORD-106986,2024-08-27,CUST-00663,Patricia Garcia,Small Business,Mexico,South America,Electronics,Laptop Stand,1,130.22,0.0,16.0,Credit Card,Completed
ORD-104898,2024-09-26,CUST-00847,Elizabeth Smith,Consumer,Germany,Europe,Electronics,Laptop Stand,1,177.95,0.0,21.51,Bank Transfer,Completed
ORD-105103,2024-05-22,CUST-00761,Liam Rodriguez,Consumer,United Kingdom,Europe,Beauty,Lip Balm,2,50.94,0.05,12.29,Gift Card,Completed
ORD-106372,2024-11-05,CUST-00685,Robert Martinez,Small Business,United Kingdom,Europe,Beauty,Shampoo,1,12.62,0.1,21.08,Credit Card,Completed
ORD-101790,2024-09-05,CUST-00547,Robert Jones,,India,Asia,Electronics,Laptop Stand,1,195.83,0.1,3.58,Credit Card,Completed
ORD-100446,2024-09-13,CUST-00119,Liam Martinez,Consumer,India,Asia,Electronics,Smartphone Case,1,194.46,0.0,10.11,Credit Card,Returned
ORD-103620,2024-08-20,CUST-00590,Robert Johnson,Consumer,Singapore,Asia,Electronics,USB-C Cable,1,66.46,0.0,4.69,Credit Card,Completed
ORD-101683,2023-12-22,CUST-00401,James Zhang,Consumer,Singapore,Asia,Electronics,USB-C Cable,4,18.99,0.0,13.25,Bank Transfer,Completed
ORD-100831,2023-12-26,CUST-00581,Hiro Jones,Consumer,United States,North America,Home & Kitchen,Coffee Maker,1,149.5,0.0,23.29,Credit Card,Completed
ORD-102851,2023-08-19,CUST-00561,,Small Business,India,Asia,Beauty,Lip Balm,1,6.71,0.0,,Bank Transfer,Cancelled
ORD-104362,2023-06-26,CUST-00330,Noah Johnson,Consumer,Japan,Asia,Sports & Outdoors,Camping Tent,1,17.59,0.0,17.66,Credit Card,Completed
ORD-106847,2024-01-09,CUST-00589,Jennifer Williams,Consumer,MEXICO,South America,Electronics,Smartphone Case,1,109.29,0.0,13.05,Credit Card,Completed
ORD-100597,2024-11-21,CUST-00783,Grace Rossi,Small Business,United States,North America,Sports & Outdoors,Hiking Backpack,3,18.66,0.0,16.99,Credit Card,Completed
ORD-102335,2024-01-07,CUST-00846,Ines Zhang,Small Business,United Kingdom,Europe,Electronics,Laptop Stand,1,80.13,0.1,10.66,Credit Card,Completed
ORD-104037,2023-06-27,CUST-00226,Mary Davis,Enterprise,Germany,Europe,Beauty,Sunscreen SPF50,1,55.08,0.0,7.69,Bank Transfer,Completed
ORD-104814,2024-07-11,CUST-00196,Lucas Silva,Consumer,United Kingdom,Europe,Beauty,Shampoo,1,12.54,0.0,17.87,Credit Card,Completed
ORD-106302,2024-08-18,CUST-00260,Sofia Brown,Small Business,Australia,Oceania,Home & Kitchen,Coffee Maker,1,113.18,0.05,2.31,Credit Card,Completed
ORD-102422,2024-10-13,CUST-00791,Linda Martinez,Consumer,United Kingdom,Europe,Electronics,Bluetooth Speaker,4,203.44,0.0,11.91,PayPal,Returned
ORD-106500,2024-05-17,CUST-00619,Liam Costa,Enterprise,CANADA,North America,Beauty,Face Serum,1,46.23,0.0,7.76,PayPal,Completed
ORD-105375,2024-11-06,CUST-00032,John Davis,Consumer,Spain,Europe,Sports & Outdoors,Water Bottle,1,64.72,0.0,22.53,PayPal,Completed
ORD-106537,2023-08-01,CUST-00824,David Miller,Consumer,Australia,Oceania,Beauty,Lip Balm,5,25.7,0.0,13.28,Credit Card,Completed
ORD-103409,2024-08-31,CUST-00087,Raj Johnson,Consumer,United States,North America,Beauty,Face Serum,3,25.39,0.1,19.81,Credit Card,Completed
ORD-103158,2024-08-31,CUST-00571,Emma Khan,Consumer,Mexico,South America,Beauty,Sunscreen SPF50,1,16.42,0.0,10.54,Debit Card,Completed
ORD-102588,2024-07-03,CUST-00372,Raj Dubois,Enterprise,United States,North America,Beauty,Shampoo,1,33.81,0.0,10.05,PayPal,Completed
ORD-102157,2024-05-12,CUST-00154,Linda Silva,Consumer,United States,North America,Apparel,T-Shirt,1,56.97,0.05,7.57,Bank Transfer,Completed
ORD-104413,2024-11-13,CUST-00129,John Davis,Enterprise,India,Asia,Electronics,Headphones,2,52.85,0.05,8.13,Debit Card,Completed
ORD-104057,2024-07-13,CUST-00405,Wei Zhang,Consumer,Canada,North America,Electronics,Laptop Stand,1,18.55,0.0,19.78,PayPal,Completed
ORD-102729,2024-09-15,CUST-00073,Fatima Williams,Consumer,Brazil,South America,Electronics,USB-C Cable,1,108.7,0.0,21.52,Credit Card,Completed
ORD-106834,2023-06-12,CUST-00649,John Costa,Enterprise,United States,North America,Home & Kitchen,Throw Pillow,1,83.55,0.15,14.09,Gift Card,Completed
ORD-102681,2024-05-05,CUST-00139,Chen Smith,Consumer,UNITED STATES,North America,Office,Wireless Mouse,2,47.47,0.0,5.04,Debit Card,Completed
ORD-103294,2023-11-10,CUST-00331,Mia Silva,Small Business,Japan,Asia,Home & Kitchen,Storage Bin,3,134.82,0.1,4.81,Debit Card,Completed
ORD-100666,2023-08-13,CUST-00539,Ana Costa,Consumer,United States,North America,Office,Desk Organizer,1,11.4,0.0,2.17,Credit Card,Cancelled
ORD-101258,2023-09-24,CUST-00709,Ines Davis,Consumer,United Kingdom,Europe,Electronics,Bluetooth Speaker,2,140.36,0.0,22.93,Credit Card,Completed
ORD-100182,2024-07-27,CUST-00578,Raj Johnson,Small Business,Canada,North America,Electronics,USB-C Cable,1,158.38,0.15,20.56,Credit Card,Completed
ORD-102393,2024-04-30,CUST-00704,Emma Brown,Consumer,FRANCE,Europe,Apparel,Denim Jacket,1,81.9,0.0,9.93,PayPal,Completed
ORD-101562,2024-01-23,CUST-00405,Wei Zhang,Consumer,Canada,North America,Electronics,Laptop Stand,1,41.27,0.0,4.5,Bank Transfer,Completed
ORD-101916,2024-02-29,CUST-00429,Priya Dubois,Enterprise,United Kingdom,Europe,Office,Desk Organizer,1,53.05,0.0,17.09,Bank Transfer,Completed
ORD-100523,2024-06-05,CUST-00720,Ana Garcia,Consumer,United States,North America,Apparel,Wool Socks,2,50.14,0.0,14.37,Credit Card,Completed
ORD-101525,2023-10-09,CUST-00319,Mary Dubois,Enterprise,Japan,Asia,Sports & Outdoors,Resistance Bands,4,153.13,0.2,3.74,PayPal,Completed
ORD-103113,2023-09-18,CUST-00611,Noah Martinez,Enterprise,Germany,Europe,Electronics,Smartphone Case,1,161.05,0.0,13.39,Credit Card,Returned
ORD-105603,2023-06-12,CUST-00714,Ana Costa,Enterprise,Germany,Europe,Apparel,Running Shoes,1,36.91,0.0,2.01,Debit Card,Completed
ORD-105600,2023-06-28,CUST-00757,Robert Tanaka,Small Business,Spain,Europe,Sports & Outdoors,Yoga Mat,1,97.9,0.0,24.63,Credit Card,Completed
ORD-101164,2024-02-24,CUST-00443,Grace Davis,Consumer,Canada,North America,Electronics,Bluetooth Speaker,1,197.68,0.0,4.59,Credit Card,Completed
ORD-106241,2023-12-09,CUST-00295,Olivia Dubois,Consumer,United States,North America,Electronics,Headphones,2,67.53,0.0,8.5,Credit Card,Completed
ORD-106855,2024-10-14,CUST-00663,Patricia Garcia,Small Business, mexico ,South America,Beauty,Sunscreen SPF50,2,41.67,0.0,14.43,PayPal,Completed
ORD-103284,2023-08-27,CUST-00785,,Consumer,Germany,Europe,Beauty,Face Serum,1,13.63,0.0,18.19,Debit Card,Completed
ORD-100333,2023-01-22,CUST-00408,James Jones,Enterprise,Italy,Europe,Office,Desk Organizer,1,40.28,0.0,14.66,Credit Card,Cancelled
ORD-105609,2023-11-14,CUST-00630,Ahmed Brown,Small Business,Germany,Europe,Home & Kitchen,Storage Bin,2,67.94,0.0,16.56,Bank Transfer,Completed
ORD-105761,2024-01-14,CUST-00640,John Tanaka,Consumer,Brazil,South America,Electronics,USB-C Cable,1,30.48,0.15,15.6,Bank Transfer,Returned
ORD-103527,2024-10-05,CUST-00750,Elizabeth Silva,Consumer,United Kingdom,Europe,Beauty,Lip Balm,1,26.84,0.1,9.99,Credit Card,Completed
ORD-100722,2023-08-13,CUST-00251,Emma Garcia,Consumer,Canada,North America,Electronics,Headphones,1,89.79,0.0,3.51,Credit Card,Completed
ORD-101114,2024-12-02,CUST-00665,Chen Miller,Consumer,Germany,Europe,Apparel,Running Shoes,3,63.7,0.0,7.74,PayPal,Completed
ORD-102384,2024-01-09,CUST-00540,Olivia Zhang,Enterprise,United States,North America,Apparel,Wool Socks,1,71.38,0.0,6.02,Credit Card,Completed
ORD-103306,2024-05-03,CUST-00797,Wei Tanaka,Consumer,Spain,Europe,Home & Kitchen,Coffee Maker,1,87.81,0.0,2.63,Credit Card,Completed
ORD-105857,2023-10-09,CUST-00794,Sofia Muller,Small Business,Canada,North America,Home & Kitchen,Throw Pillow,1,102.25,0.0,22.68,Bank Transfer,Completed
ORD-106555,2024-02-13,CUST-00526,Carlos Jones,,Singapore,Asia,Beauty,Sunscreen SPF50,2,28.25,0.0,12.11,Debit Card,Completed
ORD-102199,2024-05-09,CUST-00402,Priya Tanaka,Consumer,United States,North America,Apparel,Denim Jacket,1,41.78,0.0,7.17,PayPal,Completed
ORD-100988,2024-04-27,CUST-00128,Tom Dubois,Small Business,Germany,Europe,Apparel,Baseball Cap,1,35.62,0.05,21.53,Credit Card,Completed
ORD-104854,2024-05-09,CUST-00731,Tom Williams,Consumer,India,Asia,Office,Desk Organizer,1,37.56,0.0,22.67,Gift Card,Completed
ORD-100836,2024-02-28,CUST-00546,,Consumer,Brazil,South America,Office,Pen Pack,1,18.57,0.0,22.87,Credit Card,Completed
ORD-106411,2024-07-09,CUST-00425,Fatima Davis,Consumer,United States,North America,Office,Standing Desk Mat,2,24.68,0.0,5.53,Debit Card,Completed
ORD-106229,2024-08-02,CUST-00109,Tom Costa,Small Business,Japan,Asia,Apparel,T-Shirt,4,75.04,0.0,19.39,Credit Card,Completed
ORD-101929,2023-11-04,CUST-00593,Tom Tanaka,Consumer,UNITED KINGDOM,Europe,Apparel,Baseball Cap,1,89.28,0.0,24.08,Credit Card,Completed
ORD-101911,2024-08-25,CUST-00655,Mia Zhang,Consumer,India,Asia,Electronics,Smartphone Case,1,57.4,0.0,16.76,Credit Card,Completed
ORD-106895,2023-11-22,CUST-00441,Linda Martinez,Consumer,United States,North America,Beauty,Shampoo,2,49.79,0.0,12.63,Credit Card,Returned
ORD-105249,2024-04-30,CUST-00165,Olivia Muller,Consumer,Japan,Asia,Home & Kitchen,Cutting Board,2,27.13,0.0,4.83,Gift Card,Completed
ORD-100537,2023-09-15,CUST-00254,Liam Martinez,Small Business,United States,North America,Electronics,Bluetooth Speaker,1,211.23,0.0,10.19,Credit Card,Returned
ORD-101096,2024-05-03,CUST-00747,Tom Davis,Consumer,United Kingdom,Europe,Electronics,Laptop Stand,1,148.04,0.0,19.97,Bank Transfer,Returned
ORD-103034,2023-04-15,CUST-00330,Noah Johnson,Consumer,Japan,Asia,Home & Kitchen,Cutting Board,1,33.82,0.0,21.75,Credit Card,Completed
ORD-105686,2024-06-16,CUST-00358,Tom Silva,Consumer,Brazil,South America,Home & Kitchen,Cutting Board,1,78.3,0.0,10.24,Credit Card,Completed
ORD-105867,2023-09-05,CUST-00027,Patricia Zhang,,Italy,Europe,Beauty,Hair Dryer,1,26.3,0.15,10.08,Credit Card,Completed
ORD-102135,2024-04-13,CUST-00207,James Williams,Consumer,Japan,Asia,Apparel,Baseball Cap,1,74.46,0.15,7.77,Credit Card,Completed
ORD-101376,2024-04-06,CUST-00004,Chen Martinez,Consumer,Brazil,South America,Sports & Outdoors,Resistance Bands,1,87.8,0.0,6.59,Debit Card,Completed
ORD-102375,2024-03-21,CUST-00498,Fatima Costa,Small Business,Japan,Asia,Home & Kitchen,Cutting Board,1,79.46,0.1,13.62,Credit Card,Completed
ORD-103364,2023-12-03,CUST-00799,Elizabeth Zhang,Enterprise,Canada,North America,Home & Kitchen,Coffee Maker,1,92.71,0.0,12.82,Credit Card,Completed
ORD-100622,2023-12-24,CUST-00268,Fatima Miller,Enterprise,Spain,Europe,Home & Kitchen,Cutting Board,1,49.67,0.0,15.42,Credit Card,Completed
ORD-104018,2024-10-06,CUST-00037,Robert Johnson,Enterprise,Germany,Europe,Electronics,USB-C Cable,1,37.97,0.0,15.75,PayPal,Cancelled
ORD-101773,2024-05-16,CUST-00485,Mia Rossi,Enterprise,United Kingdom,Europe,Home & Kitchen,Throw Pillow,2,121.1,0.0,17.31,Debit Card,Completed
ORD-100564,2024-07-27,CUST-00433,Emma Johnson,Consumer,India,Asia,Sports & Outdoors,Resistance Bands,2,64.38,0.0,5.18,Credit Card,Completed
ORD-105076,2024-07-18,CUST-00075,Emma Muller,Enterprise,United Kingdom,Europe,Beauty,Hair Dryer,1,42.98,0.0,15.9,Gift Card,Cancelled
ORD-101831,2024-04-03,CUST-00212,Mary Davis,Consumer,United States,North America,Beauty,Hair Dryer,2,33.32,0.0,4.15,Credit Card,Completed
ORD-101484,2023-06-03,CUST-00421,Sofia Smith,,United Kingdom,Europe,Apparel,T-Shirt,1,19.28,0.1,23.82,Debit Card,Completed
ORD-102001,2024-04-28,CUST-00842,Hiro Silva,Enterprise,United States,North America,Apparel,T-Shirt,1,54.12,0.0,3.02,Debit Card,Completed
ORD-102205,2024-06-20,CUST-00359,Chen Rossi,Consumer,France,Europe,Electronics,Bluetooth Speaker,1,184.98,0.1,14.71,Credit Card,Completed
ORD-103862,2024-07-24,CUST-00043,Jennifer Miller,Consumer,United States,North America,Apparel,T-Shirt,1,76.74,0.0,4.94,PayPal,Completed
ORD-102200,2023-06-27,CUST-00177,,Consumer,India,Asia,Sports & Outdoors,Hiking Backpack,2,51.01,0.05,23.18,Gift Card,Completed
ORD-104165,2023-11-28,CUST-00641,Raj Martinez,Consumer,Germany,Europe,Apparel,Baseball Cap,1,69.13,0.0,17.03,Gift Card,Completed
ORD-104175,2024-06-21,CUST-00013,Sofia Williams,Consumer,Canada,North America,Apparel,T-Shirt,1,42.91,0.0,19.28,Credit Card,Completed
ORD-104321,2024-09-11,CUST-00027,Patricia Zhang,Small Business,Italy,Europe,Beauty,Lip Balm,3,26.34,0.0,21.53,Debit Card,Completed
ORD-105213,2024-11-13,CUST-00569,Mia Martinez,Enterprise,United States,North America,Office,Notebook Set,2,18.31,0.1,7.07,Bank Transfer,Completed
ORD-100141,2023-09-07,CUST-00797,Wei Tanaka,Consumer,Spain,Europe,Apparel,Denim Jacket,1,13.05,0.0,11.84,Credit Card,Completed
ORD-104028,2024-05-18,CUST-00562,Lucas Garcia,Consumer,Canada,North America,Beauty,Face Serum,4,54.68,0.0,6.84,Debit Card,Completed
ORD-102453,2024-02-14,CUST-00085,David Martinez,Consumer,Canada,North America,Home & Kitchen,Coffee Maker,1,42.3,0.0,4.49,Credit Card,Completed
ORD-106086,2023-08-02,CUST-00356,Carlos Nakamura,Consumer,India,Asia,Electronics,USB-C Cable,1,217.2,0.0,2.67,Debit Card,Completed
ORD-100595,2023-07-03,CUST-00396,Mary Costa,Consumer,Mexico,South America,Office,Wireless Mouse,1,24.13,0.0,23.74,Debit Card,Returned
ORD-106504,2024-06-04,CUST-00097,Ines Kumar,Consumer,Singapore,Asia,Office,Standing Desk Mat,1,53.01,0.0,6.59,PayPal,Completed
ORD-104161,2024-01-20,CUST-00551,Mia Garcia,Consumer,Canada,North America,Apparel,Baseball Cap,1,87.39,0.1,24.06,Debit Card,Completed
ORD-104706,2024-10-08,CUST-00411,Wei Jones,Consumer,United States,North America,Home & Kitchen,Throw Pillow,3,135.18,0.0,10.35,Bank Transfer,Completed
ORD-102467,2024-08-13,CUST-00006,Sofia Jones,Consumer,United States,North America,Electronics,Smartphone Case,1,136.53,0.0,7.74,Credit Card,Completed
ORD-105790,2024-03-05,CUST-00283,Mia Davis,Small Business,United States,North America,Home & Kitchen,Coffee Maker,2,131.34,0.05,10.93,Bank Transfer,Completed
ORD-105771,2024-10-21,CUST-00384,Michael Rossi,Consumer,Australia,Oceania,Beauty,Face Serum,2,5.21,0.0,2.27,Credit Card,Completed
ORD-101842,2024-01-13,CUST-00781,Elizabeth Brown,Consumer, india ,Asia,Electronics,Smartphone Case,1,216.66,0.0,21.23,Credit Card,Completed
ORD-104469,2024-07-25,CUST-00550,Jennifer Khan,Enterprise,Japan,Asia,Office,Desk Organizer,2,54.7,0.2,14.82,Gift Card,Completed
ORD-100893,2023-07-18,CUST-00047,Liam Khan,Consumer, germany ,Europe,Sports & Outdoors,Water Bottle,1,80.6,0.0,11.92,Debit Card,Completed
ORD-104414,2024-08-07,CUST-00631,Mary Jones,Small Business,France,Europe,Electronics,USB-C Cable,1,197.92,0.0,2.56,PayPal,Completed
ORD-103841,2023-05-15,CUST-00522,Fatima Dubois,Small Business,Germany,Europe,Home & Kitchen,Throw Pillow,2,31.66,0.0,16.26,PayPal,Completed
ORD-103733,2023-08-04,CUST-00025,Grace Rossi,,United States,North America,Apparel,Baseball Cap,1,78.47,0.05,7.51,PayPal,Completed
ORD-103009,2024-08-01,CUST-00783,Grace Rossi,Small Business,United States,North America,Home & Kitchen,Storage Bin,2,11.02,0.0,12.59,Gift Card,Completed
ORD-102324,2023-09-30,CUST-00811,Mary Costa,Small Business,France,Europe,Office,Standing Desk Mat,5,25.22,0.0,18.69,Credit Card,Completed
ORD-101060,2024-01-18,CUST-00230,Raj Nakamura,Small Business,France,Europe,Beauty,Hair Dryer,2,53.74,0.0,5.51,Credit Card,Completed
ORD-105741,2024-05-18,CUST-00729,Ines Kumar,Consumer,Japan,Asia,Office,Wireless Mouse,1,16.86,0.0,12.77,Credit Card,Completed
ORD-101176,2024-06-13,CUST-00849,John Kumar,Consumer,Mexico,South America,Beauty,Face Serum,1,35.94,0.0,20.38,Credit Card,Completed
ORD-104054,2024-11-04,CUST-00821,Grace Rossi,Small Business,United States,North America,Office,Notebook Set,1,25.3,0.0,13.45,Bank Transfer,Completed
ORD-101758,2023-09-15,CUST-00361,Fatima Jones,Enterprise,Brazil,South America,Home & Kitchen,Blender,1,148.56,0.0,10.0,Debit Card,Completed
ORD-101133,2024-07-23,CUST-00351,Ines Muller,Consumer,Canada,North America,Sports & Outdoors,Water Bottle,1,39.03,0.0,21.41,Credit Card,Completed
ORD-100413,2023-11-30,CUST-00808,Robert Brown,Small Business,United States,North America,Sports & Outdoors,Camping Tent,1,33.53,0.05,12.43,Debit Card,Completed
ORD-105335,2024-02-28,CUST-00663,,Small Business,Mexico,South America,Home & Kitchen,Storage Bin,1,72.42,0.05,17.42,Debit Card,Completed
ORD-100906,2024-04-06,CUST-00528,John Miller,Consumer,Canada,North America,Apparel,T-Shirt,2,80.02,0.05,11.38,Credit Card,Completed
ORD-102022,2024-04-13,CUST-00396,Mary Costa,Consumer,Mexico,South America,Office,Desk Organizer,1,15.79,0.0,24.96,Credit Card,Completed
ORD-100009,2024-10-18,CUST-00299,Liam Khan,Enterprise, canada ,North America,Apparel,Running Shoes,1,42.64,0.0,8.64,Credit Card,Completed
ORD-106268,2023-08-18,CUST-00213,Ines Muller,Small Business,Japan,Asia,Electronics,USB-C Cable,1,78.47,0.2,7.49,Debit Card,Returned
ORD-102721,2024-04-18,CUST-00686,James Martinez,Enterprise,Germany,Europe,Apparel,Wool Socks,1,89.64,0.0,18.32,Credit Card,Completed
ORD-100843,2024-02-21,CUST-00568,John Nakamura,Consumer,Spain,Europe,Sports & Outdoors,Yoga Mat,1,28.12,0.1,14.81,Credit Card,Completed
ORD-104244,2024-05-17,CUST-00358,Tom Silva,Consumer,Brazil,South America,Beauty,Hair Dryer,2,8.1,0.0,7.57,Credit Card,Completed
ORD-102800,2023-07-31,CUST-00552,David Williams,Enterprise,United Kingdom,Europe,Sports & Outdoors,Camping Tent,1,153.09,0.0,7.8,Credit Card,Returned
ORD-106653,2024-06-14,CUST-00588,Fatima Brown,Consumer,United States,North America,Apparel,Wool Socks,4,53.89,0.0,3.9,PayPal,Completed
ORD-102899,2024-07-09,CUST-00731,Tom Williams,Consumer,India,Asia,Sports & Outdoors,Water Bottle,3,159.71,0.0,4.97,Credit Card,Completed
ORD-102756,2024-10-16,CUST-00082,Wei Kumar,Small Business,Australia,Oceania,Apparel,Baseball Cap,3,82.97,0.0,5.47,Credit Card,Completed
ORD-100184,2023-10-09,CUST-00083,Ana Silva,Consumer,United Kingdom,Europe,Electronics,USB-C Cable,2,57.04,0.0,16.13,Debit Card,Completed
ORD-104317,2024-10-07,CUST-00395,Ana Johnson,Consumer,United States,North America,Electronics,Smartphone Case,1,151.33,0.2,16.6,Credit Card,Returned
ORD-100163,2024-06-10,CUST-00348,Elizabeth Muller,Small Business,Italy,Europe,Home & Kitchen,Coffee Maker,3,34.13,0.0,15.0,PayPal,Completed
ORD-103568,2024-04-30,CUST-00828,Grace Jones,Consumer,UNITED KINGDOM,Europe,Electronics,Smartphone Case,3,92.89,0.0,16.13,Credit Card,Completed
ORD-105194,2023-11-23,CUST-00275,Patricia Garcia,Small Business,Singapore,Asia,Electronics,Laptop Stand,1,27.32,0.15,15.88,Credit Card,Completed
ORD-101307,2024-04-07,CUST-00316,Jennifer Jones,Small Business,Australia,Oceania,Home & Kitchen,Throw Pillow,1,148.28,0.0,2.8,Credit Card,Completed
ORD-101084,2023-10-30,CUST-00789,Patricia Muller,Small Business,Canada,North America,Electronics,Headphones,1,46.66,0.1,12.32,Debit Card,Completed
ORD-103694,2024-03-29,CUST-00613,Olivia Smith,Consumer,India,Asia,Electronics,USB-C Cable,2,149.46,0.0,7.99,PayPal,Completed
ORD-106505,2024-03-23,CUST-00270,Mary Brown,Consumer, mexico ,South America,Electronics,Bluetooth Speaker,1,101.24,0.0,14.81,Debit Card,Completed
ORD-101486,2024-08-30,CUST-00201,Raj Martinez,Small Business,Brazil,South America,Electronics,Headphones,3,46.39,0.0,19.04,Credit Card,Completed
ORD-102587,2023-09-05,CUST-00289,Sofia Williams,,Australia,Oceania,Electronics,Smartphone Case,3,163.87,0.0,24.46,Debit Card,Completed
ORD-105923,2024-02-25,CUST-00136,Mary Rossi,Consumer,Singapore,Asia,Apparel,Baseball Cap,1,89.03,0.0,3.46,Debit Card,Completed
ORD-100276,2024-03-19,CUST-00278,Jennifer Zhang,Consumer,Italy,Europe,Home & Kitchen,Storage Bin,1,92.88,0.0,21.59,Credit Card,Completed
ORD-105672,2024-08-30,CUST-00290,Chen Khan,Consumer,United States,North America,Apparel,Wool Socks,1,48.48,0.15,10.91,PayPal,Completed
ORD-103723,2024-06-14,CUST-00570,Olivia Rodriguez,Small Business,United Kingdom,Europe,Home & Kitchen,Coffee Maker,1,61.0,0.0,16.17,Credit Card,Completed
ORD-100480,2023-07-16,CUST-00707,Tom Williams,Consumer,Canada,North America,Home & Kitchen,Throw Pillow,1,83.98,0.0,3.0,PayPal,Completed
ORD-100096,2024-04-28,CUST-00694,Jennifer Smith,Consumer,United States,North America,Home & Kitchen,Throw Pillow,1,80.84,0.0,,PayPal,Completed
ORD-103262,2024-01-20,CUST-00330,Noah Johnson,Consumer,Japan,Asia,Apparel,Denim Jacket,1,73.28,0.0,5.98,Credit Card,Returned
ORD-100222,2023-05-29,CUST-00086,Grace Tanaka,Small Business,United States,North America,Electronics,Smartphone Case,1,217.88,0.0,8.32,Bank Transfer,Completed
ORD-105529,2023-11-02,CUST-00469,Hiro Brown,Consumer,Mexico,South America,Electronics,Headphones,1,94.96,0.0,21.26,PayPal,Completed
ORD-102572,2024-04-02,CUST-00621,Mia Zhang,Enterprise,Mexico,South America,Home & Kitchen,Throw Pillow,2,64.31,0.0,7.11,Bank Transfer,Completed
ORD-100713,2024-06-13,CUST-00482,Ines Johnson,Consumer,France,Europe,Home & Kitchen,Coffee Maker,2,62.53,0.0,10.48,Credit Card,Completed
ORD-100102,2024-03-28,CUST-00068,Elizabeth Nakamura,Consumer,United States,North America,Sports & Outdoors,Resistance Bands,1,11.14,0.05,20.24,PayPal,Completed
ORD-104815,2023-07-13,CUST-00703,Ahmed Tanaka,Enterprise,United Kingdom,Europe,Beauty,Lip Balm,1,29.17,0.1,6.16,Credit Card,Returned
ORD-106709,2024-09-02,CUST-00630,Ahmed Brown,Small Business, germany ,Europe,Sports & Outdoors,Camping Tent,2,16.24,0.0,3.75,Debit Card,Completed
ORD-103528,2024-10-21,CUST-00265,Mia Miller,Consumer,United States,North America,Electronics,Headphones,4,91.72,0.0,2.1,Credit Card,Cancelled
ORD-102985,2024-04-29,CUST-00659,Grace Brown,Consumer,Germany,Europe,Apparel,Baseball Cap,1,60.51,0.05,17.12,Credit Card,Completed
ORD-105772,2024-10-25,CUST-00747,Tom Davis,Consumer,United Kingdom,Europe,Sports & Outdoors,Hiking Backpack,1,72.59,0.0,3.99,Bank Transfer,Completed
ORD-104878,2024-02-04,CUST-00729,Ines Kumar,Consumer,Japan,Asia,Office,Wireless Mouse,4,61.86,0.0,24.35,Credit Card,Completed
ORD-106074,2024-06-21,CUST-00800,Priya Brown,Consumer,France,Europe,Beauty,Sunscreen SPF50,5,30.83,0.0,20.35,PayPal,Completed
ORD-100562,2024-12-18,CUST-00343,Wei Dubois,Consumer,India,Asia,Office,Wireless Mouse,1,37.83,0.1,24.67,Debit Card,Completed
ORD-104466,2023-06-20,CUST-00058,Lucas Kumar,Consumer,Brazil,South America,Home & Kitchen,Throw Pillow,1,88.09,0.0,2.41,PayPal,Returned
ORD-100748,2024-06-05,CUST-00087,Raj Johnson,Consumer,United States,North America,Electronics,Laptop Stand,1,190.49,0.0,23.29,Bank Transfer,Cancelled
ORD-101183,2024-08-07,CUST-00522,Fatima Dubois,Small Business,Germany,Europe,Home & Kitchen,Coffee Maker,1,146.98,0.0,10.62,PayPal,Completed
ORD-103474,2023-07-14,CUST-00677,Chen Kumar,Consumer,United States,North America,Electronics,Bluetooth Speaker,-2,83.01,0.2,2.28,Bank Transfer,Completed
ORD-105154,2024-09-21,CUST-00251,Emma Garcia,Consumer,Canada,North America,Home & Kitchen,Blender,5,82.54,0.0,6.37,Credit Card,Completed
ORD-101356,2024-02-07,CUST-00705,Hiro Brown,Small Business,United States,North America,Apparel,Baseball Cap,3,86.5,0.0,8.31,Credit Card,Completed
ORD-106717,2023-09-27,CUST-00471,Noah Costa,Enterprise,Singapore,Asia,Apparel,Wool Socks,5,51.03,0.0,8.99,PayPal,Completed
ORD-100572,2023-04-30,CUST-00346,Jennifer Silva,Consumer,United Kingdom,Europe,Apparel,Running Shoes,1,41.49,0.0,15.44,Credit Card,Completed
ORD-104353,2024-03-21,CUST-00301,Mary Martinez,Consumer,United States,North America,Apparel,T-Shirt,1,57.32,0.1,9.74,Credit Card,Completed
ORD-102699,2023-04-23,CUST-00412,Elizabeth Muller,Consumer,United States,North America,Home & Kitchen,Coffee Maker,1,21.23,0.1,10.15,Credit Card,Completed
ORD-100579,2024-09-12,CUST-00166,,Consumer,SPAIN,Europe,Apparel,Baseball Cap,1,82.54,0.0,10.0,PayPal,Completed
ORD-102409,2024-09-08,CUST-00477,Olivia Khan,Consumer,Brazil,South America,Beauty,Hair Dryer,1,35.89,0.0,4.0,Debit Card,Completed
ORD-101715,2024-11-17,CUST-00339,Emma Miller,Consumer,Italy,Europe,Sports & Outdoors,Resistance Bands,5,27.72,0.0,23.16,Debit Card,Completed
ORD-104530,2024-09-12,CUST-00387,Robert Rodriguez,Small Business,United States,North America,Apparel,Denim Jacket,1,84.21,0.0,9.16,Credit Card,Completed
ORD-103415,2024-10-05,CUST-00111,Jennifer Tanaka,Consumer,India,Asia,Sports & Outdoors,Camping Tent,1,98.45,0.0,13.37,Credit Card,Completed
ORD-102517,2024-05-09,CUST-00235,Jennifer Brown,Small Business,United Kingdom,Europe,Home & Kitchen,Throw Pillow,1,122.95,0.0,4.05,Gift Card,Completed
ORD-104757,2024-07-24,CUST-00462,Priya Nakamura,Enterprise,United States,North America,Sports & Outdoors,Hiking Backpack,2,55.88,0.0,24.53,PayPal,Completed
ORD-104087,2023-09-13,CUST-00770,Noah Rodriguez,Consumer,Australia,Oceania,Sports & Outdoors,Camping Tent,1,132.46,0.2,13.51,Credit Card,Completed
ORD-101666,2024-07-22,CUST-00129,John Davis,Enterprise,India,Asia,Electronics,Laptop Stand,2,125.06,0.15,6.11,Credit Card,Completed
ORD-106264,2023-10-15,CUST-00498,Fatima Costa,Small Business,Japan,Asia,Apparel,T-Shirt,2,13.82,0.0,6.41,PayPal,Completed
ORD-104609,2024-05-30,CUST-00511,Linda Miller,Consumer,France,Europe,Sports & Outdoors,Camping Tent,1,68.45,0.1,13.05,PayPal,Completed
ORD-106014,2024-05-23,CUST-00740,Olivia Dubois,Enterprise,United Kingdom,Europe,Office,Wireless Mouse,2,10.68,0.0,7.96,Debit Card,Completed
ORD-101902,2024-03-22,CUST-00316,Jennifer Jones,Small Business,Australia,Oceania,Sports & Outdoors,Yoga Mat,1,91.76,0.0,9.13,Bank Transfer,Completed
ORD-105491,2023-09-19,CUST-00410,Fatima Martinez,Enterprise,United States,North America,Electronics,Laptop Stand,1,117.06,0.0,16.11,Credit Card,Completed
ORD-100014,2024-05-25,CUST-00517,Jennifer Miller,Consumer,United States,North America,Apparel,T-Shirt,1,58.37,0.0,12.85,PayPal,Completed
ORD-106318,2023-08-13,CUST-00724,Ana Kumar,Consumer, canada ,North America,Beauty,Shampoo,1,13.5,0.0,21.62,PayPal,Returned
ORD-106859,2024-07-13,CUST-00513,Linda Khan,Small Business,Japan,Asia,Apparel,T-Shirt,1,70.82,0.0,7.58,Debit Card,Completed
ORD-101168,2023-12-24,CUST-00028,Ahmed Rodriguez,Small Business,United States,North America,Home & Kitchen,Cutting Board,1,13.6,0.0,14.69,Credit Card,Returned
ORD-102893,2024-04-12,CUST-00084,Ines Rodriguez,Small Business,Australia,Oceania,Office,Wireless Mouse,1,31.31,0.0,18.86,PayPal,Completed
ORD-102417,2024-05-16,CUST-00850,Sofia Brown,Consumer,United Kingdom,Europe,Beauty,Lip Balm,1,50.04,0.05,17.34,Credit Card,Completed
ORD-101345,2024-09-07,CUST-00065,James Williams,Small Business,United States,North America,Office,Desk Organizer,1,46.98,0.0,12.03,PayPal,Completed
ORD-100214,2024-12-05,CUST-00308,Fatima Costa,Small Business,France,Europe,Electronics,Laptop Stand,1,200.65,0.0,2.93,PayPal,Completed
ORD-100651,2023-10-05,CUST-00367,David Rossi,Consumer,United States,North America,Apparel,Denim Jacket,3,76.41,0.1,6.35,Debit Card,Returned
ORD-101716,2023-04-21,CUST-00613,Olivia Smith,Consumer,India,Asia,Home & Kitchen,Cutting Board,2,106.01,0.0,6.78,Debit Card,Completed
ORD-102503,2023-10-07,CUST-00646,Mary Williams,Consumer,Spain,Europe,Home & Kitchen,Throw Pillow,1,55.4,0.0,9.85,PayPal,Completed
ORD-102421,2024-10-31,CUST-00573,Michael Miller,Small Business,Italy,Europe,Office,Notebook Set,2,16.55,0.05,4.81,PayPal,Completed
ORD-103813,2024-08-06,CUST-00667,James Costa,Consumer,Singapore,Asia,Electronics,Headphones,1,122.55,0.0,,PayPal,Completed
ORD-104809,2024-01-06,CUST-00839,Carlos Jones,Small Business,United States,North America,Office,Wireless Mouse,3,9.36,0.0,20.56,Debit Card,Completed
ORD-103509,2023-09-10,CUST-00579,Emma Rossi,Small Business,Australia,Oceania,Beauty,Shampoo,2,26.61,0.0,10.68,PayPal,Completed
ORD-100001,2024-04-20,CUST-00468,Grace Johnson,,United Kingdom,Europe,Beauty,Lip Balm,1,57.25,0.0,2.58,Credit Card,Completed
ORD-101652,2024-07-31,CUST-00792,Ana Garcia,Consumer,United States,North America,Office,Standing Desk Mat,1,4.38,0.0,12.08,Credit Card,Completed
ORD-101387,2024-07-20,CUST-00738,Ana Martinez,Small Business,Germany,Europe,Home & Kitchen,Throw Pillow,2,75.27,0.0,22.36,PayPal,Completed
ORD-105973,2024-06-19,CUST-00255,Lucas Smith,Consumer,Brazil,South America,Beauty,Shampoo,1,44.66,0.0,18.28,PayPal,Returned
ORD-105925,2024-07-22,CUST-00146,Sofia Jones,Consumer,Germany,Europe,Office,Standing Desk Mat,3,44.71,0.0,23.12,Gift Card,Completed
ORD-103022,2024-06-27,CUST-00149,James Garcia,Small Business,Mexico,South America,Apparel,Denim Jacket,4,59.39,0.0,13.27,Bank Transfer,Completed
ORD-101967,2023-06-05,CUST-00165,,Consumer,Japan,Asia,Electronics,Laptop Stand,1,125.14,0.0,13.09,Bank Transfer,Completed
ORD-106095,2023-07-01,CUST-00155,Linda Dubois,Consumer, france ,Europe,Beauty,Face Serum,1,40.67,0.1,17.33,Debit Card,Completed
ORD-105239,2024-06-09,CUST-00286,Wei Martinez,Small Business,Australia,Oceania,Office,Notebook Set,1,48.8,0.1,14.38,PayPal,Completed
ORD-100522,2024-05-22,CUST-00319,Mary Dubois,Enterprise,Japan,Asia,Home & Kitchen,Throw Pillow,2,108.5,0.0,24.71,Gift Card,Completed
ORD-102715,2024-06-22,CUST-00539,Ana Costa,Consumer,United States,North America,Apparel,Baseball Cap,1,58.72,0.0,5.63,Credit Card,Returned
ORD-106219,2023-10-16,CUST-00189,Noah Silva,Small Business,India,Asia,Sports & Outdoors,Yoga Mat,1,65.88,0.0,17.2,Credit Card,Completed
ORD-102646,2024-08-08,CUST-00045,Grace Zhang,Consumer,Spain,Europe,Home & Kitchen,Cutting Board,2,110.13,0.0,12.99,Credit Card,Completed
ORD-101709,2024-04-19,CUST-00657,Emma Martinez,Consumer,United Kingdom,Europe,Office,Pen Pack,1,31.44,0.15,16.56,Debit Card,Completed
ORD-106203,2024-01-23,CUST-00760,Carlos Jones,Small Business,Italy,Europe,Beauty,Lip Balm,1,19.21,0.0,24.42,Debit Card,Cancelled
ORD-100195,2024-05-31,CUST-00176,Emma Davis,Enterprise,Mexico,South America,Apparel,Denim Jacket,1,64.42,0.05,24.94,Credit Card,Completed
ORD-101593,2024-06-12,CUST-00797,Wei Tanaka,Consumer,Spain,Europe,Electronics,Smartphone Case,1,22.83,0.0,14.26,Credit Card,Completed
ORD-105920,2023-07-01,CUST-00646,Mary Williams,Consumer,Spain,Europe,Sports & Outdoors,Resistance Bands,1,99.31,0.0,14.83,PayPal,Returned
ORD-106557,2024-04-03,CUST-00443,Grace Davis,Consumer,Canada,North America,Electronics,Headphones,2,68.06,0.0,9.52,Debit Card,Completed
ORD-106337,2024-07-25,CUST-00511,Linda Miller,Consumer,France,Europe,Office,Desk Organizer,1,18.02,0.0,8.14,Credit Card,Completed
ORD-105554,2024-02-04,CUST-00035,Sofia Garcia,,Japan,Asia,Apparel,Denim Jacket,1,18.52,0.1,4.91,Credit Card,Completed
ORD-101635,2024-01-20,CUST-00052,Elizabeth Zhang,Consumer,Italy,Europe,Home & Kitchen,Blender,1,104.68,0.0,4.73,PayPal,Completed
ORD-101410,2023-12-10,CUST-00625,Linda Nakamura,Enterprise,Brazil,South America,Apparel,Baseball Cap,3,11.2,0.0,16.33,Debit Card,Completed
ORD-103678,2024-06-14,CUST-00347,Sofia Rodriguez,Consumer,United States,North America,Apparel,Running Shoes,1,48.68,0.15,20.19,Gift Card,Completed
ORD-103807,2023-08-28,CUST-00365,Mia Garcia,Consumer,FRANCE,Europe,Apparel,Baseball Cap,1,49.1,0.2,14.41,Credit Card,Completed
ORD-101681,2024-04-12,CUST-00374,Liam Rossi,Small Business,United States,North America,Home & Kitchen,Blender,2,47.21,0.0,21.54,PayPal,Completed
ORD-100741,2024-02-20,CUST-00009,Yuki Khan,Consumer,Germany,Europe,Electronics,USB-C Cable,1,37.38,0.05,24.57,Bank Transfer,Completed
ORD-100054,2024-06-06,CUST-00723,Chen Rossi,Consumer,UNITED KINGDOM,Europe,Home & Kitchen,Throw Pillow,1,120.59,0.0,7.29,Bank Transfer,Completed
ORD-101556,2024-01-08,CUST-00138,John Muller,Consumer,Australia,Oceania,Apparel,Denim Jacket,1,25.98,0.0,16.31,Debit Card,Cancelled
ORD-106384,2024-02-16,CUST-00732,Linda Johnson,Consumer,Japan,Asia,Electronics,Headphones,2,184.86,0.1,23.8,PayPal,Completed
ORD-100060,2024-06-30,CUST-00192,Emma Khan,Small Business,Germany,Europe,Sports & Outdoors,Yoga Mat,1,139.36,0.0,12.43,PayPal,Returned
ORD-103010,2024-07-01,CUST-00499,Ines Rodriguez,Small Business,Australia,Oceania,Beauty,Shampoo,1,30.45,0.0,13.18,Credit Card,Completed
ORD-106732,2024-08-13,CUST-00438,Patricia Dubois,Consumer,United States,North America,Apparel,T-Shirt,1,42.7,0.1,3.22,Credit Card,Completed
ORD-100972,2024-09-06,CUST-00111,Jennifer Tanaka,Consumer,India,Asia,Home & Kitchen,Cutting Board,1,32.9,0.0,21.55,Debit Card,Completed
ORD-106887,2023-10-15,CUST-00203,Sofia Rossi,Consumer,India,Asia,Electronics,Bluetooth Speaker,5,199.15,0.0,11.33,Debit Card,Cancelled
ORD-102894,2024-05-28,CUST-00174,Sofia Costa,,United Kingdom,Europe,Sports & Outdoors,Water Bottle,1,2561.2899753787356,0.0,19.01,Credit Card,Completed
ORD-105775,2023-08-08,CUST-00290,Chen Khan,Consumer,United States,North America,Sports & Outdoors,Water Bottle,2,59.4,0.15,11.01,Debit Card,Completed
ORD-101685,2023-11-14,CUST-00432,Priya Miller,Consumer,United Kingdom,Europe,Sports & Outdoors,Camping Tent,-4,132.61,0.0,24.46,PayPal,Completed
ORD-106007,2024-06-14,CUST-00030,Yuki Martinez,Consumer,Germany,Europe,Apparel,Running Shoes,1,55.62,0.1,7.73,Debit Card,Completed
ORD-106729,2024-10-24,CUST-00175,Carlos Brown,Small Business,United States,North America,Electronics,Headphones,2,156.87,0.05,9.67,PayPal,Completed
ORD-101778,2024-09-01,CUST-00834,Yuki Martinez,Consumer,India,Asia,Beauty,Lip Balm,2,11.9,0.0,18.22,Debit Card,Completed
ORD-100057,2024-04-18,CUST-00517,Jennifer Miller,Consumer,United States,North America,Apparel,Wool Socks,1,20.44,0.0,15.75,PayPal,Completed
ORD-106549,2023-12-08,CUST-00282,Ahmed Rodriguez,Consumer,Australia,Oceania,Electronics,Laptop Stand,1,163.38,0.0,7.81,Debit Card,Completed
ORD-104114,2024-07-01,CUST-00127,Ana Davis,Small Business,France,Europe,Electronics,USB-C Cable,2,144.7,0.0,5.06,PayPal,Completed
ORD-102927,2024-07-03,CUST-00045,Grace Zhang,Consumer,Spain,Europe,Home & Kitchen,Cutting Board,1,24.17,0.0,16.59,PayPal,Completed
ORD-106260,2024-08-05,CUST-00209,Elizabeth Nakamura,Consumer,Japan,Asia,Home & Kitchen,Throw Pillow,1,89.17,0.0,22.05,Gift Card,Returned
ORD-101699,2023-09-08,CUST-00271,Linda Smith,Consumer,Mexico,South America,Beauty,Lip Balm,1,50.66,0.0,13.33,Debit Card,Completed
ORD-103572,2024-08-05,CUST-00159,Tom Garcia,Consumer,Germany,Europe,Sports & Outdoors,Resistance Bands,1,57.3,0.0,15.45,Debit Card,Completed
ORD-104938,2023-11-03,CUST-00835,Hiro Nakamura,Small Business,Canada,North America,Apparel,T-Shirt,1,31.89,0.0,19.85,Credit Card,Returned
ORD-102471,2023-11-28,CUST-00307,Tom Miller,Consumer,United States,North America,Apparel,Denim Jacket,1,35.44,0.05,,Credit Card,Completed
ORD-102569,2024-09-09,CUST-00140,Chen Khan,Consumer,Brazil,South America,Office,Standing Desk Mat,2,35.45,0.05,21.43,PayPal,Completed
ORD-101731,2024-01-15,CUST-00608,Ines Martinez,Consumer,Spain,Europe,Apparel,Wool Socks,1,25.78,0.0,8.93,Credit Card,Cancelled
ORD-102593,2024-08-20,CUST-00557,Emma Johnson,Small Business,UNITED KINGDOM,Europe,Sports & Outdoors,Resistance Bands,1,85.11,0.1,20.46,Credit Card,Completed
ORD-106603,2024-11-02,CUST-00408,James Jones,Enterprise,Italy,Europe,Electronics,Bluetooth Speaker,1,113.22,0.05,14.55,Credit Card,Completed
ORD-106409,2024-09-12,CUST-00580,David Jones,Consumer,Japan,Asia,Sports & Outdoors,Yoga Mat,1,34.81,0.1,24.21,PayPal,Completed
ORD-106893,2024-02-15,CUST-00573,Michael Miller,Small Business,Italy,Europe,Office,Wireless Mouse,5,21.31,0.0,15.77,Credit Card,Returned
ORD-104275,2023-11-04,CUST-00585,James Rossi,Small Business,United Kingdom,Europe,Apparel,Wool Socks,1,29.43,0.0,8.18,Debit Card,Completed
ORD-103857,2023-10-14,CUST-00700,Noah Martinez,Consumer,Canada,North America,Beauty,Hair Dryer,3,17.85,0.0,4.98,PayPal,Completed
ORD-106466,2023-06-16,CUST-00796,David Khan,Enterprise,United States,North America,Office,Desk Organizer,2,66.95,0.0,9.93,PayPal,Completed
ORD-103491,2023-12-03,CUST-00343,Wei Dubois,Consumer,India,Asia,Home & Kitchen,Coffee Maker,1,111.35,0.1,2.79,Credit Card,Completed
ORD-105692,2024-11-05,CUST-00319,Mary Dubois,Enterprise,JAPAN,Asia,Apparel,Baseball Cap,1,14.93,0.05,2.01,Credit Card,Completed
ORD-106030,2024-03-09,CUST-00817,Chen Zhang,Consumer,Italy,Europe,Home & Kitchen,Throw Pillow,1,119.21,0.15,4.45,Credit Card,Returned
ORD-105942,2024-08-29,CUST-00736,Patricia Zhang,Small Business,Germany,Europe,Home & Kitchen,Coffee Maker,1,31.51,0.0,8.63,PayPal,Completed
ORD-101497,2023-11-05,CUST-00042,Ana Rodriguez,Consumer,Germany,Europe,Electronics,Bluetooth Speaker,2,156.5,0.2,6.16,Debit Card,Returned
ORD-102194,2023-05-09,CUST-00528,John Miller,Consumer,Canada,North America,Sports & Outdoors,Yoga Mat,2,28.7,0.0,10.42,Credit Card,Completed
ORD-102254,2024-04-06,CUST-00062,Liam Miller,Small Business,Italy,Europe,Electronics,Headphones,-2,176.92,0.0,13.49,Bank Transfer,Completed
ORD-105705,2024-08-14,CUST-00405,Wei Zhang,Consumer,Canada,North America,Electronics,USB-C Cable,2,98.15,0.2,12.63,Debit Card,Cancelled
ORD-105509,2024-10-29,CUST-00778,John Davis,Small Business,United States,North America,Home & Kitchen,Storage Bin,1,87.97,0.0,2.36,Credit Card,Completed
ORD-102114,2024-06-25,CUST-00782,Tom Garcia,Small Business,United States,North America,Sports & Outdoors,Resistance Bands,1,106.69,0.05,7.96,Debit Card,Completed
ORD-105829,2024-07-20,CUST-00622,Patricia Kumar,Small Business,Australia,Oceania,Beauty,Sunscreen SPF50,1,33.53,0.2,10.01,Credit Card,Cancelled
ORD-106937,2024-01-16,CUST-00441,Linda Martinez,Consumer,United States,North America,Sports & Outdoors,Hiking Backpack,1,152.37,0.0,22.28,Gift Card,Cancelled
ORD-101225,2023-09-12,CUST-00306,Wei Nakamura,Consumer,United States,North America,Home & Kitchen,Blender,1,131.95,0.0,24.06,Debit Card,Completed
ORD-102658,2024-06-30,CUST-00720,Ana Garcia,Consumer,United States,North America,Sports & Outdoors,Hiking Backpack,1,139.15,0.0,17.33,Credit Card,Cancelled
ORD-103957,2023-11-20,CUST-00061,Chen Rossi,Enterprise,France,Europe,Beauty,Hair Dryer,1,19.69,0.0,20.17,Bank Transfer,Completed
ORD-105264,2024-09-04,CUST-00731,Tom Williams,Consumer, india ,Asia,Electronics,Smartphone Case,1,109.11,0.0,6.36,Bank Transfer,Completed
ORD-102902,2024-09-30,CUST-00469,Hiro Brown,Consumer,Mexico,South America,Beauty,Sunscreen SPF50,1,36.71,0.05,15.62,PayPal,Completed
ORD-101741,2024-08-12,CUST-00038,Carlos Jones,Consumer,France,Europe,Electronics,Headphones,3,62.32,0.1,17.42,Credit Card,Completed
ORD-100080,2023-06-30,CUST-00135,Ana Khan,Consumer,Mexico,South America,Apparel,Wool Socks,1,35.77,0.0,19.56,Bank Transfer,Completed
ORD-104531,2024-07-18,CUST-00491,Carlos Dubois,Consumer,United States,North America,Home & Kitchen,Coffee Maker,2,14.41,0.0,22.55,Debit Card,Completed
ORD-100966,2024-03-21,CUST-00158,Ines Martinez,Consumer,United States,North America,Beauty,Lip Balm,1,45.69,0.05,3.81,PayPal,Completed
ORD-102025,2023-08-18,CUST-00430,Hiro Miller,Consumer,France,Europe,Electronics,USB-C Cable,1,179.7,0.0,20.43,Bank Transfer,Completed
ORD-102832,2024-03-21,CUST-00365,Mia Garcia,Consumer,France,Europe,Electronics,USB-C Cable,3,133.49,0.0,5.6,PayPal,Completed
ORD-100957,2023-05-07,CUST-00696,Priya Garcia,Consumer,United Kingdom,Europe,Office,Desk Organizer,1,61.84,0.0,6.34,Debit Card,Completed
ORD-100403,2024-07-16,CUST-00825,Mary Tanaka,Consumer,United Kingdom,Europe,Office,Desk Organizer,1,32.03,0.0,11.79,Bank Transfer,Completed
ORD-103195,2024-07-28,CUST-00038,Carlos Jones,Consumer,France,Europe,Home & Kitchen,Coffee Maker,1,34.51,0.0,7.76,Credit Card,Returned
ORD-102221,2024-08-07,CUST-00346,Jennifer Silva,Consumer,UNITED KINGDOM,Europe,Beauty,Sunscreen SPF50,2,5.84,0.0,17.95,Credit Card,Completed
ORD-106345,2024-05-30,CUST-00550,Jennifer Khan,Enterprise,Japan,Asia,Home & Kitchen,Storage Bin,1,116.38,0.05,6.13,Credit Card,Cancelled
ORD-103560,2023-12-24,CUST-00524,Liam Martinez,,France,Europe,Sports & Outdoors,Hiking Backpack,1,64.35,0.0,6.01,Credit Card,Completed
ORD-104627,2024-08-15,CUST-00471,Noah Costa,Enterprise,Singapore,Asia,Apparel,Running Shoes,2,68.14,0.0,24.67,Credit Card,Completed
ORD-104845,2024-09-27,CUST-00362,Elizabeth Costa,Enterprise,India,Asia,Sports & Outdoors,Hiking Backpack,1,160.6,0.0,22.86,Debit Card,Cancelled
ORD-105905,2024-01-31,CUST-00262,Grace Silva,Enterprise,United Kingdom,Europe,Apparel,Baseball Cap,1,79.39,0.2,6.68,Debit Card,Completed
ORD-105451,2024-06-27,CUST-00065,,Small Business,United States,North America,Electronics,Laptop Stand,1,83.07,0.1,8.81,Gift Card,Returned
ORD-102407,2024-10-30,CUST-00441,Linda Martinez,Consumer,United States,North America,Apparel,T-Shirt,1,72.49,0.0,14.89,Gift Card,Completed
ORD-105622,2024-07-12,CUST-00820,Hiro Williams,Consumer,France,Europe,Sports & Outdoors,Yoga Mat,1,69.59,0.0,11.37,PayPal,Completed
ORD-104440,2024-05-03,CUST-00560,Grace Rodriguez,Small Business,France,Europe,Electronics,Headphones,2,100.12,0.05,14.93,Credit Card,Completed
ORD-106106,2023-07-31,CUST-00652,Carlos Nakamura,Enterprise,Mexico,South America,Office,Pen Pack,1,30.34,0.2,19.0,Credit Card,Completed
ORD-101355,2024-04-23,CUST-00074,Robert Davis,Consumer,Germany,Europe,Home & Kitchen,Storage Bin,1,120.16,0.0,19.78,PayPal,Returned
ORD-103372,2023-05-11,CUST-00052,Elizabeth Zhang,Consumer,Italy,Europe,Office,Pen Pack,2,9.29,0.0,6.52,Credit Card,Completed
ORD-102647,2024-02-02,CUST-00184,Mary Rodriguez,Consumer,United States,North America,Apparel,Denim Jacket,1,48.69,0.0,14.45,Credit Card,Completed
ORD-102484,2024-05-16,CUST-00833,Grace Zhang,Consumer,Japan,Asia,Beauty,Hair Dryer,1,20.61,0.0,20.74,Credit Card,Completed
ORD-100798,2024-06-07,CUST-00041,John Zhang,Small Business,United States,North America,Sports & Outdoors,Water Bottle,1,50.84,0.0,23.62,Credit Card,Completed
ORD-104168,2024-03-28,CUST-00514,Michael Rodriguez,Small Business,Canada,North America,Apparel,Baseball Cap,1,56.86,0.05,2.11,PayPal,Returned
ORD-100577,2024-02-28,CUST-00061,Chen Rossi,Enterprise,France,Europe,Beauty,Hair Dryer,1,29.22,0.0,13.68,PayPal,Completed
ORD-100508,2024-08-27,CUST-00054,Tom Khan,Consumer,Brazil,South America,Office,Wireless Mouse,2,29.26,0.0,16.99,Credit Card,Completed
ORD-103561,2024-10-06,CUST-00535,David Muller,Small Business,Canada,North America,Apparel,Denim Jacket,1,65.54,0.0,19.04,Credit Card,Completed
ORD-103338,2023-09-28,CUST-00317,Olivia Rossi,Consumer,France,Europe,Electronics,Laptop Stand,1,137.2,0.0,2.56,Credit Card,Completed
ORD-104085,2023-12-25,CUST-00806,Wei Williams,Consumer,France,Europe,Electronics,Headphones,1,122.52,0.0,22.1,Credit Card,Completed
ORD-105402,2024-10-01,CUST-00450,Tom Davis,Consumer, united states ,North America,Home & Kitchen,Throw Pillow,2,142.8,0.1,22.5,Credit Card,Completed
ORD-104573,2023-07-21,CUST-00219,Ahmed Rossi,Consumer,Australia,Oceania,Electronics,Laptop Stand,2,68.06,0.1,5.92,Credit Card,Completed
ORD-105110,2024-06-13,CUST-00698,Patricia Rossi,Consumer,United States,North America,Sports & Outdoors,Camping Tent,1,46.14,0.0,14.48,Debit Card,Completed
ORD-105122,2024-04-16,CUST-00680,Elizabeth Smith,Small Business, india ,Asia,Beauty,Shampoo,1,29.72,0.0,14.22,PayPal,Completed
ORD-104634,2023-05-14,CUST-00840,James Jones,Consumer,United States,North America,Home & Kitchen,Cutting Board,1,91.5,0.0,15.89,Credit Card,Completed
ORD-103237,2024-06-23,CUST-00566,Linda Kumar,Consumer,Japan,Asia,Electronics,Smartphone Case,1,161.16,0.0,24.51,Credit Card,Completed
ORD-101116,2023-06-14,CUST-00076,Tom Dubois,Consumer,France,Europe,Apparel,Running Shoes,2,49.35,0.0,22.04,Debit Card,Completed
ORD-100986,2024-08-13,CUST-00204,Fatima Rodriguez,Consumer,Italy,Europe,Apparel,Wool Socks,4,74.87,0.05,4.43,PayPal,Completed
ORD-101128,2024-04-26,CUST-00169,Ana Kumar,Small Business,United Kingdom,Europe,Sports & Outdoors,Water Bottle,2,127.59,0.05,14.42,PayPal,Completed
ORD-100352,2024-08-14,CUST-00528,John Miller,Consumer,Canada,North America,Apparel,Wool Socks,2,88.61,0.0,6.56,Debit Card,Cancelled
ORD-104279,2024-05-15,CUST-00799,Elizabeth Zhang,Enterprise,Canada,North America,Home & Kitchen,Throw Pillow,3,26.71,0.0,10.02,PayPal,Completed
ORD-104739,2023-05-28,CUST-00549,Jennifer Brown,Consumer,United Kingdom,Europe,Electronics,Bluetooth Speaker,1,164.56,0.0,18.64,PayPal,Completed
ORD-100188,2023-06-24,CUST-00338,Mia Zhang,Consumer,Brazil,South America,Electronics,Laptop Stand,2,93.78,0.0,17.07,Debit Card,Completed
ORD-102432,2024-04-19,CUST-00237,Mia Rodriguez,Consumer,Mexico,South America,Electronics,USB-C Cable,1,96.71,0.0,22.85,PayPal,Completed
ORD-106361,2023-11-03,CUST-00169,Ana Kumar,Small Business,United Kingdom,Europe,Electronics,Smartphone Case,1,208.05,0.0,17.69,PayPal,Completed
ORD-100095,2023-08-12,CUST-00724,Ana Kumar,Consumer,Canada,North America,Beauty,Face Serum,1,40.64,0.1,14.04,Bank Transfer,Completed
ORD-100800,2024-05-25,CUST-00391,Ahmed Davis,Small Business,Canada,North America,Beauty,Shampoo,2,49.19,0.0,22.57,Debit Card,Completed
ORD-103185,2023-09-13,CUST-00759,Emma Rossi,Consumer,France,Europe,Electronics,Headphones,-4,36.07,0.0,20.87,PayPal,Completed
ORD-104303,2024-05-29,CUST-00826,Elizabeth Johnson,Consumer,United States,North America,Beauty,Shampoo,1,37.85,0.1,8.84,Credit Card,Completed
ORD-106819,2024-09-28,CUST-00608,Ines Martinez,Consumer,Spain,Europe,Sports & Outdoors,Resistance Bands,2,174.73,0.2,23.52,PayPal,Completed
ORD-103360,2024-08-15,CUST-00007,Chen Costa,Small Business,India,Asia,Office,Notebook Set,2,40.74,0.0,13.55,Debit Card,Completed
ORD-101032,2023-08-28,CUST-00533,Yuki Brown,Consumer,Japan,Asia,Electronics,Headphones,1,133.95,0.0,21.81,PayPal,Returned
ORD-101732,2024-05-19,CUST-00070,James Muller,Consumer, germany ,Europe,Electronics,Bluetooth Speaker,1,52.28,0.2,6.03,Credit Card,Cancelled
ORD-101791,2023-07-31,CUST-00118,Jennifer Brown,Consumer,France,Europe,Apparel,Denim Jacket,1,62.57,0.0,8.73,Gift Card,Completed
ORD-103250,2023-11-18,CUST-00241,Hiro Kumar,Consumer,United States,North America,Home & Kitchen,Cutting Board,3,108.2,0.0,5.86,Debit Card,Completed
ORD-106818,2023-09-28,CUST-00376,Emma Zhang,Consumer,India,Asia,Home & Kitchen,Cutting Board,1,78.65,0.0,20.21,Credit Card,Completed
ORD-104787,2023-11-12,CUST-00279,Emma Tanaka,Consumer,India,Asia,Office,Notebook Set,1,27.56,0.0,13.07,Bank Transfer,Completed
ORD-102865,2024-10-01,CUST-00127,Ana Davis,Small Business,France,Europe,Office,Pen Pack,1,37.81,0.0,23.82,Gift Card,Completed
ORD-105120,2024-07-05,CUST-00847,Elizabeth Smith,Consumer,Germany,Europe,Beauty,Hair Dryer,1,36.72,0.0,9.81,Debit Card,Completed
ORD-105080,2024-07-31,CUST-00720,Ana Garcia,Consumer,United States,North America,Apparel,Wool Socks,1,46.6,0.0,2.95,Debit Card,Completed
ORD-102462,2023-12-10,CUST-00054,Tom Khan,Consumer,Brazil,South America,Home & Kitchen,Storage Bin,2,43.64,0.1,2.93,Credit Card,Completed
ORD-104932,2024-04-20,CUST-00463,Michael Tanaka,Consumer,Brazil,South America,Apparel,Running Shoes,3,12.72,0.0,19.42,Bank Transfer,Completed
ORD-104656,2024-06-03,CUST-00137,Mary Williams,Enterprise,Italy,Europe,Electronics,USB-C Cable,1,129.61,0.15,5.19,Credit Card,Completed
ORD-101385,2024-10-31,CUST-00767,Raj Smith,Small Business,Brazil,South America,Apparel,Running Shoes,1,44.21,0.0,20.74,Debit Card,Completed
ORD-101420,2024-01-20,CUST-00233,,Consumer,Italy,Europe,Electronics,Laptop Stand,1,204.79,0.0,4.32,PayPal,Completed
ORD-102907,2024-08-16,CUST-00452,Carlos Miller,Small Business,United States,North America,Sports & Outdoors,Water Bottle,1,80.25,0.0,7.89,Credit Card,Completed
ORD-102633,2024-06-01,CUST-00040,Liam Tanaka,Consumer,Spain,Europe,Apparel,Running Shoes,2,84.17,0.0,13.19,Credit Card,Completed
ORD-100122,2023-12-20,CUST-00429,Priya Dubois,Enterprise,United Kingdom,Europe,Electronics,Bluetooth Speaker,1,182.25,0.0,19.39,Credit Card,Completed
ORD-105142,2023-08-18,CUST-00253,Ana Miller,Enterprise,United States,North America,Office,Pen Pack,3,62.13,0.0,23.78,Credit Card,Completed
ORD-102967,2023-09-01,CUST-00256,Robert Smith,Consumer,United States,North America,Sports & Outdoors,Hiking Backpack,2,69.57,0.0,9.85,PayPal,Completed
ORD-106803,2024-04-28,CUST-00175,Carlos Brown,Small Business,United States,North America,Home & Kitchen,Storage Bin,2,21.18,0.0,,Credit Card,Completed
ORD-103231,2023-06-14,CUST-00508,Elizabeth Kumar,Enterprise,India,Asia,Home & Kitchen,Coffee Maker,2,71.38,0.0,24.39,Credit Card,Completed
ORD-102770,2024-07-28,CUST-00135,Ana Khan,Consumer,Mexico,South America,Electronics,Headphones,2,104.83,0.0,12.18,Credit Card,Completed
ORD-101647,2023-05-24,CUST-00455,Hiro Silva,Consumer,Germany,Europe,Office,Standing Desk Mat,1,5.36,0.0,12.82,PayPal,Completed
ORD-103182,2024-05-16,CUST-00389,James Williams,Small Business,Singapore,Asia,Beauty,Face Serum,3,48.01,0.05,17.87,Credit Card,Completed
ORD-101196,2024-10-24,CUST-00560,Grace Rodriguez,Small Business,France,Europe,Electronics,Smartphone Case,1,46.04,0.0,17.67,Credit Card,Completed
ORD-104851,2024-09-03,CUST-00177,,Consumer,India,Asia,Sports & Outdoors,Resistance Bands,1,170.63,0.0,15.33,Credit Card,Completed
ORD-101792,2024-10-25,CUST-00036,Linda Tanaka,Consumer,Canada,North America,Beauty,Lip Balm,1,20.39,0.2,2.54,PayPal,Completed
ORD-102821,2023-09-29,CUST-00814,Yuki Khan,Enterprise,United States,North America,Electronics,Laptop Stand,2,50.46,0.0,5.83,PayPal,Completed
ORD-105044,2024-07-25,CUST-00183,Chen Davis,,India,Asia,Apparel,Baseball Cap,1,14.34,0.0,19.52,PayPal,Completed
ORD-106583,2023-12-26,CUST-00069,Tom Smith,Consumer,United States,North America,Office,Standing Desk Mat,1,44.15,0.0,5.69,Credit Card,Completed
ORD-105315,2024-08-03,CUST-00317,,Consumer,France,Europe,Sports & Outdoors,Camping Tent,1,132.69,0.0,20.79,Gift Card,Returned
ORD-102559,2024-09-13,CUST-00159,Tom Garcia,,Germany,Europe,Home & Kitchen,Coffee Maker,2,35.76,0.0,23.74,Gift Card,Completed
ORD-105572,2024-05-06,CUST-00231,Grace Garcia,Enterprise,Canada,North America,Office,Wireless Mouse,2,13.31,0.1,10.69,Credit Card,Completed
ORD-105276,2023-12-11,CUST-00699,Mary Dubois,Consumer,United States,North America,Office,Notebook Set,1,47.33,0.05,12.01,Credit Card,Completed
ORD-100739,2023-12-09,CUST-00798,Wei Khan,Consumer,United States,North America,Apparel,Denim Jacket,1,19.98,0.0,8.75,PayPal,Completed
ORD-100751,2024-02-13,CUST-00249,Patricia Kumar,Consumer,United Kingdom,Europe,Home & Kitchen,Storage Bin,1,89.8,0.0,21.41,Bank Transfer,Completed
ORD-105691,2024-06-15,CUST-00349,Elizabeth Smith,Consumer,United States,North America,Electronics,Bluetooth Speaker,2,93.31,0.0,22.74,PayPal,Completed
ORD-104665,2024-11-23,CUST-00393,Carlos Martinez,Consumer, united states ,North America,Sports & Outdoors,Resistance Bands,1,114.77,0.05,17.71,Bank Transfer,Completed
ORD-102971,2024-02-08,CUST-00670,David Williams,Consumer,India,Asia,Home & Kitchen,Coffee Maker,1,104.45,0.05,20.03,Debit Card,Completed
ORD-104766,2024-07-04,CUST-00392,Elizabeth Khan,Consumer,India,Asia,Electronics,Headphones,1,105.53,0.0,14.87,PayPal,Completed
ORD-104370,2024-08-17,CUST-00273,Robert Rossi,Consumer,Spain,Europe,Beauty,Hair Dryer,1,20.54,0.0,15.82,Credit Card,Completed
ORD-106125,2024-04-09,CUST-00463,Michael Tanaka,Consumer,Brazil,South America,Home & Kitchen,Blender,3,28.09,0.0,16.92,Credit Card,Completed
ORD-106499,2023-08-15,CUST-00584,Patricia Rodriguez,Small Business,United States,North America,Beauty,Shampoo,1,52.56,0.2,22.1,Credit Card,Completed
ORD-106100,2023-05-14,CUST-00718,John Smith,,Japan,Asia,Sports & Outdoors,Yoga Mat,4,37.91,0.0,20.54,Credit Card,Completed
ORD-105723,2024-09-04,CUST-00546,John Rodriguez,Consumer,Brazil,South America,Apparel,T-Shirt,3,50.38,0.1,24.83,Debit Card,Completed
ORD-100501,2023-11-13,CUST-00833,Grace Zhang,Consumer,JAPAN,Asia,Home & Kitchen,Throw Pillow,1,70.11,0.0,21.7,Credit Card,Completed
ORD-100055,2023-02-17,CUST-00610,Yuki Martinez,Enterprise,Germany,Europe,Electronics,Laptop Stand,1,145.29,0.15,19.59,PayPal,Completed
ORD-106172,2024-07-07,CUST-00486,Patricia Johnson,Consumer,Germany,Europe,Office,Pen Pack,2,52.09,0.0,11.64,PayPal,Completed
ORD-106073,2024-01-01,CUST-00348,Elizabeth Muller,Small Business,Italy,Europe,Sports & Outdoors,Camping Tent,1,84.16,0.0,17.56,PayPal,Completed
ORD-102668,2023-10-05,CUST-00499,Ines Rodriguez,Small Business,Australia,Oceania,Apparel,Denim Jacket,2,48.73,0.1,18.39,Bank Transfer,Completed
ORD-103327,2024-07-05,CUST-00766,Yuki Smith,Small Business,United States,North America,Beauty,Lip Balm,1,58.32,0.0,21.64,Credit Card,Completed
ORD-100624,2023-11-27,CUST-00538,Hiro Khan,Small Business,United Kingdom,Europe,Home & Kitchen,Cutting Board,1,64.81,0.0,7.11,Credit Card,Completed
ORD-106704,2024-07-21,CUST-00104,Mary Williams,Consumer, united kingdom ,Europe,Beauty,Lip Balm,1,24.05,0.1,14.32,Credit Card,Returned
ORD-100913,2024-10-02,CUST-00568,John Nakamura,Consumer,Spain,Europe,Electronics,USB-C Cable,1,155.66,0.1,16.62,Credit Card,Completed
ORD-104906,2024-05-22,CUST-00459,Ahmed Nakamura,Consumer,Italy,Europe,Sports & Outdoors,Water Bottle,1,26.81,0.0,11.53,Bank Transfer,Completed
ORD-103715,2023-11-15,CUST-00362,Elizabeth Costa,Enterprise,India,Asia,Electronics,USB-C Cable,1,174.83,0.0,21.84,PayPal,Returned
ORD-104474,2024-05-29,CUST-00334,David Garcia,Consumer,Germany,Europe,Office,Pen Pack,1,22.56,0.0,23.02,Debit Card,Completed
ORD-101536,2024-03-11,CUST-00531,Michael Brown,Consumer,Brazil,South America,Apparel,T-Shirt,1,41.32,0.0,16.78,Gift Card,Completed
ORD-101838,2024-09-09,CUST-00274,Jennifer Garcia,Consumer,Spain,Europe,Home & Kitchen,Cutting Board,1,93.81,0.0,12.1,Gift Card,Completed
ORD-102259,2024-08-30,CUST-00154,Linda Silva,Consumer,United States,North America,Home & Kitchen,Throw Pillow,1,123.91,0.0,24.82,PayPal,Completed
ORD-104512,2024-08-27,CUST-00266,Ana Miller,Consumer,United States,North America,Electronics,USB-C Cable,2,154.34,0.0,13.16,PayPal,Completed
ORD-102396,2023-11-06,CUST-00251,Emma Garcia,Consumer,Canada,North America,Home & Kitchen,Blender,1,103.97,0.0,2.37,Debit Card,Completed
ORD-101107,2023-05-26,CUST-00102,Elizabeth Kumar,Small Business,Germany,Europe,Beauty,Lip Balm,2,32.87,0.0,2.1,Credit Card,Completed
ORD-103452,2024-08-01,CUST-00203,Sofia Rossi,Consumer,India,Asia,Home & Kitchen,Coffee Maker,4,103.61,0.0,,Credit Card,Completed
ORD-105618,2024-10-22,CUST-00496,Lucas Johnson,Enterprise,Germany,Europe,Home & Kitchen,Throw Pillow,4,95.93,0.0,7.1,Debit Card,Completed
ORD-103528,2024-10-21,CUST-00265,Mia Miller,Consumer,United States,North America,Electronics,Headphones,4,91.72,0.0,2.1,Credit Card,Cancelled
ORD-101901,2023-12-23,CUST-00018,Fatima Smith,Small Business,ITALY,Europe,Apparel,Denim Jacket,1,82.5,0.0,18.23,Credit Card,Completed
ORD-103606,2024-09-15,CUST-00402,Priya Tanaka,,United States,North America,Apparel,Wool Socks,1,30.51,0.0,5.35,Credit Card,Completed
ORD-106195,2024-03-13,CUST-00220,Ines Garcia,Consumer,United Kingdom,Europe,Electronics,Headphones,2,113.29,0.1,3.85,Gift Card,Completed
ORD-102125,2024-07-25,CUST-00589,Jennifer Williams,Consumer,Mexico,South America,Electronics,Bluetooth Speaker,1,114.22,0.0,7.11,Credit Card,Completed
ORD-100916,2024-08-01,CUST-00435,Ana Khan,Consumer, singapore ,Asia,Electronics,USB-C Cable,1,21.2,0.15,20.77,PayPal,Cancelled
ORD-103629,2024-08-13,CUST-00693,Ines Nakamura,Consumer,UNITED KINGDOM,Europe,Electronics,USB-C Cable,1,41.96,0.0,18.43,Credit Card,Completed
ORD-101788,2024-09-24,CUST-00115,Jennifer Costa,Consumer,Japan,Asia,Sports & Outdoors,Yoga Mat,2,145.33,0.0,24.85,Credit Card,Completed
ORD-104822,2023-12-29,CUST-00368,Mary Miller,Small Business,Singapore,Asia,Electronics,Laptop Stand,2,214.71,0.15,19.68,Credit Card,Completed
ORD-102268,2024-05-16,CUST-00665,Chen Miller,Consumer,Germany,Europe,Apparel,Baseball Cap,1,67.63,0.0,22.99,PayPal,Completed
ORD-104359,2024-09-15,CUST-00508,Elizabeth Kumar,Enterprise,INDIA,Asia,Beauty,Lip Balm,2,47.76,0.0,11.0,Credit Card,Completed
ORD-105269,2023-01-14,CUST-00294,Olivia Zhang,Consumer,Spain,Europe,Electronics,USB-C Cable,1,92.34,0.1,8.41,Gift Card,Completed
ORD-101642,2023-04-05,CUST-00651,Emma Nakamura,Consumer,India,Asia,Beauty,Hair Dryer,1,58.83,0.0,14.58,Gift Card,Completed
ORD-106221,2024-10-22,CUST-00236,Mary Zhang,Small Business,Japan,Asia,Office,Pen Pack,1,50.53,0.2,4.82,Credit Card,Completed
ORD-105474,2024-09-08,CUST-00487,Lucas Dubois,,JAPAN,Asia,Electronics,Smartphone Case,3,167.78,0.1,16.56,Bank Transfer,Completed
ORD-105286,2023-11-04,CUST-00756,James Williams,,Germany,Europe,Home & Kitchen,Throw Pillow,1,134.03,0.05,5.38,Credit Card,Returned
ORD-104978,2024-08-06,CUST-00817,Chen Zhang,Consumer,Italy,Europe,Home & Kitchen,Coffee Maker,1,93.22,0.05,14.46,Credit Card,Completed
ORD-101052,2024-11-01,CUST-00067,Mary Brown,Consumer,Japan,Asia,Electronics,Bluetooth Speaker,1,198.2,0.0,3.24,Bank Transfer,Returned
ORD-102606,2024-07-14,CUST-00011,Ines Tanaka,Enterprise,United Kingdom,Europe,Electronics,Headphones,1,113.63,0.0,24.54,Credit Card,Completed
ORD-103279,2024-12-18,CUST-00302,James Martinez,Enterprise,Italy,Europe,Electronics,Bluetooth Speaker,1,24.63,0.0,13.47,PayPal,Completed
ORD-100130,2024-12-06,CUST-00157,John Williams,Consumer,United Kingdom,Europe,Beauty,Sunscreen SPF50,2,51.87,0.05,20.44,Bank Transfer,Completed
ORD-104880,2024-04-13,CUST-00805,Liam Rodriguez,Consumer,GERMANY,Europe,Electronics,Laptop Stand,1,191.32,0.05,20.66,Debit Card,Cancelled
ORD-106837,2023-09-06,CUST-00287,Mia Davis,Consumer,India,Asia,Home & Kitchen,Throw Pillow,1,57.69,0.0,24.18,Bank Transfer,Completed
ORD-101755,2024-07-14,CUST-00160,Hiro Silva,Small Business, united kingdom ,Europe,Sports & Outdoors,Water Bottle,1,92.79,0.05,6.4,PayPal,Completed
ORD-104231,2024-07-18,CUST-00546,John Rodriguez,Consumer,Brazil,South America,Home & Kitchen,Blender,1,44.11,0.0,16.15,Credit Card,Completed
ORD-102353,2024-04-16,CUST-00705,,Small Business,United States,North America,Apparel,Running Shoes,1,86.72,0.0,24.04,Credit Card,Completed
ORD-101327,2024-07-07,CUST-00198,Yuki Rodriguez,Consumer,Spain,Europe,Electronics,Bluetooth Speaker,1,182.24,0.0,,Debit Card,Returned
ORD-102742,2023-03-23,CUST-00111,Jennifer Tanaka,Consumer,India,Asia,Beauty,Lip Balm,1,38.68,0.0,4.25,Credit Card,Completed
ORD-106472,2024-08-11,CUST-00587,Jennifer Dubois,Enterprise,United Kingdom,Europe,Beauty,Sunscreen SPF50,1,39.77,0.2,4.08,Debit Card,Completed
ORD-102100,2023-04-18,CUST-00081,David Costa,Small Business,Canada,North America,Sports & Outdoors,Resistance Bands,2,134.75,0.0,15.86,Debit Card,Completed
ORD-102784,2024-03-04,CUST-00804,Noah Dubois,Small Business,Mexico,South America,Office,Pen Pack,2,17.23,0.0,9.96,Debit Card,Completed
ORD-100047,2024-05-10,CUST-00097,Ines Kumar,Consumer,Singapore,Asia,Home & Kitchen,Cutting Board,1,49.69,0.0,12.79,PayPal,Completed
ORD-104612,2024-01-06,CUST-00406,Patricia Kumar,Consumer,France,Europe,Electronics,USB-C Cable,1,109.39,0.0,23.12,PayPal,Completed
ORD-102993,2024-08-10,CUST-00445,Michael Kumar,Enterprise,Mexico,South America,Electronics,Headphones,2,218.5,0.1,22.09,Debit Card,Completed
ORD-102611,2023-12-16,CUST-00641,Raj Martinez,Consumer,Germany,Europe,Sports & Outdoors,Yoga Mat,1,167.28,0.0,3.22,Debit Card,Completed
ORD-102776,2024-05-02,CUST-00736,Patricia Zhang,Small Business,Germany,Europe,Sports & Outdoors,Resistance Bands,4,13.92,0.0,2.31,Debit Card,Completed
ORD-102743,2023-11-29,CUST-00303,Yuki Martinez,Consumer,Canada,North America,Electronics,Headphones,5,70.21,0.0,9.92,Debit Card,Completed
ORD-106182,2024-11-01,CUST-00124,Ana Rossi,Small Business,Canada,North America,Electronics,Laptop Stand,1,199.87,0.0,14.33,PayPal,Completed
ORD-103028,2024-04-10,CUST-00315,Lucas Brown,Consumer,Germany,Europe,Office,Standing Desk Mat,1,50.78,0.0,15.42,PayPal,Completed
ORD-101171,2024-03-16,CUST-00789,Patricia Muller,Small Business,Canada,North America,Home & Kitchen,Blender,1,97.52,0.05,10.2,Credit Card,Completed
ORD-100922,2024-08-15,CUST-00804,Noah Dubois,Small Business,Mexico,South America,Beauty,Sunscreen SPF50,2,18.43,0.0,22.83,Debit Card,Completed
ORD-103062,2024-06-13,CUST-00257,John Williams,Small Business,Canada,North America,Beauty,Sunscreen SPF50,2,41.1,0.1,9.08,Credit Card,Returned
ORD-105801,2024-06-02,CUST-00205,Ahmed Nakamura,Enterprise,United Kingdom,Europe,Beauty,Face Serum,1,58.9,0.0,18.27,Credit Card,Completed
ORD-106484,2024-08-01,CUST-00410,Fatima Martinez,Enterprise, united states ,North America,Beauty,Sunscreen SPF50,1,27.62,0.0,23.97,Credit Card,Completed
ORD-101261,2024-09-29,CUST-00482,Ines Johnson,Consumer,France,Europe,Sports & Outdoors,Hiking Backpack,1,91.43,0.05,10.94,Credit Card,Completed
ORD-100351,2023-07-29,CUST-00295,Olivia Dubois,Consumer,United States,North America,Electronics,USB-C Cable,1,170.51,0.0,22.79,Debit Card,Completed
ORD-102102,2023-07-07,CUST-00516,Wei Davis,Consumer,India,Asia,Sports & Outdoors,Yoga Mat,3,71.32,0.0,6.57,Debit Card,Completed
ORD-104837,2024-03-17,CUST-00785,,Consumer,GERMANY,Europe,Beauty,Hair Dryer,1,51.51,0.0,9.07,PayPal,Completed
ORD-101669,2024-06-12,CUST-00079,Jennifer Dubois,Small Business,Germany,Europe,Apparel,Baseball Cap,1,38.46,0.0,5.08,Debit Card,Completed
ORD-106748,2024-04-04,CUST-00675,Ahmed Smith,Consumer,Germany,Europe,Office,Standing Desk Mat,1,13.83,0.0,11.42,Credit Card,Completed
ORD-102610,2024-07-22,CUST-00099,Chen Costa,Enterprise,Mexico,South America,Beauty,Shampoo,1,25.55,0.0,9.47,Credit Card,Returned
ORD-105617,2024-02-18,CUST-00479,Chen Jones,Enterprise, united states ,North America,Apparel,T-Shirt,1,11.55,0.15,3.02,Credit Card,Completed
ORD-102005,2024-06-02,CUST-00252,Ines Martinez,Small Business,Canada,North America,Electronics,Headphones,1,21.76,0.0,14.53,Bank Transfer,Completed
ORD-106008,2024-08-09,CUST-00348,Elizabeth Muller,Small Business,Italy,Europe,Office,Pen Pack,2,11.97,0.0,7.7,Credit Card,Completed
ORD-100193,2024-07-17,CUST-00763,Liam Rossi,Small Business, united states ,North America,Electronics,Smartphone Case,1,87.85,0.0,22.62,Credit Card,Returned
ORD-102843,2024-07-20,CUST-00269,Linda Williams,Consumer,India,Asia,Apparel,Running Shoes,2,19.9,0.0,22.56,Debit Card,Completed
ORD-103086,2023-10-01,CUST-00497,,Consumer,United States,North America,Home & Kitchen,Throw Pillow,2,142.6,0.0,21.85,Credit Card,Completed
ORD-100583,2023-11-26,CUST-00580,David Jones,Consumer, japan ,Asia,Beauty,Lip Balm,1,32.53,0.0,16.6,Debit Card,Completed
ORD-106598,2024-10-03,CUST-00015,Lucas Tanaka,Consumer,Singapore,Asia,Apparel,Denim Jacket,2,63.03,0.2,16.44,Credit Card,Completed
ORD-100248,2023-02-22,CUST-00015,Lucas Tanaka,Consumer,Singapore,Asia,Electronics,Bluetooth Speaker,1,103.28,0.0,17.08,Credit Card,Cancelled
ORD-104293,2023-07-11,CUST-00216,Linda Rossi,Consumer,France,Europe,Electronics,Headphones,2,21.79,0.15,11.79,Credit Card,Completed
ORD-106408,2023-06-27,CUST-00069,Tom Smith,Consumer,United States,North America,Apparel,T-Shirt,1,72.09,0.1,5.16,Debit Card,Completed
ORD-104436,2024-05-10,CUST-00427,Hiro Rossi,Consumer,United Kingdom,Europe,Sports & Outdoors,Hiking Backpack,3,39.36,0.0,14.68,PayPal,Completed
ORD-101431,2023-10-29,CUST-00839,Carlos Jones,Small Business,United States,North America,Apparel,Wool Socks,1,9.22,0.0,22.25,Debit Card,Completed
ORD-100408,2023-12-01,CUST-00537,James Rodriguez,Consumer,Canada,North America,Electronics,Bluetooth Speaker,2,124.34,0.0,12.04,PayPal,Completed
ORD-102531,2024-10-03,CUST-00692,Ahmed Rossi,Consumer,France,Europe,Beauty,Sunscreen SPF50,-2,8.37,0.0,8.37,PayPal,Completed
ORD-100027,2024-07-13,CUST-00268,Fatima Miller,Enterprise,Spain,Europe,Beauty,Shampoo,3,34.65,0.0,21.22,Credit Card,Completed
ORD-102272,2024-05-02,CUST-00068,Elizabeth Nakamura,Consumer,United States,North America,Home & Kitchen,Cutting Board,1,121.64,0.05,11.05,Credit Card,Completed
ORD-104732,2024-06-08,CUST-00351,Ines Muller,Consumer,Canada,North America,Home & Kitchen,Blender,1,94.92,0.0,5.29,Debit Card,Completed
ORD-100552,2024-06-06,CUST-00027,Patricia Zhang,,Italy,Europe,Apparel,Denim Jacket,2,12.87,0.05,13.79,Gift Card,Completed
ORD-103845,2024-04-11,CUST-00513,Linda Khan,Small Business,Japan,Asia,Office,Pen Pack,4,46.87,0.0,22.21,Credit Card,Completed
ORD-105678,2024-04-27,CUST-00663,Patricia Garcia,Small Business,Mexico,South America,Sports & Outdoors,Yoga Mat,3,78.47,0.0,17.3,Credit Card,Completed
ORD-102932,2023-06-08,CUST-00048,Yuki Martinez,Enterprise,France,Europe,Sports & Outdoors,Yoga Mat,2,128.11,0.15,14.45,Credit Card,Completed
ORD-106253,2024-05-07,CUST-00513,Linda Khan,Small Business,Japan,Asia,Apparel,Wool Socks,1,72.25,0.0,8.51,Debit Card,Completed
ORD-103764,2024-10-12,CUST-00174,Sofia Costa,Small Business,United Kingdom,Europe,Office,Standing Desk Mat,3,17.01,0.0,24.01,Credit Card,Completed
ORD-106261,2024-08-29,CUST-00209,Elizabeth Nakamura,Consumer,Japan,Asia,Home & Kitchen,Blender,1,24.22,0.0,19.5,Gift Card,Returned
ORD-100841,2024-01-03,CUST-00292,Grace Davis,Small Business,Australia,Oceania,Home & Kitchen,Cutting Board,1,130.49,0.0,23.69,PayPal,Completed
ORD-104031,2023-12-18,CUST-00508,Elizabeth Kumar,,India,Asia,Sports & Outdoors,Resistance Bands,1,74.33,0.0,15.23,Credit Card,Returned
ORD-105145,2024-07-30,CUST-00832,Tom Dubois,Enterprise,France,Europe,Home & Kitchen,Coffee Maker,1,52.3,0.15,7.91,Bank Transfer,Completed
ORD-106274,2024-04-01,CUST-00411,Wei Jones,Consumer,United States,North America,Beauty,Face Serum,1,7.24,0.05,13.54,Credit Card,Completed
ORD-101641,2023-10-27,CUST-00009,Yuki Khan,Consumer,Germany,Europe,Electronics,Laptop Stand,1,201.27,0.1,18.57,Credit Card,Completed
ORD-104975,2023-10-24,CUST-00316,Jennifer Jones,Small Business,Australia,Oceania,Apparel,T-Shirt,1,75.98,0.0,23.37,Credit Card,Completed
ORD-100616,2024-10-22,CUST-00458,Emma Dubois,Consumer,Japan,Asia,Electronics,USB-C Cable,1,109.86,0.0,3.5,Credit Card,Cancelled
ORD-101754,2023-12-21,CUST-00216,Linda Rossi,Consumer,France,Europe,Home & Kitchen,Blender,2,21.51,0.0,24.42,Credit Card,Completed
ORD-103691,2024-09-11,CUST-00682,David Dubois,Enterprise,United States,North America,Home & Kitchen,Blender,1,32.58,0.0,11.31,Credit Card,Completed
ORD-104857,2024-11-19,CUST-00193,Ahmed Dubois,Consumer,Australia,Oceania,Apparel,Baseball Cap,2,56.36,0.0,11.3,Credit Card,Completed
ORD-101142,2023-10-23,CUST-00783,Grace Rossi,Small Business,United States,North America,Home & Kitchen,Blender,1,19.1,0.0,21.29,Gift Card,Completed
ORD-100390,2024-09-12,CUST-00128,Tom Dubois,Small Business,Germany,Europe,Electronics,Bluetooth Speaker,1,20.67,0.0,15.12,Debit Card,Returned
ORD-105753,2024-07-19,CUST-00459,Ahmed Nakamura,Consumer,Italy,Europe,Beauty,Lip Balm,3,53.08,0.15,11.02,Credit Card,Completed
ORD-101488,2024-01-13,CUST-00738,Ana Martinez,Small Business,GERMANY,Europe,Electronics,USB-C Cable,1,199.85,0.05,5.51,Credit Card,Completed
ORD-101676,2024-03-08,CUST-00071,Ines Muller,Consumer,UNITED STATES,North America,Office,Standing Desk Mat,2,67.24,0.0,20.99,Credit Card,Returned
ORD-106216,2024-02-17,CUST-00613,Olivia Smith,Consumer,India,Asia,Beauty,Lip Balm,1,44.5,0.05,14.41,PayPal,Cancelled
ORD-106889,2024-08-23,CUST-00808,Robert Brown,Small Business,United States,North America,Electronics,USB-C Cable,4,56.01,0.2,24.35,Bank Transfer,Completed
ORD-104378,2023-04-12,CUST-00070,James Muller,Consumer,Germany,Europe,Apparel,Baseball Cap,2,16.67,0.0,2.76,Bank Transfer,Returned
ORD-101189,2023-09-24,CUST-00823,Raj Costa,Consumer,Spain,Europe,Home & Kitchen,Throw Pillow,4,138.9,0.0,22.25,Credit Card,Completed
ORD-102983,2023-10-18,CUST-00594,Jennifer Martinez,Consumer,Japan,Asia,Apparel,Denim Jacket,4,89.3,0.0,22.38,Debit Card,Returned
ORD-106324,2024-10-23,CUST-00828,Grace Jones,Consumer,United Kingdom,Europe,Beauty,Shampoo,2,34.97,0.0,18.94,Credit Card,Completed
ORD-104184,2023-09-15,CUST-00325,Priya Williams,Enterprise,United Kingdom,Europe,Apparel,Denim Jacket,1,22.81,0.0,12.12,Debit Card,Completed
ORD-103921,2024-09-13,CUST-00330,Noah Johnson,Consumer,JAPAN,Asia,Apparel,Denim Jacket,1,13.62,0.1,7.16,PayPal,Completed
ORD-104524,2023-11-29,CUST-00550,Jennifer Khan,Enterprise,Japan,Asia,Electronics,Bluetooth Speaker,2,206.6,0.0,2.9,Debit Card,Returned
ORD-105559,2024-06-30,CUST-00310,Patricia Rossi,Consumer,India,Asia,Sports & Outdoors,Camping Tent,1,169.46,0.0,8.48,PayPal,Completed
ORD-101016,2023-10-28,CUST-00291,Ahmed Tanaka,Consumer,Mexico,South America,Home & Kitchen,Throw Pillow,2,93.45,0.0,19.16,Credit Card,Completed
ORD-102016,2024-11-04,CUST-00731,Tom Williams,Consumer,India,Asia,Home & Kitchen,Cutting Board,1,97.06,0.15,5.74,Credit Card,Completed
ORD-105714,2023-10-11,CUST-00293,Lucas Davis,Consumer,Spain,Europe,Apparel,Running Shoes,1,52.5,0.0,19.98,PayPal,Completed
ORD-106652,2023-12-26,CUST-00531,,Consumer,Brazil,South America,Sports & Outdoors,Resistance Bands,2,66.82,0.0,4.63,Credit Card,Completed
ORD-103692,2024-06-05,CUST-00833,Grace Zhang,Consumer,Japan,Asia,Apparel,Denim Jacket,4,15.57,0.0,17.19,Gift Card,Returned
ORD-105779,2024-06-14,CUST-00459,Ahmed Nakamura,Consumer,Italy,Europe,Electronics,Headphones,1,87.4,0.0,13.52,Debit Card,Completed
ORD-102879,2023-11-26,CUST-00241,Hiro Kumar,Consumer,United States,North America,Electronics,Headphones,2,68.54,0.0,22.88,Credit Card,Completed
ORD-106186,2024-08-09,CUST-00549,Jennifer Brown,Consumer, united kingdom ,Europe,Apparel,Running Shoes,1,14.36,0.05,17.46,PayPal,Completed
ORD-101024,2024-01-04,CUST-00257,John Williams,Small Business,Canada,North America,Apparel,Running Shoes,1,43.21,0.0,5.41,Bank Transfer,Completed
ORD-105984,2024-09-05,CUST-00473,Elizabeth Kumar,Consumer,AUSTRALIA,Oceania,Electronics,Bluetooth Speaker,1,58.42,0.0,22.29,PayPal,Completed
ORD-100853,2024-07-16,CUST-00226,Mary Davis,Enterprise,GERMANY,Europe,Sports & Outdoors,Yoga Mat,2,132.01,0.05,19.01,Debit Card,Completed
ORD-106785,2024-07-26,CUST-00201,Raj Martinez,Small Business,Brazil,South America,Electronics,Smartphone Case,1,157.92,0.15,13.43,Credit Card,Completed
ORD-106156,2024-06-05,CUST-00329,Chen Brown,Enterprise,United Kingdom,Europe,Apparel,Wool Socks,1,35.3,0.0,13.85,Bank Transfer,Completed
ORD-100864,2024-11-15,CUST-00115,Jennifer Costa,Consumer,Japan,Asia,Home & Kitchen,Blender,1,123.02,0.0,15.35,Credit Card,Completed
ORD-100742,2024-11-18,CUST-00615,Grace Brown,Enterprise,United States,North America,Home & Kitchen,Coffee Maker,2,56.71,0.0,20.99,Bank Transfer,Completed
ORD-100360,2024-04-03,CUST-00733,James Johnson,Consumer,Canada,North America,Sports & Outdoors,Hiking Backpack,2,51.41,0.1,20.74,Debit Card,Completed
ORD-101724,2024-09-18,CUST-00711,Michael Jones,Small Business, mexico ,South America,Sports & Outdoors,Camping Tent,1,136.61,0.1,,Debit Card,Completed
ORD-102780,2024-06-10,CUST-00263,Ana Costa,Consumer,Japan,Asia,Apparel,Running Shoes,1,41.37,0.0,2.3,Credit Card,Completed
ORD-104821,2024-06-04,CUST-00446,Hiro Rossi,, spain ,Europe,Sports & Outdoors,Yoga Mat,1,111.78,0.1,3.17,PayPal,Completed
ORD-102586,2024-03-05,CUST-00370,,Enterprise,United States,North America,Sports & Outdoors,Yoga Mat,1,28.47,0.05,,PayPal,Returned
ORD-104870,2024-02-05,CUST-00815,James Jones,Consumer,Germany,Europe,Home & Kitchen,Throw Pillow,2,58.03,0.0,9.62,Credit Card,Completed
ORD-104551,2024-10-27,CUST-00370,Patricia Davis,Enterprise,United States,North America,Beauty,Face Serum,1,24.87,0.1,12.95,Bank Transfer,Completed
ORD-102262,2023-09-08,CUST-00348,Elizabeth Muller,Small Business,Italy,Europe,Electronics,Bluetooth Speaker,2,48.79,0.0,14.71,PayPal,Completed
ORD-106212,2024-07-26,CUST-00214,James Rossi,Small Business, japan ,Asia,Electronics,Bluetooth Speaker,1,195.1,0.0,6.97,Credit Card,Completed
ORD-102334,2024-06-07,CUST-00600,Linda Garcia,Consumer,Spain,Europe,Home & Kitchen,Storage Bin,3,39.21,0.0,11.71,PayPal,Cancelled
ORD-105136,2024-03-26,CUST-00526,Carlos Jones,Small Business,Singapore,Asia,Apparel,T-Shirt,1,85.52,0.0,2.0,Gift Card,Completed
ORD-104073,2024-03-26,CUST-00132,James Muller,Consumer,Germany,Europe,Electronics,USB-C Cable,1,137.67,0.0,10.53,Credit Card,Completed
ORD-102265,2024-07-21,CUST-00426,Mia Miller,Consumer,United States,North America,Home & Kitchen,Coffee Maker,1,84.9,0.05,17.92,PayPal,Completed
ORD-104324,2024-02-05,CUST-00510,Hiro Martinez,Consumer,Canada,North America,Apparel,Wool Socks,4,89.82,0.0,21.17,Bank Transfer,Completed
ORD-105857,2023-10-09,CUST-00794,Sofia Muller,Small Business,Canada,North America,Home & Kitchen,Throw Pillow,1,102.25,0.0,22.68,Bank Transfer,Completed
ORD-100688,2024-08-10,CUST-00633,Linda Muller,Consumer,United States,North America,Home & Kitchen,Blender,1,85.25,0.05,16.71,Credit Card,Completed
ORD-101241,2024-06-05,CUST-00636,Michael Rodriguez,Consumer,United States,North America,Office,Desk Organizer,1,29.47,0.0,16.75,Credit Card,Completed
ORD-100731,2024-11-04,CUST-00511,Linda Miller,Consumer,France,Europe,Sports & Outdoors,Resistance Bands,2,69.29,0.15,7.92,PayPal,Completed
ORD-106176,2024-07-20,CUST-00221,Patricia Garcia,Enterprise,United States,North America,Home & Kitchen,Storage Bin,1,86.09,0.0,11.93,Debit Card,Returned
ORD-102653,2023-05-25,CUST-00704,Emma Brown,Consumer,France,Europe,Electronics,Laptop Stand,1,207.91,0.0,13.05,PayPal,Completed
ORD-103351,2024-04-21,CUST-00488,Patricia Kumar,Consumer,United Kingdom,Europe,Apparel,Running Shoes,1,64.72,0.05,5.47,Credit Card,Returned
ORD-100771,2024-02-07,CUST-00804,Noah Dubois,Small Business,Mexico,South America,Office,Pen Pack,2,46.14,0.0,16.79,PayPal,Returned
ORD-102548,2024-10-24,CUST-00395,Ana Johnson,Consumer,United States,North America,Electronics,Smartphone Case,1,78.94,0.0,14.01,Credit Card,Completed
ORD-101705,2024-07-17,CUST-00413,Ahmed Jones,Consumer,United States,North America,Sports & Outdoors,Hiking Backpack,1,73.97,0.0,24.15,Credit Card,Completed
ORD-102374,2024-02-18,CUST-00202,Emma Tanaka,Enterprise,Japan,Asia,Sports & Outdoors,Hiking Backpack,4,178.07,0.05,10.55,Credit Card,Cancelled
ORD-102433,2023-07-03,CUST-00095,Raj Jones,Consumer,France,Europe,Home & Kitchen,Storage Bin,1,42.24,0.0,18.55,PayPal,Completed
ORD-101922,2023-12-15,CUST-00632,Jennifer Smith,Consumer,United States,North America,Office,Desk Organizer,1,68.5,0.15,10.19,Gift Card,Completed
ORD-100428,2024-06-05,CUST-00169,Ana Kumar,Small Business,United Kingdom,Europe,Beauty,Face Serum,1,48.63,0.0,20.71,Credit Card,Completed
ORD-100442,2024-11-11,CUST-00290,Chen Khan,Consumer,United States,North America,Apparel,Running Shoes,1,11.65,0.0,24.99,Credit Card,Completed
ORD-106451,2024-04-10,CUST-00062,Liam Miller,Small Business,Italy,Europe,Home & Kitchen,Throw Pillow,1,19.84,0.0,24.32,Bank Transfer,Completed
ORD-103030,2024-12-05,CUST-00675,Ahmed Smith,Consumer,Germany,Europe,Beauty,Shampoo,2,12.84,0.05,13.5,Credit Card,Completed
ORD-105972,2023-11-07,CUST-00245,Chen Williams,Consumer, united states ,North America,Beauty,Lip Balm,1,19.08,0.1,22.88,PayPal,Completed
ORD-104604,2024-04-13,CUST-00594,,Consumer,Japan,Asia,Beauty,Hair Dryer,2,54.42,0.2,7.65,Credit Card,Completed
ORD-102996,2024-03-11,CUST-00113,Mia Johnson,Small Business,United States,North America,Home & Kitchen,Storage Bin,1,102.3,0.0,13.12,Credit Card,Completed
ORD-105823,2024-07-09,CUST-00750,Elizabeth Silva,Consumer,United Kingdom,Europe,Electronics,Bluetooth Speaker,1,112.09,0.1,10.93,PayPal,Completed
ORD-105431,2024-02-29,CUST-00018,Fatima Smith,Small Business,Italy,Europe,Office,Standing Desk Mat,2,28.11,0.0,9.47,Gift Card,Completed
ORD-105121,2024-01-21,CUST-00289,Sofia Williams,Enterprise,Australia,Oceania,Sports & Outdoors,Water Bottle,2,143.56,0.0,13.02,PayPal,Completed
ORD-101230,2024-06-11,CUST-00190,Lucas Johnson,Consumer,France,Europe,Beauty,Lip Balm,1,52.93,0.0,24.86,Credit Card,Completed
ORD-100427,2024-09-23,CUST-00520,Wei Martinez,Small Business,Australia,Oceania,Home & Kitchen,Coffee Maker,4,27.97,0.0,5.14,PayPal,Completed
ORD-100005,2023-10-02,CUST-00737,Liam Brown,Consumer,Mexico,South America,Apparel,Running Shoes,2,40.99,0.1,17.01,Credit Card,Completed
ORD-101812,2024-01-02,CUST-00115,Jennifer Costa,Consumer,Japan,Asia,Apparel,T-Shirt,2,60.62,0.05,13.41,PayPal,Cancelled
ORD-103805,2024-08-19,CUST-00221,Patricia Garcia,Enterprise,United States,North America,Sports & Outdoors,Hiking Backpack,1,124.63,0.0,21.07,Debit Card,Completed
ORD-104340,2024-05-11,CUST-00568,John Nakamura,Consumer,Spain,Europe,Home & Kitchen,Cutting Board,1,147.27,0.0,20.62,Credit Card,Completed
ORD-103518,2023-09-23,CUST-00762,Carlos Tanaka,Consumer,United States,North America,Home & Kitchen,Throw Pillow,1,64.08,0.0,10.9,Credit Card,Completed
ORD-100832,2024-05-26,CUST-00178,John Tanaka,Consumer,Italy,Europe,Beauty,Sunscreen SPF50,1,44.93,0.2,23.66,Gift Card,Completed
ORD-102962,2024-04-09,CUST-00064,Priya Garcia,Enterprise,Canada,North America,Office,Standing Desk Mat,1,46.08,0.05,5.47,Bank Transfer,Completed
ORD-106369,2024-04-12,CUST-00085,David Martinez,Consumer,Canada,North America,Sports & Outdoors,Resistance Bands,4,173.74,0.0,7.6,Credit Card,Returned
ORD-105524,2024-08-20,CUST-00297,Elizabeth Brown,Small Business,United Kingdom,Europe,Home & Kitchen,Throw Pillow,1,12.44,0.0,17.54,Bank Transfer,Completed
ORD-103919,2024-07-03,CUST-00680,Elizabeth Smith,Small Business,India,Asia,Office,Standing Desk Mat,1,30.49,0.0,13.74,Credit Card,Returned
ORD-105828,2024-04-16,CUST-00674,Elizabeth Davis,Small Business,United States,North America,Apparel,Running Shoes,2,60.3,0.1,,Credit Card,Completed
ORD-106133,2024-07-27,CUST-00577,Ana Smith,Consumer,Brazil,South America,Electronics,USB-C Cable,1,214.07,0.0,16.65,Debit Card,Cancelled
ORD-100464,2024-06-16,CUST-00345,Olivia Kumar,Enterprise,United Kingdom,Europe,Apparel,Baseball Cap,1,40.27,0.0,4.97,PayPal,Completed
ORD-100740,2024-03-25,CUST-00463,Michael Tanaka,,Brazil,South America,Home & Kitchen,Throw Pillow,2,14.09,0.0,11.58,Credit Card,Completed
ORD-105653,2024-10-20,CUST-00790,Fatima Rodriguez,Consumer,France,Europe,Sports & Outdoors,Hiking Backpack,1,120.39,0.05,19.4,Credit Card,Completed
ORD-100453,2023-12-14,CUST-00800,Priya Brown,Consumer,France,Europe,Sports & Outdoors,Water Bottle,1,56.47,0.0,2.29,Bank Transfer,Completed
ORD-105674,2024-08-29,CUST-00676,Elizabeth Davis,Small Business,United Kingdom,Europe,Office,Desk Organizer,3,57.69,0.0,11.59,Debit Card,Completed
ORD-102739,2023-10-22,CUST-00671,Patricia Smith,Consumer,United States,North America,Home & Kitchen,Storage Bin,-1,136.16,0.0,24.05,Credit Card,Completed
ORD-101422,2023-11-04,CUST-00469,Hiro Brown,Consumer,Mexico,South America,Office,Wireless Mouse,1,40.07,0.0,24.07,PayPal,Completed
ORD-104079,2024-09-27,CUST-00436,Grace Dubois,Consumer,Italy,Europe,Electronics,USB-C Cable,2,41.54,0.2,14.94,Bank Transfer,Completed
ORD-103183,2024-07-15,CUST-00774,Lucas Dubois,Consumer,United States,North America,Apparel,Denim Jacket,1,41.57,0.2,9.57,Debit Card,Completed
ORD-101108,2024-04-25,CUST-00123,Ines Khan,Small Business,United Kingdom,Europe,Beauty,Sunscreen SPF50,1,33.21,0.0,6.66,Credit Card,Completed
ORD-106479,2024-08-11,CUST-00266,Ana Miller,Consumer,United States,North America,Apparel,Running Shoes,2,35.0,0.0,12.15,Credit Card,Returned
ORD-102786,2024-07-27,CUST-00402,Priya Tanaka,Consumer,United States,North America,Electronics,Headphones,1,23.33,0.0,14.55,Debit Card,Completed
ORD-104450,2024-03-10,CUST-00734,Robert Muller,Consumer,Brazil,South America,Home & Kitchen,Coffee Maker,1,97.69,0.0,2.54,Gift Card,Completed
ORD-105649,2024-04-19,CUST-00346,Jennifer Silva,Consumer,United Kingdom,Europe,Electronics,USB-C Cable,1,53.55,0.0,2.71,Debit Card,Completed
ORD-105758,2024-06-02,CUST-00232,Noah Miller,Enterprise,France,Europe,Beauty,Lip Balm,3,32.71,0.0,20.08,Credit Card,Returned
ORD-106439,2024-09-18,CUST-00302,James Martinez,Enterprise,Italy,Europe,Electronics,Headphones,1,194.0,0.1,8.5,Credit Card,Completed
ORD-103875,2024-06-13,CUST-00530,Grace Zhang,Consumer,United States,North America,Beauty,Shampoo,1,46.01,0.1,8.6,Bank Transfer,Completed
ORD-100406,2024-08-20,CUST-00091,Carlos Johnson,Consumer,United States,North America,Electronics,Bluetooth Speaker,5,109.29,0.0,13.46,PayPal,Completed
ORD-105970,2024-04-29,CUST-00826,Elizabeth Johnson,Consumer,United States,North America,Apparel,T-Shirt,1,55.15,0.0,10.46,PayPal,Completed
ORD-105900,2024-07-17,CUST-00236,Mary Zhang,Small Business,Japan,Asia,Electronics,Laptop Stand,2,19.69,0.0,10.97,Gift Card,Completed
ORD-101335,2024-09-08,CUST-00631,Mary Jones,Small Business,France,Europe,Electronics,Headphones,1,77.04,0.15,24.96,Debit Card,Completed
ORD-100371,2023-11-15,CUST-00174,Sofia Costa,Small Business,United Kingdom,Europe,Sports & Outdoors,Water Bottle,1,173.17,0.0,7.99,Credit Card,Completed
ORD-100886,2023-06-16,CUST-00396,Mary Costa,Consumer,Mexico,South America,Beauty,Face Serum,4,37.7,0.15,19.24,Credit Card,Completed
ORD-101282,2024-04-20,CUST-00327,Emma Kumar,Consumer, mexico ,South America,Electronics,Bluetooth Speaker,1,84.69,0.05,9.66,Credit Card,Completed
ORD-103146,2024-05-04,CUST-00745,,Enterprise,India,Asia,Apparel,Wool Socks,2,39.58,0.0,13.3,PayPal,Completed
ORD-100399,2023-12-12,CUST-00265,Mia Miller,Consumer,United States,North America,Home & Kitchen,Storage Bin,4,44.57,0.0,6.21,PayPal,Completed
ORD-106179,2023-03-01,CUST-00027,Patricia Zhang,Small Business,Italy,Europe,Sports & Outdoors,Yoga Mat,1,137.78,0.05,8.95,Debit Card,Completed
ORD-101986,2024-09-03,CUST-00804,Noah Dubois,Small Business,Mexico,South America,Office,Standing Desk Mat,3,23.37,0.0,13.69,Debit Card,Completed
ORD-104082,2024-07-17,CUST-00674,Elizabeth Davis,Small Business,United States,North America,Beauty,Sunscreen SPF50,2,6.88,0.0,,Credit Card,Completed
ORD-100719,2024-01-04,CUST-00064,Priya Garcia,Enterprise,Canada,North America,Office,Pen Pack,2,59.74,0.0,18.36,Debit Card,Completed
ORD-104333,2024-11-14,CUST-00205,Ahmed Nakamura,Enterprise,United Kingdom,Europe,Electronics,USB-C Cable,2,170.98,0.1,3.0,Bank Transfer,Completed
ORD-100136,2024-04-26,CUST-00362,Elizabeth Costa,,India,Asia,Home & Kitchen,Storage Bin,1,102.69,0.15,24.11,Debit Card,Completed
ORD-100758,2024-08-10,CUST-00481,Mary Jones,Consumer,United States,North America,Home & Kitchen,Blender,2,108.3,0.05,19.73,Gift Card,Completed
ORD-100962,2024-07-31,CUST-00208,Tom Martinez,Enterprise,Germany,Europe,Electronics,Headphones,1,151.98,0.0,5.74,PayPal,Completed
ORD-101885,2024-06-07,CUST-00708,Fatima Smith,,United States,North America,Electronics,Laptop Stand,1,148.86,0.0,11.66,Gift Card,Completed
ORD-104546,2023-12-24,CUST-00703,Ahmed Tanaka,Enterprise,United Kingdom,Europe,Beauty,Sunscreen SPF50,1,8.69,0.05,11.11,Credit Card,Completed
ORD-105084,2023-06-29,CUST-00631,Mary Jones,Small Business,France,Europe,Office,Standing Desk Mat,3,26.72,0.1,6.3,Bank Transfer,Cancelled
ORD-104770,2024-09-28,CUST-00315,Lucas Brown,Consumer,Germany,Europe,Apparel,T-Shirt,1,48.95,0.15,13.59,Gift Card,Completed
ORD-101649,2024-08-26,CUST-00735,Linda Rossi,Consumer,United Kingdom,Europe,Electronics,USB-C Cable,2,24.63,0.0,15.85,Bank Transfer,Completed
ORD-100992,2024-03-01,CUST-00265,Mia Miller,Consumer,United States,North America,Home & Kitchen,Storage Bin,1,15.44,0.0,2.56,Credit Card,Completed
ORD-106812,2023-08-19,CUST-00115,Jennifer Costa,Consumer,Japan,Asia,Apparel,Running Shoes,1,34.77,0.0,21.85,Gift Card,Completed
ORD-103166,2023-05-09,CUST-00640,John Tanaka,Consumer,Brazil,South America,Electronics,Headphones,-1,56.23,0.0,20.03,Credit Card,Completed
ORD-100277,2023-10-27,CUST-00263,Ana Costa,Consumer,Japan,Asia,Office,Standing Desk Mat,3,16.55,0.05,7.54,Credit Card,Completed
ORD-101926,2024-10-30,CUST-00229,Tom Silva,Consumer,Germany,Europe,Beauty,Sunscreen SPF50,-1,12.84,0.0,8.98,Credit Card,Completed
ORD-101042,2024-08-02,CUST-00490,Fatima Jones,Small Business,United States,North America,Beauty,Lip Balm,2,45.26,0.0,10.03,Credit Card,Completed
ORD-100308,2024-01-31,CUST-00243,Mary Jones,Consumer,Germany,Europe,Home & Kitchen,Storage Bin,3,15.6,0.0,9.55,Credit Card,Completed
ORD-102058,2024-02-10,CUST-00769,Raj Rodriguez,Consumer,France,Europe,Beauty,Lip Balm,1,5.8,0.0,16.61,Gift Card,Completed
ORD-100900,2024-08-19,CUST-00494,Emma Martinez,Consumer,UNITED STATES,North America,Office,Pen Pack,1,46.03,0.0,20.78,Credit Card,Completed
ORD-104099,2024-04-29,CUST-00666,Ana Khan,Consumer,United Kingdom,Europe,Home & Kitchen,Coffee Maker,1,70.37,0.0,8.21,Credit Card,Completed
ORD-100789,2023-08-02,CUST-00748,Chen Johnson,Consumer,Canada,North America,Sports & Outdoors,Hiking Backpack,1,94.63,0.0,6.6,PayPal,Completed
ORD-106610,2024-12-02,CUST-00171,Mary Johnson,Small Business,United States,North America,Sports & Outdoors,Camping Tent,1,92.5,0.0,23.96,Credit Card,Completed
ORD-103638,2024-04-24,CUST-00778,John Davis,Small Business, united states ,North America,Electronics,Laptop Stand,4,36.16,0.0,9.07,Debit Card,Completed
ORD-102747,2024-03-03,CUST-00264,Patricia Silva,Consumer,United Kingdom,Europe,Electronics,Laptop Stand,3,19.32,0.0,9.57,Credit Card,Completed
ORD-103140,2023-08-13,CUST-00790,Fatima Rodriguez,Consumer,France,Europe,Apparel,Wool Socks,2,47.87,0.0,20.86,Bank Transfer,Completed
ORD-102035,2023-10-29,CUST-00697,Elizabeth Tanaka,Consumer,United Kingdom,Europe,Electronics,Headphones,1,28.12,0.05,4.65,Credit Card,Completed
ORD-101900,2023-11-28,CUST-00369,Linda Williams,Small Business,United States,North America,Electronics,Bluetooth Speaker,2,22.37,0.1,9.23,PayPal,Completed
ORD-104949,2023-07-15,CUST-00653,Jennifer Zhang,Consumer,Singapore,Asia,Sports & Outdoors,Yoga Mat,2,19.13,0.0,11.8,Debit Card,Completed
ORD-103917,2024-10-14,CUST-00238,Olivia Muller,Small Business,Brazil,South America,Office,Wireless Mouse,2,24.45,0.05,24.01,Credit Card,Completed
ORD-101123,2024-03-15,CUST-00043,Jennifer Miller,Consumer,United States,North America,Electronics,Headphones,1,170.96,0.0,8.16,PayPal,Completed
ORD-102659,2024-02-12,CUST-00693,Ines Nakamura,Consumer,United Kingdom,Europe,Apparel,Running Shoes,2,49.21,0.05,19.43,Bank Transfer,Completed
ORD-106199,2024-03-29,CUST-00633,Linda Muller,Consumer,United States,North America,Apparel,Wool Socks,1,72.99,0.0,22.78,Debit Card,Returned
ORD-105558,2024-01-30,CUST-00233,Grace Tanaka,Consumer,Italy,Europe,Beauty,Lip Balm,3,57.34,0.0,24.06,Credit Card,Completed
ORD-106382,2023-10-02,CUST-00508,Elizabeth Kumar,Enterprise,India,Asia,Apparel,T-Shirt,3,54.06,0.0,12.07,Credit Card,Completed
ORD-105068,2024-12-01,CUST-00366,Wei Rodriguez,Consumer,Japan,Asia,Electronics,USB-C Cable,1,177.21,0.0,6.53,Credit Card,Completed
ORD-101392,2023-04-07,CUST-00821,Grace Rossi,Small Business,United States,North America,Sports & Outdoors,Camping Tent,1,39.56,0.0,16.39,PayPal,Completed
ORD-105378,2023-08-14,CUST-00308,Fatima Costa,Small Business,France,Europe,Sports & Outdoors,Camping Tent,1,38.94,0.0,5.63,Credit Card,Completed
ORD-103504,2023-11-17,CUST-00175,Carlos Brown,Small Business,United States,North America,Apparel,Running Shoes,2,16.66,0.0,6.0,Credit Card,Completed
ORD-103346,2024-09-03,CUST-00300,Liam Jones,Consumer,France,Europe,Apparel,T-Shirt,1,64.31,0.0,7.04,Bank Transfer,Completed
ORD-104409,2023-09-23,CUST-00258,Robert Zhang,Consumer, singapore ,Asia,Apparel,Denim Jacket,1,44.32,0.0,12.47,Gift Card,Completed
ORD-103636,2023-07-11,CUST-00525,Ana Zhang,Small Business,United States,North America,Apparel,Baseball Cap,1,59.44,0.0,21.42,PayPal,Completed
ORD-103804,2024-07-17,CUST-00600,Linda Garcia,Consumer,Spain,Europe,Apparel,Baseball Cap,2,14.98,0.0,8.28,Gift Card,Completed
ORD-100090,2023-05-13,CUST-00447,Tom Rossi,Consumer,United States,North America,Home & Kitchen,Coffee Maker,1,79.37,0.0,13.05,Debit Card,Completed
ORD-101697,2024-05-27,CUST-00516,Wei Davis,Consumer,India,Asia,Beauty,Hair Dryer,1,17.98,0.0,17.3,Credit Card,Completed
ORD-103229,2023-10-12,CUST-00691,Carlos Rossi,Consumer,Canada,North America,Home & Kitchen,Storage Bin,1,93.25,0.0,13.25,PayPal,Completed
ORD-101219,2024-04-25,CUST-00304,John Garcia,Small Business,Australia,Oceania,Electronics,Laptop Stand,1,189.33,0.0,11.57,PayPal,Completed
ORD-100787,2024-07-17,CUST-00636,Michael Rodriguez,Consumer,United States,North America,Electronics,Laptop Stand,4,88.98,0.0,20.15,Bank Transfer,Completed
ORD-103087,2023-12-13,CUST-00009,Yuki Khan,Consumer,Germany,Europe,Beauty,Face Serum,1,34.28,0.05,9.29,Credit Card,Completed
ORD-106632,2024-04-28,CUST-00032,John Davis,Consumer,Spain,Europe,Apparel,Denim Jacket,1,25.28,0.0,18.51,PayPal,Completed
ORD-104139,2024-04-04,CUST-00099,Chen Costa,Enterprise,Mexico,South America,Office,Desk Organizer,2,63.86,0.0,22.85,Credit Card,Completed
ORD-103063,2024-11-12,CUST-00189,Noah Silva,Small Business,INDIA,Asia,Apparel,Wool Socks,1,86.9,0.0,13.42,Credit Card,Completed
ORD-100861,2024-08-07,CUST-00157,John Williams,Consumer,United Kingdom,Europe,Sports & Outdoors,Water Bottle,1,69.1,0.0,19.01,PayPal,Completed
ORD-101964,2024-09-03,CUST-00619,Liam Costa,Enterprise,Canada,North America,Office,Standing Desk Mat,2,6.61,0.0,21.99,Gift Card,Completed
ORD-103707,2024-06-14,CUST-00776,Priya Nakamura,Consumer,United States,North America,Apparel,Wool Socks,3,74.93,0.05,11.64,Bank Transfer,Completed
ORD-102781,2023-12-20,CUST-00372,Raj Dubois,Enterprise,UNITED STATES,North America,Home & Kitchen,Throw Pillow,1,85.29,0.1,10.92,Credit Card,Completed
ORD-101236,2024-05-27,CUST-00477,,,Brazil,South America,Office,Desk Organizer,2,45.25,0.1,23.28,Credit Card,Completed
ORD-100492,2024-08-14,CUST-00689,Noah Rodriguez,Enterprise,Germany,Europe,Home & Kitchen,Blender,4,44.83,0.0,2.62,Debit Card,Completed
ORD-100086,2024-07-31,CUST-00413,Ahmed Jones,Consumer,United States,North America,Electronics,Headphones,1,32.54,0.0,11.98,Debit Card,Completed
ORD-102704,2024-02-03,CUST-00429,Priya Dubois,Enterprise,United Kingdom,Europe,Electronics,Smartphone Case,1,38.23,0.05,20.35,Credit Card,Completed
ORD-104520,2024-05-18,CUST-00604,Sofia Johnson,Consumer,Germany,Europe,Apparel,Baseball Cap,1,25.3,0.0,5.49,Credit Card,Completed
ORD-104570,2024-12-08,CUST-00686,James Martinez,Enterprise,Germany,Europe,Home & Kitchen,Coffee Maker,1,1197.386411774376,0.2,21.35,PayPal,Completed
ORD-103855,2023-04-11,CUST-00170,Emma Costa,Consumer,United States,North America,Beauty,Face Serum,1,34.98,0.0,17.23,PayPal,Completed
ORD-102236,2024-05-03,CUST-00342,Sofia Kumar,Small Business,United Kingdom,Europe,Sports & Outdoors,Hiking Backpack,1,76.65,0.0,11.42,Credit Card,Completed
ORD-102774,2024-03-31,CUST-00498,Fatima Costa,Small Business,Japan,Asia,Electronics,Laptop Stand,2,202.0,0.15,16.2,PayPal,Completed
ORD-105200,2024-04-16,CUST-00836,Chen Johnson,Enterprise,Brazil,South America,Office,Desk Organizer,2,11.82,0.05,13.16,Bank Transfer,Completed
ORD-101035,2024-05-12,CUST-00680,Elizabeth Smith,Small Business,India,Asia,Apparel,Running Shoes,4,51.63,0.2,21.26,Debit Card,Completed
ORD-104559,2024-01-30,CUST-00613,Olivia Smith,Consumer,India,Asia,Beauty,Hair Dryer,1,17.7,0.0,7.64,Credit Card,Completed
ORD-100434,2024-07-10,CUST-00434,Grace Davis,Consumer,France,Europe,Sports & Outdoors,Camping Tent,1,60.2,0.0,8.29,Debit Card,Completed
ORD-100315,2024-07-25,CUST-00253,Ana Miller,Enterprise,United States,North America,Electronics,Smartphone Case,-1,184.95,0.0,20.02,Credit Card,Completed
ORD-105858,2024-06-06,CUST-00546,John Rodriguez,Consumer,Brazil,South America,Home & Kitchen,Storage Bin,1,59.91,0.0,19.23,Credit Card,Completed
ORD-103624,2024-06-26,CUST-00457,Olivia Brown,Consumer,United States,North America,Office,Notebook Set,2,18.65,0.0,3.79,Debit Card,Completed
ORD-101874,2024-06-16,CUST-00705,Hiro Brown,Small Business,United States,North America,Sports & Outdoors,Yoga Mat,1,146.56,0.0,13.92,Credit Card,Completed
ORD-101145,2024-08-23,CUST-00434,Grace Davis,Consumer,France,Europe,Electronics,Bluetooth Speaker,2,141.63,0.2,5.35,Credit Card,Returned
ORD-106775,2023-08-03,CUST-00404,David Rodriguez,Small Business,Singapore,Asia,Electronics,Smartphone Case,1,19.71,0.0,8.24,PayPal,Completed
ORD-103546,2024-02-22,CUST-00012,Ines Davis,Consumer,United States,North America,Electronics,Headphones,2,46.63,0.0,23.74,Bank Transfer,Completed
ORD-104542,2024-05-12,CUST-00180,Liam Brown,Consumer,Singapore,Asia,Electronics,Bluetooth Speaker,1,52.12,0.1,4.28,PayPal,Completed
ORD-102532,2024-10-03,CUST-00061,Chen Rossi,Enterprise,France,Europe,Apparel,Wool Socks,1,86.07,0.1,19.79,Credit Card,Returned
ORD-103767,2024-05-07,CUST-00221,Patricia Garcia,Enterprise,United States,North America,Electronics,Bluetooth Speaker,1,169.29,0.1,14.1,Debit Card,Completed
ORD-100334,2024-07-05,CUST-00603,Lucas Johnson,Consumer,United Kingdom,Europe,Apparel,Wool Socks,1,31.6,0.0,6.05,Debit Card,Completed
ORD-106215,2024-05-06,CUST-00127,Ana Davis,Small Business,France,Europe,Sports & Outdoors,Hiking Backpack,1,23.66,0.0,10.19,PayPal,Returned
ORD-103816,2024-09-10,CUST-00697,Elizabeth Tanaka,Consumer,United Kingdom,Europe,Electronics,USB-C Cable,2,146.1,0.05,4.6,Credit Card,Completed
ORD-105238,2023-09-02,CUST-00554,Linda Smith,Consumer, spain ,Europe,Beauty,Hair Dryer,1,32.66,0.0,19.2,Gift Card,Completed
ORD-102404,2024-12-13,CUST-00106,Ana Miller,Consumer,India,Asia,Beauty,Sunscreen SPF50,1,59.16,0.0,22.06,Credit Card,Completed
ORD-106060,2023-07-03,CUST-00242,Tom Nakamura,Consumer,United States,North America,Sports & Outdoors,Water Bottle,1,20.71,0.05,7.87,Credit Card,Completed
ORD-102662,2024-08-28,CUST-00127,Ana Davis,Small Business,France,Europe,Apparel,Denim Jacket,1,43.47,0.0,22.64,Debit Card,Completed
ORD-106820,2024-10-01,CUST-00107,,Enterprise,Brazil,South America,Beauty,Shampoo,1,54.3,0.0,3.94,Bank Transfer,Completed
ORD-104620,2024-02-15,CUST-00516,Wei Davis,Consumer,India,Asia,Electronics,Bluetooth Speaker,1,67.64,0.15,19.02,Debit Card,Completed
ORD-105410,2024-08-21,CUST-00843,Tom Dubois,Enterprise,Singapore,Asia,Electronics,Bluetooth Speaker,1,206.67,0.05,16.71,PayPal,Completed
ORD-105549,2023-08-21,CUST-00529,Fatima Silva,Enterprise,United Kingdom,Europe,Electronics,Smartphone Case,1,108.81,0.0,3.94,Credit Card,Completed
ORD-100808,2024-11-09,CUST-00554,Linda Smith,Consumer,Spain,Europe,Electronics,Headphones,1,20.47,0.0,22.34,Debit Card,Returned
ORD-100159,2023-10-26,CUST-00843,Tom Dubois,Enterprise, singapore ,Asia,Electronics,Bluetooth Speaker,1,56.47,0.0,13.35,PayPal,Completed
ORD-106712,2024-04-20,CUST-00270,Mary Brown,Consumer,Mexico,South America,Beauty,Shampoo,1,37.48,0.05,11.46,PayPal,Completed
ORD-100233,2023-11-13,CUST-00146,Sofia Jones,Consumer,Germany,Europe,Electronics,Headphones,1,15.19,0.0,8.28,Bank Transfer,Returned
ORD-100684,2023-10-01,CUST-00397,Chen Williams,Small Business,Germany,Europe,Electronics,Smartphone Case,1,71.64,0.0,9.9,PayPal,Completed
ORD-102924,2024-07-12,CUST-00786,David Khan,Consumer,Germany,Europe,Apparel,Running Shoes,1,29.07,0.0,23.17,Gift Card,Completed
ORD-105274,2024-09-18,CUST-00429,Priya Dubois,Enterprise,United Kingdom,Europe,Electronics,Headphones,4,175.15,0.0,11.97,PayPal,Cancelled
ORD-101226,2024-03-07,CUST-00739,Hiro Dubois,Consumer,UNITED STATES,North America,Office,Pen Pack,1,60.6,0.0,8.34,PayPal,Completed
ORD-105311,2024-02-14,CUST-00187,Grace Zhang,Consumer,United States,North America,Beauty,Hair Dryer,1,27.17,0.0,5.06,PayPal,Completed
ORD-104265,2024-03-02,CUST-00311,Ana Garcia,Consumer,United Kingdom,Europe,Office,Notebook Set,1,58.15,0.1,21.04,Debit Card,Completed
ORD-101264,2024-01-23,CUST-00253,Ana Miller,Enterprise,United States,North America,Office,Wireless Mouse,1,53.86,0.0,24.9,Debit Card,Completed
ORD-101194,2024-05-22,CUST-00168,Noah Rossi,Enterprise,Germany,Europe,Office,Pen Pack,1,54.64,0.0,6.47,Credit Card,Completed
ORD-100306,2024-12-04,CUST-00841,Wei Brown,Consumer,UNITED KINGDOM,Europe,Home & Kitchen,Blender,1,46.72,0.0,16.11,Debit Card,Completed
ORD-101071,2024-08-28,CUST-00194,Priya Miller,Consumer,France,Europe,Office,Desk Organizer,1,45.65,0.0,2.29,Credit Card,Completed
ORD-104250,2024-10-31,CUST-00605,Fatima Tanaka,Consumer,Singapore,Asia,Sports & Outdoors,Camping Tent,1,160.86,0.1,17.1,Debit Card,Completed
ORD-106121,2024-09-28,CUST-00538,Hiro Khan,Small Business,United Kingdom,Europe,Home & Kitchen,Cutting Board,1,13.88,0.05,21.77,Credit Card,Completed
ORD-101173,2024-02-20,CUST-00452,Carlos Miller,Small Business,United States,North America,Electronics,Laptop Stand,1,49.37,0.05,10.36,Debit Card,Completed
ORD-100934,2024-04-02,CUST-00521,Lucas Nakamura,Small Business,Australia,Oceania,Electronics,USB-C Cable,3,93.61,0.0,19.4,Bank Transfer,Cancelled
ORD-101079,2023-04-16,CUST-00743,Liam Tanaka,Consumer,United States,North America,Electronics,Laptop Stand,2,200.45,0.0,9.18,Debit Card,Completed
ORD-100232,2023-12-18,CUST-00152,Ahmed Brown,,United States,North America,Apparel,Running Shoes,1,34.73,0.0,3.22,Credit Card,Completed
ORD-104185,2024-03-15,CUST-00040,Liam Tanaka,Consumer,Spain,Europe,Electronics,Laptop Stand,1,77.21,0.05,6.62,Bank Transfer,Completed
ORD-104068,2023-09-28,CUST-00215,Priya Smith,Consumer,Spain,Europe,Apparel,Baseball Cap,1,58.62,0.0,16.58,Debit Card,Completed
ORD-100180,2024-09-16,CUST-00543,John Davis,Consumer,United States,North America,Home & Kitchen,Cutting Board,1,99.43,0.0,11.3,PayPal,Completed
ORD-101210,2024-02-02,CUST-00703,Ahmed Tanaka,Enterprise,United Kingdom,Europe,Beauty,Lip Balm,1,50.59,0.0,8.93,Credit Card,Completed
ORD-102802,2023-08-05,CUST-00447,Tom Rossi,Consumer,United States,North America,Home & Kitchen,Throw Pillow,2,135.38,0.05,15.51,Credit Card,Completed
ORD-100781,2024-06-28,CUST-00564,Chen Davis,Small Business,Brazil,South America,Home & Kitchen,Coffee Maker,1,110.53,0.0,5.33,Debit Card,Completed
ORD-100897,2024-02-18,CUST-00435,Ana Khan,Consumer,Singapore,Asia,Home & Kitchen,Blender,4,104.83,0.05,13.18,PayPal,Returned
ORD-106668,2024-04-21,CUST-00377,Hiro Muller,Enterprise,Mexico,South America,Electronics,Bluetooth Speaker,1,48.4,0.1,2.7,Gift Card,Completed
ORD-104052,2024-04-09,CUST-00021,Sofia Muller,Consumer,France,Europe,Sports & Outdoors,Water Bottle,-1,58.79,0.0,3.71,PayPal,Completed
ORD-103493,2024-08-16,CUST-00265,Mia Miller,Consumer,United States,North America,Electronics,Laptop Stand,2,88.36,0.1,18.33,Credit Card,Completed
ORD-100512,2024-05-17,CUST-00261,David Garcia,Enterprise, germany ,Europe,Beauty,Sunscreen SPF50,1,59.96,0.1,19.12,Gift Card,Returned
ORD-106758,2024-04-01,CUST-00133,Carlos Costa,Consumer,Germany,Europe,Electronics,Bluetooth Speaker,1,33.58,0.05,17.21,Debit Card,Completed
ORD-103107,2023-06-25,CUST-00763,Liam Rossi,Small Business,United States,North America,Electronics,Smartphone Case,-2,54.95,0.0,14.38,Credit Card,Returned
ORD-105349,2024-04-24,CUST-00526,Carlos Jones,Small Business,Singapore,Asia,Electronics,Laptop Stand,1,68.62,0.0,22.76,Bank Transfer,Completed
ORD-103817,2024-01-30,CUST-00710,Wei Miller,Consumer,United States,North America,Apparel,Wool Socks,2,59.37,0.15,17.95,Credit Card,Returned
ORD-106724,2023-11-20,CUST-00129,John Davis,Enterprise,India,Asia,Office,Desk Organizer,1,24.16,0.0,18.34,Credit Card,Completed
ORD-105071,2024-03-17,CUST-00651,Emma Nakamura,Consumer,India,Asia,Electronics,USB-C Cable,3,109.4,0.0,7.47,Bank Transfer,Completed
ORD-104959,2024-02-06,CUST-00348,Elizabeth Muller,Small Business,Italy,Europe,Beauty,Lip Balm,2,30.78,0.0,14.45,Bank Transfer,Completed
ORD-100359,2024-05-03,CUST-00716,Robert Dubois,Consumer,Mexico,South America,Electronics,Smartphone Case,2,22.7,0.0,18.65,Credit Card,Cancelled
ORD-105746,2024-07-05,CUST-00468,Grace Johnson,Enterprise,United Kingdom,Europe,Home & Kitchen,Storage Bin,1,63.97,0.0,11.58,PayPal,Completed
ORD-102925,2024-02-17,CUST-00078,Ana Rodriguez,Enterprise,Spain,Europe,Electronics,USB-C Cable,2,24.77,0.0,21.79,PayPal,Completed
ORD-104059,2023-12-01,CUST-00661,Tom Rossi,,Australia,Oceania,Apparel,Wool Socks,1,37.47,0.05,21.39,Credit Card,Completed
ORD-100725,2024-06-03,CUST-00230,Raj Nakamura,Small Business,FRANCE,Europe,Beauty,Shampoo,1,24.09,0.0,17.27,Debit Card,Completed
ORD-105731,2024-06-27,CUST-00089,Ines Dubois,Consumer,United Kingdom,Europe,Electronics,Laptop Stand,2,165.51,0.0,18.82,Credit Card,Completed
ORD-103303,2023-05-31,CUST-00242,Tom Nakamura,Consumer,United States,North America,Office,Notebook Set,2,49.47,0.2,18.12,PayPal,Completed
ORD-101119,2024-07-18,CUST-00820,Hiro Williams,Consumer,France,Europe,Electronics,Headphones,-1,177.84,0.0,8.34,Bank Transfer,Completed
ORD-102760,2024-07-02,CUST-00300,Liam Jones,Consumer,France,Europe,Office,Pen Pack,-1,59.07,0.2,12.45,Bank Transfer,Completed
ORD-100384,2024-09-16,CUST-00796,David Khan,Enterprise,United States,North America,Sports & Outdoors,Hiking Backpack,1,2239.783782230075,0.0,5.6,Credit Card,Completed
ORD-101389,2024-04-26,CUST-00098,Patricia Johnson,Enterprise,United States,North America,Apparel,T-Shirt,1,81.05,0.0,17.17,Bank Transfer,Completed
ORD-101643,2023-08-29,CUST-00691,Carlos Rossi,Consumer,Canada,North America,Home & Kitchen,Coffee Maker,1,55.16,0.1,2.62,Debit Card,Returned
ORD-105170,2023-10-23,CUST-00138,John Muller,Consumer,Australia,Oceania,Apparel,T-Shirt,1,11.44,0.0,4.55,Credit Card,Completed
ORD-104056,2024-08-25,CUST-00426,Mia Miller,Consumer,United States,North America,Apparel,Running Shoes,2,84.67,0.05,9.01,PayPal,Completed
ORD-106527,2024-09-06,CUST-00468,Grace Johnson,Enterprise,United Kingdom,Europe,Electronics,USB-C Cable,1,184.19,0.1,15.56,Debit Card,Completed
ORD-105638,2024-05-04,CUST-00453,Tom Kumar,Consumer,India,Asia,Electronics,USB-C Cable,1,31.1,0.0,17.73,Credit Card,Completed
ORD-103565,2024-07-22,CUST-00142,John Johnson,Small Business,Japan,Asia,Home & Kitchen,Throw Pillow,2,43.54,0.0,22.87,Debit Card,Completed
ORD-100730,2024-04-19,CUST-00011,Ines Tanaka,Enterprise,United Kingdom,Europe,Apparel,Running Shoes,2,43.56,0.0,15.06,PayPal,Completed
ORD-104852,2024-05-07,CUST-00781,Elizabeth Brown,Consumer,India,Asia,Apparel,Wool Socks,1,12.09,0.0,8.44,Credit Card,Completed
ORD-102798,2024-08-25,CUST-00319,Mary Dubois,Enterprise,Japan,Asia,Apparel,T-Shirt,1,86.55,0.1,2.82,Gift Card,Completed
ORD-102424,2024-10-04,CUST-00761,Liam Rodriguez,Consumer,United Kingdom,Europe,Electronics,Bluetooth Speaker,2,146.51,0.05,2.23,PayPal,Completed
ORD-100025,2024-07-07,CUST-00430,Hiro Miller,Consumer,France,Europe,Sports & Outdoors,Camping Tent,1,178.47,0.05,22.41,Credit Card,Completed
ORD-105167,2024-06-11,CUST-00678,Lucas Kumar,Consumer,GERMANY,Europe,Sports & Outdoors,Water Bottle,1,149.71,0.0,24.56,Credit Card,Completed
ORD-106137,2024-04-07,CUST-00088,Jennifer Costa,Consumer,UNITED STATES,North America,Apparel,Running Shoes,4,60.57,0.1,6.81,PayPal,Completed
ORD-106843,2024-08-10,CUST-00102,Elizabeth Kumar,Small Business,Germany,Europe,Electronics,Laptop Stand,1,67.53,0.0,13.8,Bank Transfer,Completed
ORD-106397,2023-11-11,CUST-00618,Linda Dubois,Consumer,India,Asia,Electronics,Headphones,1,197.09,0.0,20.3,Credit Card,Completed
ORD-102137,2023-06-17,CUST-00043,Jennifer Miller,Consumer,United States,North America,Electronics,Bluetooth Speaker,2,107.88,0.0,13.91,PayPal,Completed
ORD-105683,2024-09-27,CUST-00767,Raj Smith,Small Business,Brazil,South America,Beauty,Sunscreen SPF50,4,19.84,0.0,23.9,PayPal,Completed
ORD-103710,2024-10-07,CUST-00282,Ahmed Rodriguez,Consumer,Australia,Oceania,Electronics,Laptop Stand,2,175.61,0.0,16.68,Credit Card,Completed
ORD-101499,2024-01-06,CUST-00771,Lucas Nakamura,Consumer,UNITED KINGDOM,Europe,Home & Kitchen,Coffee Maker,1,129.74,0.0,13.93,Credit Card,Cancelled
ORD-102767,2024-09-30,CUST-00329,Chen Brown,Enterprise,United Kingdom,Europe,Apparel,T-Shirt,1,26.26,0.0,19.35,Debit Card,Completed
ORD-104965,2024-02-14,CUST-00213,Ines Muller,Small Business,Japan,Asia,Apparel,Baseball Cap,1,12.78,0.0,2.36,Debit Card,Completed
ORD-105423,2024-11-02,CUST-00758,Ines Silva,Small Business,Singapore,Asia,Home & Kitchen,Coffee Maker,3,42.47,0.0,18.62,Credit Card,Returned
ORD-104049,2024-12-02,CUST-00296,Wei Davis,Consumer,United States,North America,Electronics,Bluetooth Speaker,3,120.68,0.15,9.86,Credit Card,Completed
ORD-101147,2024-09-25,CUST-00109,Tom Costa,Small Business,JAPAN,Asia,Home & Kitchen,Storage Bin,1,105.38,0.0,22.73,Credit Card,Completed
ORD-103055,2024-04-18,CUST-00554,Linda Smith,Consumer,Spain,Europe,Home & Kitchen,Coffee Maker,2,118.66,0.0,3.72,Credit Card,Completed
ORD-102496,2023-09-23,CUST-00190,Lucas Johnson,Consumer,FRANCE,Europe,Sports & Outdoors,Camping Tent,1,124.88,0.0,5.52,Gift Card,Completed
ORD-104427,2023-09-07,CUST-00792,Ana Garcia,Consumer,United States,North America,Apparel,T-Shirt,1,87.35,0.05,12.19,Credit Card,Completed
ORD-100733,2023-09-15,CUST-00638,Noah Brown,Enterprise,France,Europe,Apparel,Running Shoes,1,85.41,0.0,3.15,Debit Card,Completed
ORD-105482,2023-08-04,CUST-00162,Lucas Miller,Consumer,United Kingdom,Europe,Apparel,Denim Jacket,1,15.13,0.15,2.17,Credit Card,Completed
ORD-101429,2024-07-11,CUST-00054,Tom Khan,Consumer,Brazil,South America,Apparel,T-Shirt,1,81.35,0.0,10.25,Credit Card,Returned
ORD-101720,2023-10-28,CUST-00510,Hiro Martinez,Consumer,Canada,North America,Beauty,Hair Dryer,3,51.61,0.0,6.05,PayPal,Completed
ORD-104001,2024-03-09,CUST-00280,Carlos Nakamura,Consumer,France,Europe,Apparel,Denim Jacket,4,55.64,0.0,24.29,Debit Card,Completed
ORD-103837,2024-11-22,CUST-00137,Mary Williams,Enterprise,Italy,Europe,Office,Standing Desk Mat,2,17.85,0.0,15.56,Bank Transfer,Returned
ORD-100757,2024-01-11,CUST-00205,Ahmed Nakamura,Enterprise,United Kingdom,Europe,Office,Standing Desk Mat,1,46.81,0.0,8.42,PayPal,Completed
ORD-104206,2024-04-12,CUST-00440,Robert Smith,Small Business,Australia,Oceania,Apparel,T-Shirt,2,88.44,0.0,12.97,Credit Card,Completed
ORD-103466,2024-01-30,CUST-00561,Grace Tanaka,Small Business,INDIA,Asia,Beauty,Sunscreen SPF50,1,47.82,0.0,3.52,Credit Card,Returned
ORD-103706,2023-07-04,CUST-00677,Chen Kumar,,United States,North America,Sports & Outdoors,Yoga Mat,1,155.6,0.0,18.59,Credit Card,Completed
ORD-102130,2024-05-28,CUST-00770,Noah Rodriguez,Consumer,Australia,Oceania,Home & Kitchen,Throw Pillow,1,117.94,0.0,11.25,PayPal,Completed
ORD-103889,2024-08-17,CUST-00808,Robert Brown,Small Business,United States,North America,Apparel,Running Shoes,2,79.14,0.1,11.23,Credit Card,Completed
ORD-106719,2024-05-30,CUST-00065,James Williams,Small Business,United States,North America,Apparel,Denim Jacket,1,75.44,0.2,20.6,Credit Card,Completed
ORD-103612,2023-07-11,CUST-00258,Robert Zhang,Consumer,Singapore,Asia,Electronics,Smartphone Case,1,29.96,0.0,11.32,Debit Card,Completed
ORD-106534,2024-08-31,CUST-00353,Ines Dubois,Consumer,France,Europe,Electronics,Headphones,1,52.49,0.0,22.14,Credit Card,Completed
ORD-104101,2023-12-03,CUST-00294,Olivia Zhang,Consumer,Spain,Europe,Office,Pen Pack,1,47.73,0.0,12.78,Credit Card,Completed
ORD-101294,2024-08-01,CUST-00171,Mary Johnson,Small Business,United States,North America,Sports & Outdoors,Camping Tent,-2,19.96,0.05,22.58,Bank Transfer,Completed
ORD-105818,2023-10-28,CUST-00831,Ines Nakamura,Consumer,UNITED STATES,North America,Electronics,Bluetooth Speaker,2,139.34,0.0,13.44,Credit Card,Completed
ORD-101907,2024-06-10,CUST-00692,Ahmed Rossi,Consumer,France,Europe,Beauty,Shampoo,1,49.88,0.1,10.15,Credit Card,Completed
ORD-104237,2024-09-19,CUST-00782,Tom Garcia,Small Business,United States,North America,Electronics,Headphones,1,206.02,0.0,11.9,PayPal,Cancelled
ORD-105720,2023-12-12,CUST-00142,John Johnson,,Japan,Asia,Beauty,Lip Balm,1,19.57,0.0,5.16,Debit Card,Completed
ORD-106721,2023-08-25,CUST-00640,John Tanaka,Consumer,Brazil,South America,Home & Kitchen,Coffee Maker,1,55.43,0.0,14.36,Credit Card,Completed
ORD-103724,2024-06-19,CUST-00059,Jennifer Brown,Consumer,Germany,Europe,Electronics,Smartphone Case,4,101.83,0.2,13.91,Credit Card,Completed
ORD-102451,2023-08-01,CUST-00013,Sofia Williams,Consumer,CANADA,North America,Apparel,Running Shoes,1,46.75,0.0,20.11,Credit Card,Completed
ORD-101760,2024-01-12,CUST-00102,Elizabeth Kumar,Small Business,Germany,Europe,Apparel,T-Shirt,1,57.33,0.15,9.07,Debit Card,Completed
ORD-104393,2024-08-11,CUST-00402,Priya Tanaka,Consumer,United States,North America,Sports & Outdoors,Water Bottle,3,101.72,0.0,13.65,Debit Card,Completed
ORD-105912,2023-07-26,CUST-00206,Fatima Tanaka,Small Business,United Kingdom,Europe,Beauty,Face Serum,1,22.64,0.15,8.8,Credit Card,Completed
ORD-106715,2024-07-10,CUST-00166,Wei Kumar,Consumer,Spain,Europe,Apparel,Running Shoes,1,37.44,0.0,7.77,Credit Card,Completed
ORD-101329,2024-09-29,CUST-00002,Robert Muller,Consumer,Mexico,South America,Beauty,Lip Balm,2,41.93,0.0,16.44,Bank Transfer,Returned
ORD-104314,2024-10-17,CUST-00428,Yuki Rodriguez,Consumer,Spain,Europe,Sports & Outdoors,Water Bottle,3,156.49,0.0,22.51,PayPal,Completed
ORD-102255,2023-09-19,CUST-00584,Patricia Rodriguez,Small Business,United States,North America,Electronics,USB-C Cable,1,123.76,0.1,17.5,Debit Card,Completed
ORD-106298,2023-11-02,CUST-00178,John Tanaka,Consumer,Italy,Europe,Office,Notebook Set,2,10.43,0.15,15.23,Credit Card,Completed
ORD-103266,2024-07-16,CUST-00400,Liam Muller,Consumer,India,Asia,Sports & Outdoors,Camping Tent,2,174.19,0.0,18.73,Credit Card,Completed
ORD-104579,2024-04-24,CUST-00355,Ana Garcia,Small Business,United Kingdom,Europe,Home & Kitchen,Storage Bin,1,106.06,0.1,15.76,Credit Card,Completed
ORD-105104,2024-06-04,CUST-00354,Noah Tanaka,Enterprise,Spain,Europe,Home & Kitchen,Coffee Maker,1,38.43,0.0,23.96,Bank Transfer,Completed
ORD-106427,2024-03-05,CUST-00353,Ines Dubois,Consumer,France,Europe,Beauty,Lip Balm,1,24.11,0.05,24.6,Debit Card,Completed
ORD-103547,2023-12-14,CUST-00174,Sofia Costa,Small Business,United Kingdom,Europe,Electronics,Laptop Stand,4,209.63,0.0,14.61,Credit Card,Completed
ORD-104997,2024-06-12,CUST-00405,Wei Zhang,Consumer,Canada,North America,Home & Kitchen,Cutting Board,4,50.08,0.2,5.05,Debit Card,Returned
ORD-100761,2024-09-10,CUST-00301,Mary Martinez,Consumer,United States,North America,Apparel,Wool Socks,2,25.32,0.0,15.0,Gift Card,Completed
ORD-103061,2024-07-12,CUST-00055,Grace Jones,,France,Europe,Electronics,Laptop Stand,1,109.24,0.1,12.78,Credit Card,Completed
ORD-106851,2024-09-06,CUST-00699,Mary Dubois,Consumer,United States,North America,Electronics,Smartphone Case,4,186.43,0.0,2.77,Debit Card,Completed
ORD-106217,2024-08-30,CUST-00050,Noah Kumar,Consumer,UNITED STATES,North America,Sports & Outdoors,Resistance Bands,1,120.09,0.0,19.64,Credit Card,Returned
ORD-101180,2024-09-04,CUST-00588,Fatima Brown,Consumer,United States,North America,Electronics,Smartphone Case,1,73.48,0.0,8.97,PayPal,Completed
ORD-100997,2024-02-04,CUST-00820,Hiro Williams,Consumer,France,Europe,Office,Desk Organizer,1,32.42,0.0,11.31,Credit Card,Completed
ORD-104991,2023-05-16,CUST-00327,Emma Kumar,Consumer,Mexico,South America,Electronics,USB-C Cable,1,135.13,0.1,24.38,PayPal,Completed
ORD-105183,2023-03-03,CUST-00841,Wei Brown,Consumer,United Kingdom,Europe,Home & Kitchen,Blender,1,56.36,0.05,12.36,Credit Card,Completed
ORD-106096,2024-08-12,CUST-00487,Lucas Dubois,Consumer,Japan,Asia,Home & Kitchen,Blender,1,15.05,0.0,6.18,Debit Card,Completed
ORD-104286,2024-04-19,CUST-00411,Wei Jones,Consumer,United States,North America,Sports & Outdoors,Water Bottle,1,103.4,0.0,4.86,Credit Card,Cancelled
ORD-102036,2023-10-30,CUST-00594,Jennifer Martinez,Consumer,Japan,Asia,Electronics,Smartphone Case,5,71.68,0.0,6.86,PayPal,Completed
ORD-106473,2024-06-17,CUST-00654,Mary Silva,Small Business,United Kingdom,Europe,Electronics,USB-C Cable,1,187.14,0.1,15.05,Credit Card,Completed
ORD-102377,2024-04-14,CUST-00038,Carlos Jones,Consumer,France,Europe,Beauty,Shampoo,2,21.94,0.0,15.47,Debit Card,Completed
ORD-106390,2024-08-15,CUST-00213,Ines Muller,Small Business,Japan,Asia,Office,Pen Pack,1,57.8,0.15,2.57,Credit Card,Completed
ORD-104597,2024-08-28,CUST-00323,Chen Nakamura,Consumer,France,Europe,Home & Kitchen,Storage Bin,1,56.1,0.0,15.1,PayPal,Completed
ORD-105534,2024-05-12,CUST-00293,Lucas Davis,Consumer,Spain,Europe,Office,Standing Desk Mat,1,63.43,0.1,24.6,Credit Card,Completed
ORD-106883,2023-07-03,CUST-00276,,Consumer,Canada,North America,Home & Kitchen,Cutting Board,1,111.94,0.15,6.07,Gift Card,Completed
ORD-104646,2024-06-09,CUST-00030,Yuki Martinez,Consumer,Germany,Europe,Office,Desk Organizer,1,35.85,0.0,21.59,Credit Card,Completed
ORD-102713,2024-09-01,CUST-00396,Mary Costa,Consumer,Mexico,South America,Apparel,Baseball Cap,1,36.55,0.0,17.1,Credit Card,Completed
ORD-105141,2023-05-29,CUST-00200,Emma Silva,Enterprise,Spain,Europe,Electronics,USB-C Cable,2,122.42,0.05,14.65,Debit Card,Completed
ORD-105371,2024-09-02,CUST-00314,Carlos Williams,Consumer,Singapore,Asia,Beauty,Lip Balm,1,13.39,0.05,17.96,Credit Card,Completed
ORD-104069,2024-10-22,CUST-00216,Linda Rossi,Consumer,France,Europe,Apparel,Baseball Cap,1,65.89,0.0,2.17,Credit Card,Returned
ORD-100346,2024-10-08,CUST-00817,Chen Zhang,Consumer,ITALY,Europe,Sports & Outdoors,Water Bottle,2,32.65,0.0,2.35,PayPal,Completed
ORD-105203,2023-06-10,CUST-00764,David Garcia,Enterprise,India,Asia,Home & Kitchen,Storage Bin,2,71.32,0.15,15.21,Debit Card,Completed
ORD-104500,2024-07-30,CUST-00112,Emma Rossi,Consumer,Spain,Europe,Beauty,Shampoo,1,33.28,0.0,21.32,Credit Card,Completed
ORD-100975,2023-03-21,CUST-00118,Jennifer Brown,,France,Europe,Beauty,Shampoo,1,18.63,0.0,13.77,Gift Card,Completed
ORD-104298,2023-05-19,CUST-00375,Carlos Costa,Consumer,GERMANY,Europe,Apparel,T-Shirt,3,14.65,0.1,6.14,PayPal,Completed
ORD-104284,2023-04-02,CUST-00239,David Khan,Consumer,France,Europe,Beauty,Lip Balm,2,8.83,0.05,15.75,PayPal,Completed
ORD-106243,2024-09-24,CUST-00129,John Davis,Enterprise,India,Asia,Office,Notebook Set,2,67.88,0.1,7.44,Credit Card,Completed
ORD-106020,2024-04-25,CUST-00546,John Rodriguez,Consumer,Brazil,South America,Electronics,Headphones,3,63.54,0.0,22.66,PayPal,Returned
ORD-103488,2024-04-22,CUST-00068,Elizabeth Nakamura,Consumer,United States,North America,Electronics,Headphones,1,165.38,0.0,24.38,Credit Card,Completed
ORD-106648,2024-01-08,CUST-00100,Elizabeth Costa,Small Business,Italy,Europe,Electronics,Bluetooth Speaker,1,158.73,0.0,10.12,Debit Card,Completed
ORD-104475,2023-07-27,CUST-00395,Ana Johnson,Consumer,United States,North America,Beauty,Sunscreen SPF50,1,36.82,0.0,8.63,Credit Card,Completed
ORD-106151,2024-11-16,CUST-00183,,Consumer,India,Asia,Apparel,Denim Jacket,1,34.36,0.0,23.56,Credit Card,Completed
ORD-103024,2024-09-13,CUST-00645,Lucas Khan,Small Business,India,Asia,Office,Notebook Set,1,8.6,0.0,3.99,PayPal,Completed
ORD-106737,2023-01-30,CUST-00749,Mia Davis,Consumer,Canada,North America,Office,Wireless Mouse,1,35.51,0.0,23.88,Credit Card,Completed
ORD-106187,2023-09-12,CUST-00215,Priya Smith,Consumer,Spain,Europe,Home & Kitchen,Throw Pillow,1,148.44,0.1,14.24,Credit Card,Completed
ORD-101243,2024-10-04,CUST-00658,Ines Nakamura,Small Business,United Kingdom,Europe,Apparel,T-Shirt,1,42.55,0.05,21.17,Debit Card,Completed
ORD-102080,2023-07-29,CUST-00416,Wei Garcia,Small Business,UNITED STATES,North America,Electronics,Smartphone Case,1,116.16,0.05,9.17,Bank Transfer,Completed
ORD-104679,2024-08-01,CUST-00333,David Silva,Consumer,Mexico,South America,Electronics,Bluetooth Speaker,1,111.96,0.2,7.03,Bank Transfer,Completed
ORD-104348,2024-06-17,CUST-00187,Grace Zhang,Consumer,UNITED STATES,North America,Home & Kitchen,Storage Bin,1,141.92,0.1,2.2,PayPal,Returned
ORD-100949,2024-07-20,CUST-00598,Michael Miller,Consumer,India,Asia,Home & Kitchen,Coffee Maker,2,149.81,0.0,21.94,PayPal,Completed
ORD-102583,2024-06-28,CUST-00659,Grace Brown,Consumer,Germany,Europe,Sports & Outdoors,Resistance Bands,1,142.24,0.0,22.92,Debit Card,Completed
ORD-104360,2024-05-17,CUST-00512,Fatima Tanaka,Consumer,Germany,Europe,Office,Notebook Set,1,44.41,0.1,12.32,Credit Card,Completed
ORD-100786,2023-03-09,CUST-00130,Chen Nakamura,Consumer,Australia,Oceania,Electronics,Bluetooth Speaker,2,137.04,0.0,18.85,Bank Transfer,Completed
ORD-106059,2024-05-21,CUST-00175,Carlos Brown,Small Business,United States,North America,Electronics,Headphones,2,108.08,0.0,23.13,Debit Card,Completed
ORD-106062,2024-09-13,CUST-00175,Carlos Brown,Small Business,United States,North America,Beauty,Lip Balm,3,9.07,0.0,5.57,PayPal,Completed
ORD-102560,2024-04-12,CUST-00061,Chen Rossi,Enterprise,France,Europe,Electronics,Headphones,3,127.63,0.0,22.15,PayPal,Completed
ORD-101351,2024-06-29,CUST-00579,Emma Rossi,Small Business,Australia,Oceania,Apparel,Baseball Cap,1,9.37,0.0,9.67,Credit Card,Completed
ORD-105505,2024-02-25,CUST-00389,James Williams,Small Business,Singapore,Asia,Apparel,Denim Jacket,1,26.07,0.0,8.76,Credit Card,Completed
ORD-103778,2024-03-02,CUST-00085,David Martinez,Consumer,Canada,North America,Home & Kitchen,Blender,1,97.43,0.05,15.95,Credit Card,Returned
ORD-103831,2024-01-02,CUST-00164,Wei Zhang,Small Business,Italy,Europe,Electronics,Headphones,1,59.54,0.05,19.13,Debit Card,Completed
ORD-106173,2023-07-12,CUST-00696,,Consumer,United Kingdom,Europe,Beauty,Hair Dryer,2,19.63,0.0,15.13,PayPal,Completed
ORD-105808,2024-10-13,CUST-00239,David Khan,Consumer,France,Europe,Office,Standing Desk Mat,1,11.55,0.0,14.7,Credit Card,Completed
ORD-104948,2024-02-12,CUST-00218,Yuki Rossi,Small Business,Canada,North America,Electronics,Laptop Stand,1,65.25,0.0,19.86,Bank Transfer,Completed
ORD-100150,2024-04-28,CUST-00717,Sofia Khan,,Italy,Europe,Apparel,Wool Socks,1,83.82,0.0,11.2,Credit Card,Completed
ORD-101284,2024-10-14,CUST-00036,Linda Tanaka,Consumer,Canada,North America,Apparel,Running Shoes,1,15.58,0.15,24.8,Gift Card,Completed
ORD-102623,2024-12-24,CUST-00171,Mary Johnson,Small Business,United States,North America,Electronics,Laptop Stand,1,62.07,0.05,13.64,PayPal,Completed
ORD-105390,2024-06-21,CUST-00445,Michael Kumar,Enterprise,Mexico,South America,Electronics,USB-C Cable,1,147.26,0.0,,PayPal,Completed
ORD-102990,2024-06-23,CUST-00674,Elizabeth Davis,Small Business, united states ,North America,Electronics,Laptop Stand,1,106.92,0.0,23.87,Credit Card,Completed
ORD-105919,2023-08-23,CUST-00287,Mia Davis,Consumer,India,Asia,Electronics,Headphones,1,122.42,0.05,20.5,Gift Card,Completed
ORD-100053,2023-11-23,CUST-00495,Ana Zhang,Consumer,Spain,Europe,Home & Kitchen,Cutting Board,1,113.93,0.0,9.23,Credit Card,Completed
ORD-100672,2024-05-02,CUST-00819,Hiro Silva,Consumer, spain ,Europe,Electronics,Laptop Stand,1,193.66,0.0,19.78,Debit Card,Completed
ORD-102736,2024-02-11,CUST-00588,Fatima Brown,Consumer,United States,North America,Sports & Outdoors,Yoga Mat,1,116.88,0.05,3.75,Gift Card,Completed
ORD-100530,2024-03-02,CUST-00475,Sofia Martinez,Consumer,United Kingdom,Europe,Apparel,Running Shoes,1,33.53,0.1,24.33,PayPal,Completed
ORD-102067,2023-07-21,CUST-00663,Patricia Garcia,Small Business,Mexico,South America,Electronics,USB-C Cable,1,87.97,0.0,13.85,Bank Transfer,Completed
ORD-101770,2024-09-12,CUST-00339,Emma Miller,Consumer,Italy,Europe,Apparel,Wool Socks,1,59.85,0.15,15.06,Debit Card,Completed
ORD-105935,2024-09-20,CUST-00597,Mia Rossi,Consumer,India,Asia,Apparel,Denim Jacket,3,84.22,0.0,14.68,Debit Card,Completed
ORD-105760,2024-01-23,CUST-00067,Mary Brown,,Japan,Asia,Home & Kitchen,Blender,1,32.54,0.0,5.66,Debit Card,Completed
ORD-105394,2024-07-15,CUST-00505,Priya Silva,Small Business,Australia,Oceania,Home & Kitchen,Coffee Maker,3,118.42,0.05,6.18,PayPal,Completed
ORD-101870,2024-08-08,CUST-00421,Sofia Smith,Consumer,United Kingdom,Europe,Beauty,Hair Dryer,1,28.97,0.0,23.77,PayPal,Completed
ORD-106975,2024-01-27,CUST-00245,Chen Williams,Consumer,United States,North America,Electronics,Laptop Stand,2,134.48,0.0,21.96,Gift Card,Completed
ORD-101277,2024-07-11,CUST-00631,Mary Jones,Small Business,France,Europe,Office,Wireless Mouse,2,24.11,0.0,14.69,Debit Card,Completed
ORD-101033,2023-03-26,CUST-00075,Emma Muller,Enterprise,United Kingdom,Europe,Office,Standing Desk Mat,1,60.59,0.0,12.42,PayPal,Completed
ORD-104826,2023-10-16,CUST-00374,Liam Rossi,Small Business,United States,North America,Electronics,Laptop Stand,1,4924.040269729414,0.2,,PayPal,Cancelled
ORD-101435,2024-01-31,CUST-00589,,Consumer,Mexico,South America,Home & Kitchen,Storage Bin,2,75.73,0.0,19.85,Credit Card,Completed
ORD-100526,2024-02-26,CUST-00198,Yuki Rodriguez,Consumer, spain ,Europe,Beauty,Sunscreen SPF50,2,38.67,0.05,3.98,Credit Card,Completed
ORD-106777,2024-01-08,CUST-00185,Elizabeth Brown,Enterprise,United States,North America,Sports & Outdoors,Camping Tent,1,81.42,0.05,5.37,Credit Card,Completed
ORD-106368,2024-07-06,CUST-00735,Linda Rossi,Consumer,United Kingdom,Europe,Home & Kitchen,Blender,2,107.85,0.2,10.39,Credit Card,Completed
ORD-102712,2024-10-23,CUST-00028,,Small Business,United States,North America,Home & Kitchen,Blender,1,120.31,0.0,17.15,Debit Card,Completed
ORD-105248,2024-07-02,CUST-00005,Hiro Silva,Small Business,Germany,Europe,Electronics,Headphones,2,197.66,0.05,21.38,Credit Card,Completed
ORD-101228,2024-08-23,CUST-00762,Carlos Tanaka,Consumer, united states ,North America,Apparel,T-Shirt,2,34.58,0.0,16.3,PayPal,Completed
ORD-103033,2023-09-23,CUST-00048,Yuki Martinez,Enterprise,France,Europe,Electronics,USB-C Cable,2,144.63,0.15,11.2,Debit Card,Completed
ORD-104811,2024-10-15,CUST-00834,Yuki Martinez,Consumer,India,Asia,Electronics,USB-C Cable,1,156.06,0.05,20.96,Credit Card,Completed
ORD-105826,2023-11-14,CUST-00543,John Davis,Consumer,United States,North America,Apparel,Wool Socks,2,30.43,0.0,7.0,Credit Card,Completed
ORD-103197,2023-11-02,CUST-00645,Lucas Khan,Small Business,India,Asia,Sports & Outdoors,Camping Tent,1,66.74,0.0,16.68,Debit Card,Completed
ORD-101454,2024-07-29,CUST-00661,Tom Rossi,Consumer,Australia,Oceania,Home & Kitchen,Storage Bin,1,99.1,0.0,,Debit Card,Returned
ORD-103717,2024-03-28,CUST-00055,Grace Jones,Consumer,France,Europe,Electronics,Headphones,4,32.63,0.0,20.45,Credit Card,Completed
ORD-100963,2023-08-30,CUST-00644,Elizabeth Rodriguez,Small Business,Spain,Europe,Apparel,Baseball Cap,1,71.45,0.0,5.59,Credit Card,Returned
ORD-102656,2024-11-08,CUST-00320,Elizabeth Kumar,Consumer,France,Europe,Beauty,Shampoo,2,31.16,0.0,22.96,Credit Card,Completed
ORD-106307,2024-09-26,CUST-00513,Linda Khan,Small Business,Japan,Asia,Beauty,Sunscreen SPF50,1,45.9,0.0,19.33,PayPal,Completed
ORD-102468,2023-07-21,CUST-00356,Carlos Nakamura,Consumer,India,Asia,Electronics,Laptop Stand,1,195.46,0.0,17.74,Credit Card,Returned
ORD-105711,2024-10-04,CUST-00441,Linda Martinez,Consumer,United States,North America,Office,Desk Organizer,1,56.47,0.0,4.12,Credit Card,Completed
ORD-105847,2024-07-15,CUST-00819,Hiro Silva,Consumer,Spain,Europe,Electronics,Laptop Stand,2,50.99,0.0,2.21,Debit Card,Completed
ORD-102154,2024-04-26,CUST-00151,James Smith,Enterprise,India,Asia,Beauty,Shampoo,1,26.58,0.05,7.66,Credit Card,Completed
ORD-104955,2023-05-07,CUST-00134,Elizabeth Rodriguez,Consumer,Brazil,South America,Apparel,Baseball Cap,4,20.25,0.0,12.38,Bank Transfer,Completed
ORD-104864,2024-06-18,CUST-00285,Ines Rossi,Enterprise,United States,North America,Beauty,Sunscreen SPF50,1,32.23,0.0,20.82,PayPal,Completed
ORD-100980,2024-09-25,CUST-00831,Ines Nakamura,Consumer,United States,North America,Home & Kitchen,Blender,3,97.85,0.0,20.42,PayPal,Completed
ORD-101129,2024-07-04,CUST-00212,Mary Davis,Consumer,United States,North America,Home & Kitchen,Storage Bin,1,126.0,0.0,9.94,Credit Card,Completed
ORD-103745,2023-10-03,CUST-00178,John Tanaka,Consumer,Italy,Europe,Sports & Outdoors,Hiking Backpack,5,146.75,0.0,4.92,Credit Card,Completed
ORD-105995,2023-06-07,CUST-00534,Grace Garcia,Enterprise,United States,North America,Apparel,Denim Jacket,1,16.14,0.0,20.23,PayPal,Completed
ORD-103391,2024-09-06,CUST-00463,Michael Tanaka,Consumer,BRAZIL,South America,Home & Kitchen,Coffee Maker,2,89.53,0.0,17.64,Credit Card,Completed
ORD-105333,2024-07-03,CUST-00004,Chen Martinez,Consumer,Brazil,South America,Sports & Outdoors,Hiking Backpack,2,90.16,0.0,5.92,PayPal,Returned
ORD-103004,2023-04-03,CUST-00087,Raj Johnson,Consumer,United States,North America,Apparel,Baseball Cap,1,24.41,0.15,22.16,Gift Card,Completed
ORD-105184,2024-08-20,CUST-00204,Fatima Rodriguez,Consumer,Italy,Europe,Home & Kitchen,Storage Bin,1,40.46,0.0,19.77,Debit Card,Completed
ORD-104487,2023-10-09,CUST-00256,Robert Smith,Consumer,UNITED STATES,North America,Office,Standing Desk Mat,1,36.85,0.0,9.32,Credit Card,Completed
ORD-100211,2024-01-13,CUST-00389,James Williams,Small Business,Singapore,Asia,Sports & Outdoors,Yoga Mat,1,165.04,0.0,10.77,PayPal,Completed
ORD-100146,2024-08-26,CUST-00224,Hiro Rodriguez,Consumer,FRANCE,Europe,Apparel,Running Shoes,1,65.91,0.0,2.65,Debit Card,Completed
ORD-105575,2024-03-27,CUST-00309,Emma Brown,Consumer,United States,North America,Office,Wireless Mouse,1,34.52,0.0,2.79,Debit Card,Completed
ORD-102464,2024-05-13,CUST-00385,Ines Johnson,Consumer,France,Europe,Home & Kitchen,Blender,1,109.71,0.0,13.04,Credit Card,Completed
ORD-103815,2023-10-17,CUST-00129,John Davis,Enterprise,India,Asia,Home & Kitchen,Blender,1,19.78,0.2,3.26,Credit Card,Returned
ORD-102986,2024-08-20,CUST-00169,Ana Kumar,Small Business,UNITED KINGDOM,Europe,Sports & Outdoors,Camping Tent,2,53.08,0.0,11.07,PayPal,Completed
ORD-105280,2023-05-04,CUST-00128,Tom Dubois,Small Business,Germany,Europe,Electronics,Headphones,1,116.87,0.0,13.1,Credit Card,Completed
ORD-103967,2023-08-06,CUST-00493,Tom Rodriguez,Enterprise,Germany,Europe,Home & Kitchen,Coffee Maker,1,128.93,0.0,21.63,Credit Card,Completed
ORD-100247,2023-12-18,CUST-00138,John Muller,Consumer,Australia,Oceania,Beauty,Lip Balm,1,36.33,0.05,16.81,Credit Card,Completed
ORD-104958,2024-08-03,CUST-00374,Liam Rossi,Small Business,United States,North America,Sports & Outdoors,Yoga Mat,1,63.48,0.05,3.13,PayPal,Completed
ORD-104595,2023-10-08,CUST-00245,Chen Williams,Consumer,United States,North America,Electronics,Laptop Stand,-1,207.54,0.0,22.5,Credit Card,Completed
ORD-102579,2024-03-13,CUST-00781,Elizabeth Brown,Consumer,India,Asia,Beauty,Sunscreen SPF50,1,51.16,0.15,2.98,Bank Transfer,Completed
ORD-100948,2024-11-02,CUST-00354,Noah Tanaka,, spain ,Europe,Home & Kitchen,Cutting Board,1,21.6,0.0,19.32,PayPal,Completed
ORD-102589,2024-01-09,CUST-00186,Lucas Jones,Consumer,Germany,Europe,Sports & Outdoors,Hiking Backpack,1,61.47,0.1,24.3,Bank Transfer,Completed
ORD-106078,2023-08-29,CUST-00806,Wei Williams,Consumer,France,Europe,Sports & Outdoors,Camping Tent,1,66.17,0.0,24.3,PayPal,Completed
ORD-104534,2024-05-18,CUST-00418,Ana Williams,Consumer,Spain,Europe,Electronics,Laptop Stand,4,53.38,0.2,15.25,Credit Card,Completed
ORD-103270,2024-07-11,CUST-00796,David Khan,Enterprise,UNITED STATES,North America,Electronics,Laptop Stand,2,48.08,0.0,24.62,PayPal,Completed
ORD-100640,2023-11-12,CUST-00126,Tom Williams,Enterprise,Germany,Europe,Apparel,Running Shoes,1,69.69,0.0,17.35,Credit Card,Cancelled
ORD-102204,2024-03-16,CUST-00065,James Williams,Small Business,United States,North America,Apparel,Baseball Cap,1,40.63,0.0,18.57,Bank Transfer,Completed
ORD-101750,2024-10-05,CUST-00087,Raj Johnson,Consumer,United States,North America,Home & Kitchen,Cutting Board,3,146.88,0.0,9.83,Debit Card,Completed
ORD-104699,2024-04-25,CUST-00567,Sofia Nakamura,Small Business,Brazil,South America,Apparel,Wool Socks,1,41.59,0.05,24.23,Credit Card,Completed
ORD-104278,2023-08-09,CUST-00679,Ana Williams,Small Business,Brazil,South America,Electronics,Laptop Stand,1,74.13,0.0,4.63,Debit Card,Completed
ORD-102030,2023-10-10,CUST-00821,Grace Rossi,Small Business,United States,North America,Home & Kitchen,Throw Pillow,5,92.34,0.05,23.24,Debit Card,Completed
ORD-100084,2024-04-10,CUST-00814,Yuki Khan,Enterprise,United States,North America,Electronics,Bluetooth Speaker,1,208.21,0.0,24.99,Debit Card,Completed
ORD-101985,2024-07-20,CUST-00590,Robert Johnson,Consumer,Singapore,Asia,Beauty,Lip Balm,1,26.58,0.0,12.55,Bank Transfer,Completed
ORD-106273,2023-12-20,CUST-00037,,Enterprise,Germany,Europe,Electronics,Bluetooth Speaker,1,182.68,0.0,11.97,Debit Card,Completed
ORD-105730,2024-11-21,CUST-00293,Lucas Davis,Consumer,Spain,Europe,Home & Kitchen,Throw Pillow,1,76.22,0.2,5.16,PayPal,Completed
ORD-102253,2024-04-17,CUST-00599,Mia Dubois,Consumer,FRANCE,Europe,Home & Kitchen,Storage Bin,1,103.29,0.2,10.1,Debit Card,Completed
ORD-103611,2024-06-03,CUST-00264,Patricia Silva,Consumer,United Kingdom,Europe,Office,Wireless Mouse,1,10.85,0.15,10.0,Debit Card,Returned
ORD-104328,2024-01-24,CUST-00043,Jennifer Miller,Consumer,United States,North America,Sports & Outdoors,Yoga Mat,1,168.98,0.0,18.83,Credit Card,Completed
ORD-103922,2024-07-31,CUST-00444,Yuki Brown,Small Business,Germany,Europe,Electronics,Smartphone Case,1,168.47,0.0,7.9,Gift Card,Completed
ORD-105055,2024-02-03,CUST-00094,Hiro Rossi,Consumer,United States,North America,Office,Pen Pack,2,62.41,0.0,9.88,PayPal,Completed
ORD-106896,2024-10-08,CUST-00245,,Consumer,UNITED STATES,North America,Home & Kitchen,Coffee Maker,2,91.86,0.1,18.41,PayPal,Completed
ORD-106416,2023-06-02,CUST-00462,Priya Nakamura,Enterprise,United States,North America,Apparel,T-Shirt,1,87.06,0.0,22.56,Gift Card,Completed
ORD-106541,2024-04-24,CUST-00089,Ines Dubois,Consumer,United Kingdom,Europe,Electronics,Headphones,1,184.79,0.0,21.84,Credit Card,Returned
ORD-104790,2024-03-22,CUST-00267,Mia Tanaka,Small Business,India,Asia,Sports & Outdoors,Yoga Mat,2,59.85,0.0,18.1,Credit Card,Completed
ORD-105417,2024-09-12,CUST-00718,John Smith,Small Business,Japan,Asia,Apparel,Wool Socks,1,79.74,0.0,8.0,Debit Card,Completed
ORD-101442,2023-07-19,CUST-00478,Chen Silva,Consumer,United States,North America,Beauty,Sunscreen SPF50,1,28.41,0.0,17.48,PayPal,Completed
ORD-104118,2024-01-07,CUST-00363,Grace Khan,Small Business,Germany,Europe,Office,Desk Organizer,4,29.37,0.0,2.11,Bank Transfer,Completed
ORD-102758,2024-03-28,CUST-00091,Carlos Johnson,Consumer,United States,North America,Apparel,Baseball Cap,2,77.46,0.0,24.35,PayPal,Completed
ORD-101684,2024-07-25,CUST-00102,Elizabeth Kumar,Small Business,Germany,Europe,Apparel,Wool Socks,4,71.52,0.0,2.4,Debit Card,Completed
ORD-100461,2023-06-13,CUST-00501,Hiro Muller,Enterprise,United Kingdom,Europe,Office,Wireless Mouse,1,58.0,0.0,9.89,Credit Card,Completed
ORD-103893,2023-05-14,CUST-00532,Ana Rodriguez,Small Business,INDIA,Asia,Electronics,Laptop Stand,3,103.58,0.0,11.66,Debit Card,Completed
ORD-102336,2023-02-06,CUST-00329,Chen Brown,Enterprise,United Kingdom,Europe,Apparel,T-Shirt,1,13.68,0.2,21.42,Debit Card,Completed
ORD-106955,2024-11-15,CUST-00011,Ines Tanaka,Enterprise,UNITED KINGDOM,Europe,Apparel,Wool Socks,1,73.36,0.0,8.85,Debit Card,Returned
ORD-100696,2023-04-14,CUST-00172,Robert Garcia,Consumer,United States,North America,Sports & Outdoors,Camping Tent,3,164.61,0.1,24.82,PayPal,Cancelled
ORD-101998,2024-04-10,CUST-00748,Chen Johnson,Consumer,Canada,North America,Sports & Outdoors,Water Bottle,1,153.64,0.0,24.86,PayPal,Completed
ORD-101539,2024-11-22,CUST-00043,Jennifer Miller,Consumer,United States,North America,Electronics,Bluetooth Speaker,1,71.65,0.0,14.56,PayPal,Returned
ORD-102807,2024-05-23,CUST-00389,James Williams,Small Business,Singapore,Asia,Beauty,Lip Balm,2,29.88,0.0,17.24,Credit Card,Completed
ORD-101269,2024-04-13,CUST-00514,Michael Rodriguez,Small Business,Canada,North America,Sports & Outdoors,Hiking Backpack,1,172.91,0.0,7.21,Debit Card,Completed
ORD-102159,2023-10-28,CUST-00733,James Johnson,Consumer,Canada,North America,Sports & Outdoors,Water Bottle,1,133.99,0.0,2.59,Credit Card,Completed
ORD-101423,2023-12-23,CUST-00228,Wei Jones,Consumer,Germany,Europe,Electronics,Bluetooth Speaker,3,133.68,0.05,,Credit Card,Completed
ORD-105615,2023-08-20,CUST-00331,Mia Silva,Small Business,Japan,Asia,Electronics,Headphones,1,68.4,0.0,13.19,Bank Transfer,Completed
ORD-103300,2024-05-02,CUST-00784,Elizabeth Smith,Consumer,Australia,Oceania,Electronics,Smartphone Case,4,156.94,0.0,2.2,Debit Card,Completed
ORD-102897,2024-09-17,CUST-00811,Mary Costa,Small Business,France,Europe,Electronics,USB-C Cable,2,26.77,0.0,23.35,Credit Card,Completed
ORD-106072,2023-11-14,CUST-00358,Tom Silva,Consumer,Brazil,South America,Apparel,Wool Socks,2,11.46,0.0,12.24,Gift Card,Completed
ORD-102701,2023-07-10,CUST-00636,Michael Rodriguez,Consumer,United States,North America,Home & Kitchen,Blender,1,140.28,0.0,7.01,Credit Card,Returned
ORD-106313,2024-08-14,CUST-00729,Ines Kumar,Consumer,Japan,Asia,Electronics,Bluetooth Speaker,1,167.53,0.0,19.7,Credit Card,Completed
ORD-101873,2024-03-14,CUST-00068,Elizabeth Nakamura,Consumer,United States,North America,Beauty,Hair Dryer,2,56.14,0.0,14.54,Gift Card,Completed
ORD-103222,2024-06-13,CUST-00156,Noah Muller,Small Business,Brazil,South America,Apparel,T-Shirt,4,61.11,0.0,6.55,Credit Card,Completed
ORD-101529,2024-03-08,CUST-00761,Liam Rodriguez,Consumer,United Kingdom,Europe,Sports & Outdoors,Camping Tent,1,139.11,0.0,24.08,Bank Transfer,Completed
ORD-104554,2024-08-02,CUST-00382,Ines Costa,Consumer,United Kingdom,Europe,Apparel,Baseball Cap,4,55.95,0.0,20.6,Credit Card,Completed
ORD-106238,2024-06-05,CUST-00737,Liam Brown,Consumer,Mexico,South America,Beauty,Hair Dryer,2,42.58,0.0,5.06,Credit Card,Completed
ORD-104834,2023-02-05,CUST-00264,Patricia Silva,Consumer,United Kingdom,Europe,Home & Kitchen,Blender,1,78.09,0.05,16.66,Credit Card,Completed
ORD-100947,2024-01-31,CUST-00310,Patricia Rossi,Consumer,India,Asia,Office,Desk Organizer,1,32.48,0.0,24.17,Credit Card,Completed
ORD-106864,2024-08-18,CUST-00363,Grace Khan,Small Business, germany ,Europe,Home & Kitchen,Coffee Maker,1,57.87,0.0,6.75,Credit Card,Completed
ORD-106267,2024-02-11,CUST-00234,James Garcia,Consumer,UNITED KINGDOM,Europe,Beauty,Shampoo,1,57.25,0.0,2.97,Debit Card,Completed
ORD-106530,2024-02-03,CUST-00476,Jennifer Davis,Consumer,United States,North America,Sports & Outdoors,Yoga Mat,1,159.52,0.0,9.91,Bank Transfer,Completed
ORD-104759,2023-10-20,CUST-00614,Noah Tanaka,Consumer,France,Europe,Apparel,Denim Jacket,5,40.53,0.0,21.34,Bank Transfer,Completed
ORD-102243,2024-08-06,CUST-00524,Liam Martinez,Consumer,France,Europe,Electronics,Smartphone Case,1,189.68,0.0,24.21,PayPal,Completed
ORD-106524,2024-03-17,CUST-00225,Jennifer Nakamura,Small Business,Spain,Europe,Electronics,USB-C Cable,1,146.61,0.0,24.93,PayPal,Completed
ORD-106336,2023-07-22,CUST-00713,Ines Miller,Small Business,India,Asia,Electronics,Laptop Stand,1,159.98,0.0,7.0,Debit Card,Completed
ORD-104529,2024-05-13,CUST-00751,Yuki Kumar,Small Business,United Kingdom,Europe,Beauty,Lip Balm,1,7.82,0.0,5.95,Credit Card,Completed
ORD-106685,2024-04-28,CUST-00038,Carlos Jones,Consumer,FRANCE,Europe,Home & Kitchen,Throw Pillow,1,143.72,0.0,16.61,PayPal,Completed
ORD-105604,2024-07-20,CUST-00356,Carlos Nakamura,Consumer,India,Asia,Apparel,Wool Socks,1,56.29,0.0,9.04,Credit Card,Completed
ORD-100608,2023-02-01,CUST-00086,Grace Tanaka,Small Business,United States,North America,Home & Kitchen,Cutting Board,2,116.95,0.0,16.39,Credit Card,Completed
ORD-106493,2023-03-07,CUST-00427,Hiro Rossi,Consumer,United Kingdom,Europe,Electronics,Laptop Stand,1,213.13,0.15,10.6,Bank Transfer,Completed
ORD-102186,2024-08-17,CUST-00149,James Garcia,Small Business,Mexico,South America,Home & Kitchen,Storage Bin,1,44.21,0.0,16.56,Credit Card,Completed
ORD-104946,2024-07-26,CUST-00435,Ana Khan,Consumer,Singapore,Asia,Electronics,Laptop Stand,2,53.54,0.15,24.64,Debit Card,Returned
ORD-100379,2023-05-24,CUST-00431,Priya Martinez,Small Business, france ,Europe,Apparel,Denim Jacket,1,60.57,0.0,17.37,Credit Card,Completed
ORD-103999,2023-08-09,CUST-00577,Ana Smith,Consumer,Brazil,South America,Sports & Outdoors,Resistance Bands,1,109.28,0.1,16.97,Debit Card,Completed
ORD-105650,2024-06-12,CUST-00507,Fatima Brown,Consumer,United Kingdom,Europe,Sports & Outdoors,Yoga Mat,1,14.85,0.0,2.97,Credit Card,Completed
ORD-102502,2024-09-15,CUST-00498,,Small Business,Japan,Asia,Office,Notebook Set,1,7.43,0.05,14.18,Credit Card,Completed
ORD-102917,2023-10-04,CUST-00386,David Johnson,Consumer,United States,North America,Apparel,Denim Jacket,1,33.63,0.2,10.18,Credit Card,Completed
ORD-101803,2024-09-20,CUST-00691,Carlos Rossi,Consumer,Canada,North America,Apparel,Wool Socks,1,43.46,0.0,15.64,Credit Card,Completed
ORD-106034,2023-06-04,CUST-00559,Patricia Khan,Enterprise,India,Asia,Apparel,Running Shoes,1,31.69,0.0,12.39,Credit Card,Completed
ORD-102906,2024-02-17,CUST-00723,Chen Rossi,Consumer,United Kingdom,Europe,Sports & Outdoors,Resistance Bands,1,27.57,0.0,19.56,Credit Card,Completed
ORD-106671,2023-07-22,CUST-00356,Carlos Nakamura,Consumer,India,Asia,Beauty,Face Serum,1,6.18,0.05,17.34,PayPal,Completed
ORD-106443,2023-09-10,CUST-00675,Ahmed Smith,Consumer,Germany,Europe,Office,Standing Desk Mat,1,32.67,0.05,10.9,Credit Card,Completed
ORD-101592,2024-10-25,CUST-00519,Ines Jones,Small Business,Brazil,South America,Beauty,Sunscreen SPF50,4,30.55,0.0,3.31,Debit Card,Completed
ORD-104386,2024-09-20,CUST-00690,Grace Nakamura,Consumer,Germany,Europe,Home & Kitchen,Storage Bin,1,42.11,0.1,2.9,PayPal,Completed
ORD-106503,2024-03-01,CUST-00844,Linda Silva,Small Business,Spain,Europe,Home & Kitchen,Blender,1,111.59,0.0,13.78,Credit Card,Completed
ORD-105950,2024-05-31,CUST-00844,Linda Silva,Small Business,Spain,Europe,Beauty,Face Serum,4,22.64,0.1,14.06,PayPal,Completed
ORD-100079,2024-04-15,CUST-00352,Ana Williams,Consumer,Italy,Europe,Electronics,Smartphone Case,1,179.82,0.0,15.0,Credit Card,Completed
ORD-106558,2023-12-22,CUST-00338,Mia Zhang,Consumer, brazil ,South America,Office,Notebook Set,1,20.51,0.0,16.9,Credit Card,Completed
ORD-106701,2023-06-24,CUST-00596,,Consumer,India,Asia,Sports & Outdoors,Resistance Bands,1,11.18,0.05,,PayPal,Completed
ORD-102495,2024-05-16,CUST-00708,Fatima Smith,,United States,North America,Electronics,Smartphone Case,4,146.17,0.2,21.16,PayPal,Completed
ORD-103819,2024-03-24,CUST-00244,Linda Kumar,Consumer,United States,North America,Sports & Outdoors,Camping Tent,-1,81.26,0.0,18.19,Debit Card,Completed
ORD-100116,2024-02-25,CUST-00765,Olivia Silva,Consumer,United Kingdom,Europe,Apparel,Baseball Cap,1,71.91,0.1,9.55,Debit Card,Completed
ORD-101524,2024-09-02,CUST-00293,Lucas Davis,Consumer,Spain,Europe,Sports & Outdoors,Yoga Mat,3,23.61,0.15,3.0,Bank Transfer,Completed
ORD-104517,2024-03-08,CUST-00050,Noah Kumar,Consumer,United States,North America,Beauty,Sunscreen SPF50,1,40.28,0.1,18.84,Credit Card,Completed
ORD-100335,2024-01-24,CUST-00740,Olivia Dubois,Enterprise,United Kingdom,Europe,Beauty,Shampoo,3,13.21,0.0,4.33,Credit Card,Returned
ORD-100636,2024-10-19,CUST-00494,Emma Martinez,Consumer,United States,North America,Electronics,USB-C Cable,1,164.9,0.0,5.61,Bank Transfer,Completed
ORD-103926,2023-10-12,CUST-00398,Ines Davis,Small Business,Mexico,South America,Home & Kitchen,Cutting Board,1,113.45,0.0,14.18,PayPal,Completed
ORD-105510,2024-10-01,CUST-00047,Liam Khan,Consumer,Germany,Europe,Sports & Outdoors,Resistance Bands,1,140.07,0.0,4.38,Credit Card,Completed
ORD-100652,2024-07-11,CUST-00582,Wei Nakamura,Small Business,Spain,Europe,Apparel,Wool Socks,1,60.23,0.0,21.04,Bank Transfer,Completed
ORD-102888,2024-09-13,CUST-00473,Elizabeth Kumar,Consumer,Australia,Oceania,Apparel,Wool Socks,5,22.93,0.0,6.73,Credit Card,Completed
ORD-106914,2024-02-27,CUST-00182,Fatima Nakamura,Consumer,GERMANY,Europe,Electronics,Smartphone Case,1,56.06,0.0,15.96,PayPal,Returned
ORD-102277,2023-08-04,CUST-00137,Mary Williams,Enterprise,Italy,Europe,Office,Wireless Mouse,1,46.11,0.0,7.11,PayPal,Completed
ORD-105158,2024-08-08,CUST-00111,Jennifer Tanaka,Consumer,India,Asia,Office,Desk Organizer,1,21.24,0.05,14.5,Credit Card,Completed
ORD-100326,2023-11-05,CUST-00049,Noah Martinez,Consumer,United Kingdom,Europe,Apparel,T-Shirt,5,54.99,0.0,2.01,Credit Card,Completed
ORD-102723,2024-01-14,CUST-00109,Tom Costa,Small Business,Japan,Asia,Apparel,Baseball Cap,1,73.14,0.1,10.16,Credit Card,Completed
ORD-106512,2024-07-12,CUST-00335,Hiro Williams,Consumer,Spain,Europe,Beauty,Face Serum,1,54.93,0.05,13.91,PayPal,Completed
ORD-105539,2024-07-30,CUST-00639,Yuki Brown,Consumer,Italy,Europe,Home & Kitchen,Throw Pillow,1,67.17,0.15,12.89,Credit Card,Completed
ORD-103301,2024-06-12,CUST-00644,Elizabeth Rodriguez,Small Business,Spain,Europe,Home & Kitchen,Coffee Maker,2,98.6,0.0,8.0,PayPal,Completed
ORD-105560,2023-10-25,CUST-00050,Noah Kumar,Consumer,United States,North America,Apparel,Wool Socks,1,14.09,0.0,22.45,Debit Card,Completed
ORD-105072,2023-10-18,CUST-00786,David Khan,Consumer,Germany,Europe,Electronics,Bluetooth Speaker,2,191.6,0.0,2.6,Credit Card,Completed
ORD-105625,2024-09-14,CUST-00345,Olivia Kumar,Enterprise,United Kingdom,Europe,Electronics,Laptop Stand,2,118.27,0.0,5.57,Credit Card,Completed
ORD-100801,2024-09-28,CUST-00204,Fatima Rodriguez,Consumer, italy ,Europe,Home & Kitchen,Throw Pillow,1,12.83,0.0,19.24,PayPal,Completed
ORD-103314,2024-08-26,CUST-00035,Sofia Garcia,Enterprise,Japan,Asia,Electronics,Headphones,-1,73.3,0.0,7.6,Credit Card,Completed
ORD-100118,2024-10-20,CUST-00839,Carlos Jones,Small Business,United States,North America,Electronics,Smartphone Case,1,44.36,0.0,7.19,PayPal,Completed
ORD-105056,2023-11-25,CUST-00762,,Consumer,United States,North America,Beauty,Face Serum,1,42.21,0.0,15.48,Debit Card,Completed
ORD-103587,2024-07-26,CUST-00206,Fatima Tanaka,Small Business,United Kingdom,Europe,Home & Kitchen,Cutting Board,1,89.91,0.0,6.46,Credit Card,Completed
ORD-104108,2023-08-10,CUST-00295,Olivia Dubois,Consumer,United States,North America,Beauty,Lip Balm,2,15.06,0.0,19.4,PayPal,Completed
ORD-106992,2024-09-06,CUST-00217,Linda Muller,Consumer,United Kingdom,Europe,Electronics,Smartphone Case,2,23.0,0.0,24.68,Credit Card,Completed
ORD-105130,2023-11-02,CUST-00153,Priya Nakamura,Consumer,Japan,Asia,Home & Kitchen,Cutting Board,1,83.37,0.15,17.83,Credit Card,Completed
ORD-101190,2024-03-05,CUST-00478,Chen Silva,Consumer,United States,North America,Home & Kitchen,Coffee Maker,1,108.56,0.0,18.02,Credit Card,Returned
ORD-103376,2023-12-07,CUST-00254,Liam Martinez,Small Business,United States,North America,Electronics,Laptop Stand,1,120.21,0.0,21.38,Credit Card,Returned
ORD-100454,2023-10-30,CUST-00444,Yuki Brown,Small Business,Germany,Europe,Beauty,Lip Balm,1,42.25,0.1,15.33,Debit Card,Completed
ORD-102237,2024-01-05,CUST-00719,Fatima Silva,Small Business,United States,North America,Home & Kitchen,Cutting Board,1,70.5,0.0,17.54,PayPal,Completed
ORD-102895,2024-02-25,CUST-00735,,Consumer,United Kingdom,Europe,Apparel,Denim Jacket,1,41.44,0.05,15.44,Credit Card,Completed
ORD-101671,2024-11-20,CUST-00083,Ana Silva,Consumer,United Kingdom,Europe,Home & Kitchen,Coffee Maker,1,56.94,0.2,21.69,Credit Card,Completed
ORD-104008,2024-10-19,CUST-00147,Noah Tanaka,Small Business,Australia,Oceania,Sports & Outdoors,Water Bottle,1,165.63,0.0,16.16,PayPal,Completed
ORD-103461,2024-02-01,CUST-00313,Lucas Dubois,Consumer,Australia,Oceania,Sports & Outdoors,Camping Tent,1,123.3,0.0,6.19,Debit Card,Completed
ORD-105850,2024-07-21,CUST-00593,Tom Tanaka,Consumer,United Kingdom,Europe,Electronics,Smartphone Case,2,143.7,0.0,4.35,PayPal,Completed
ORD-102017,2024-05-10,CUST-00266,Ana Miller,Consumer,United States,North America,Home & Kitchen,Storage Bin,3,67.58,0.0,23.37,Bank Transfer,Completed
ORD-103066,2024-06-12,CUST-00787,Raj Nakamura,Consumer,Singapore,Asia,Home & Kitchen,Cutting Board,2,76.51,0.0,23.85,PayPal,Cancelled
ORD-105655,2023-06-01,CUST-00645,Lucas Khan,Small Business,INDIA,Asia,Electronics,USB-C Cable,1,60.38,0.0,11.23,Credit Card,Completed
ORD-102963,2024-06-16,CUST-00170,Emma Costa,Consumer,United States,North America,Electronics,Laptop Stand,1,162.93,0.0,4.22,Debit Card,Completed
ORD-102347,2024-05-08,CUST-00699,,Consumer,United States,North America,Beauty,Face Serum,1,43.73,0.0,7.08,Credit Card,Completed
ORD-102174,2024-08-24,CUST-00199,Noah Smith,,India,Asia,Sports & Outdoors,Yoga Mat,2,91.95,0.0,9.32,Debit Card,Completed
ORD-102044,2024-05-27,CUST-00796,David Khan,Enterprise,United States,North America,Home & Kitchen,Throw Pillow,1,122.75,0.15,19.71,Gift Card,Completed
ORD-103649,2024-10-30,CUST-00760,Carlos Jones,Small Business,Italy,Europe,Office,Pen Pack,1,28.72,0.0,4.97,PayPal,Completed
ORD-101537,2024-08-31,CUST-00350,John Khan,Small Business,Canada,North America,Electronics,Laptop Stand,1,76.73,0.0,24.97,Credit Card,Completed
ORD-103439,2024-07-08,CUST-00248,David Williams,Small Business,United States,North America,Apparel,Running Shoes,1,20.8,0.05,18.19,PayPal,Completed
ORD-106198,2024-08-17,CUST-00023,Robert Zhang,Consumer,United States,North America,Home & Kitchen,Throw Pillow,1,95.4,0.0,13.3,PayPal,Completed
ORD-105941,2024-02-03,CUST-00406,Patricia Kumar,Consumer,France,Europe,Electronics,Bluetooth Speaker,1,166.68,0.0,18.87,Credit Card,Completed
ORD-101674,2024-07-17,CUST-00426,Mia Miller,Consumer,United States,North America,Home & Kitchen,Coffee Maker,1,14.93,0.0,15.92,Credit Card,Completed
ORD-106848,2024-11-20,CUST-00214,James Rossi,Small Business,Japan,Asia,Apparel,Denim Jacket,5,84.26,0.0,15.56,PayPal,Completed
ORD-105918,2023-11-03,CUST-00564,Chen Davis,Small Business,Brazil,South America,Electronics,Headphones,1,201.94,0.0,17.42,Debit Card,Completed
ORD-104285,2023-08-11,CUST-00731,,Consumer,India,Asia,Apparel,Wool Socks,1,23.03,0.0,4.17,PayPal,Completed
ORD-104818,2024-06-30,CUST-00598,Michael Miller,Consumer,India,Asia,Office,Pen Pack,1,10.9,0.0,24.33,Credit Card,Completed
ORD-104608,2023-09-21,CUST-00776,Priya Nakamura,Consumer,United States,North America,Sports & Outdoors,Resistance Bands,1,45.63,0.0,20.74,PayPal,Completed
ORD-101445,2024-02-05,CUST-00346,Jennifer Silva,Consumer,United Kingdom,Europe,Beauty,Lip Balm,2,43.61,0.0,15.78,PayPal,Completed
ORD-106727,2024-09-29,CUST-00209,Elizabeth Nakamura,Consumer,Japan,Asia,Electronics,Smartphone Case,2,164.09,0.0,12.05,PayPal,Completed
ORD-105466,2024-08-14,CUST-00507,Fatima Brown,Consumer,United Kingdom,Europe,Apparel,Wool Socks,1,27.54,0.0,12.8,PayPal,Completed
ORD-103273,2024-05-07,CUST-00594,Jennifer Martinez,Consumer,Japan,Asia,Electronics,Smartphone Case,1,111.15,0.15,16.55,Credit Card,Cancelled
ORD-102131,2024-03-07,CUST-00393,Carlos Martinez,Consumer,United States,North America,Home & Kitchen,Throw Pillow,1,144.73,0.0,21.55,Bank Transfer,Completed
ORD-101545,2023-08-06,CUST-00821,Grace Rossi,Small Business,United States,North America,Electronics,Bluetooth Speaker,2,72.71,0.05,6.72,PayPal,Completed
ORD-102247,2024-07-01,CUST-00359,Chen Rossi,Consumer,France,Europe,Sports & Outdoors,Water Bottle,1,176.37,0.0,8.74,Credit Card,Completed
ORD-102162,2024-04-14,CUST-00410,Fatima Martinez,Enterprise,United States,North America,Home & Kitchen,Blender,1,55.08,0.0,16.2,Debit Card,Returned
ORD-100110,2024-04-08,CUST-00833,Grace Zhang,Consumer,Japan,Asia,Electronics,Headphones,2,159.55,0.0,15.62,Credit Card,Completed
ORD-104336,2023-11-26,CUST-00750,Elizabeth Silva,Consumer,United Kingdom,Europe,Electronics,USB-C Cable,2,150.33,0.0,12.77,PayPal,Completed
ORD-102555,2024-01-16,CUST-00647,Yuki Jones,Consumer,Canada,North America,Apparel,Denim Jacket,1,78.93,0.05,8.07,Credit Card,Completed
ORD-101802,2024-05-02,CUST-00191,Raj Miller,Small Business,Germany,Europe,Electronics,Smartphone Case,1,166.47,0.0,14.12,Credit Card,Returned
ORD-104934,2023-12-27,CUST-00351,Ines Muller,Consumer,Canada,North America,Sports & Outdoors,Water Bottle,1,157.14,0.05,22.0,Credit Card,Completed
ORD-101498,2024-11-06,CUST-00212,Mary Davis,Consumer,United States,North America,Office,Standing Desk Mat,5,56.91,0.0,13.43,Bank Transfer,Completed
ORD-103235,2024-09-06,CUST-00714,Ana Costa,Enterprise,Germany,Europe,Electronics,Headphones,1,33.13,0.1,,Credit Card,Completed
ORD-106911,2023-08-28,CUST-00666,Ana Khan,Consumer,United Kingdom,Europe,Office,Notebook Set,1,67.15,0.0,23.77,PayPal,Completed
ORD-105860,2024-04-29,CUST-00638,Noah Brown,Enterprise,France,Europe,Home & Kitchen,Cutting Board,1,146.33,0.0,9.65,Credit Card,Completed
ORD-104755,2023-08-04,CUST-00832,Tom Dubois,Enterprise,France,Europe,Home & Kitchen,Cutting Board,2,10.72,0.0,14.29,Debit Card,Completed
ORD-101529,2024-03-08,CUST-00761,Liam Rodriguez,Consumer,United Kingdom,Europe,Sports & Outdoors,Camping Tent,1,139.11,0.0,24.08,Bank Transfer,Completed
ORD-103640,2023-11-08,CUST-00207,James Williams,Consumer,Japan,Asia,Apparel,Wool Socks,2,10.85,0.0,7.94,Credit Card,Completed
ORD-104636,2023-10-27,CUST-00147,Noah Tanaka,Small Business, australia ,Oceania,Beauty,Sunscreen SPF50,1,39.12,0.0,23.8,PayPal,Completed
ORD-101290,2024-10-07,CUST-00377,Hiro Muller,Enterprise,Mexico,South America,Electronics,Bluetooth Speaker,2,97.82,0.05,21.59,Debit Card,Returned
ORD-101097,2024-11-08,CUST-00037,Robert Johnson,Enterprise,Germany,Europe,Office,Standing Desk Mat,1,4.17,0.0,8.79,Credit Card,Completed
ORD-104425,2023-11-01,CUST-00175,,Small Business,United States,North America,Sports & Outdoors,Hiking Backpack,2,77.07,0.0,17.62,Credit Card,Completed
ORD-101742,2024-07-05,CUST-00432,Priya Miller,Consumer,United Kingdom,Europe,Sports & Outdoors,Water Bottle,3,34.16,0.0,20.29,Credit Card,Completed
ORD-105440,2023-12-26,CUST-00473,Elizabeth Kumar,Consumer,Australia,Oceania,Office,Wireless Mouse,2,59.12,0.15,8.76,Credit Card,Completed
ORD-106211,2023-03-16,CUST-00670,David Williams,Consumer,India,Asia,Home & Kitchen,Coffee Maker,4,148.67,0.0,11.57,PayPal,Completed
ORD-101158,2024-04-15,CUST-00149,James Garcia,Small Business,Mexico,South America,Beauty,Sunscreen SPF50,1,37.1,0.0,,Credit Card,Completed
ORD-104300,2024-04-05,CUST-00524,Liam Martinez,,France,Europe,Sports & Outdoors,Hiking Backpack,2,20.12,0.0,17.61,Debit Card,Completed
ORD-104081,2023-06-06,CUST-00231,Grace Garcia,Enterprise,Canada,North America,Electronics,Laptop Stand,1,31.89,0.0,13.5,PayPal,Completed
ORD-104647,2024-10-22,CUST-00763,Liam Rossi,Small Business,United States,North America,Home & Kitchen,Throw Pillow,3,25.65,0.15,4.24,Credit Card,Completed
ORD-100604,2024-10-03,CUST-00435,Ana Khan,Consumer,Singapore,Asia,Apparel,Baseball Cap,3,40.66,0.15,,Debit Card,Completed
ORD-103426,2024-04-17,CUST-00637,Sofia Costa,Enterprise,United States,North America,Apparel,Wool Socks,1,20.47,0.0,19.36,Credit Card,Completed
ORD-106797,2024-06-08,CUST-00835,Hiro Nakamura,Small Business,Canada,North America,Electronics,Headphones,1,25.77,0.0,18.23,PayPal,Completed
ORD-106545,2023-12-30,CUST-00340,Grace Costa,Consumer,Germany,Europe,Beauty,Sunscreen SPF50,2,28.28,0.0,17.56,Credit Card,Completed
ORD-102889,2024-10-26,CUST-00641,Raj Martinez,Consumer,Germany,Europe,Apparel,Baseball Cap,2,64.76,0.0,17.34,Bank Transfer,Completed
ORD-105388,2024-08-14,CUST-00055,Grace Jones,Consumer,France,Europe,Electronics,USB-C Cable,1,28.7,0.0,14.6,Debit Card,Completed
ORD-100420,2024-09-18,CUST-00204,Fatima Rodriguez,Consumer,Italy,Europe,Electronics,Smartphone Case,1,137.5,0.1,15.32,Credit Card,Completed
ORD-101342,2024-06-10,CUST-00428,Yuki Rodriguez,Consumer,Spain,Europe,Apparel,T-Shirt,2,88.51,0.2,6.29,Debit Card,Completed
ORD-105544,2023-11-13,CUST-00689,Noah Rodriguez,Enterprise,Germany,Europe,Sports & Outdoors,Camping Tent,1,45.48,0.05,8.86,Credit Card,Completed
ORD-104011,2023-08-13,CUST-00650,Lucas Dubois,,Brazil,South America,Home & Kitchen,Blender,1,127.54,0.0,21.01,Credit Card,Completed
ORD-103581,2024-06-01,CUST-00845,Emma Muller,Consumer,Brazil,South America,Apparel,Denim Jacket,3,1874.2145889048638,0.2,15.77,Debit Card,Completed
ORD-102346,2024-07-23,CUST-00324,Tom Jones,Consumer,United States,North America,Home & Kitchen,Coffee Maker,1,76.32,0.2,19.21,Debit Card,Completed
ORD-105528,2023-10-18,CUST-00693,Ines Nakamura,Consumer,United Kingdom,Europe,Office,Wireless Mouse,1,6.27,0.0,8.52,Debit Card,Completed
ORD-102465,2024-09-16,CUST-00688,Grace Garcia,Consumer,United States,North America,Apparel,T-Shirt,2,38.95,0.1,4.55,PayPal,Completed
ORD-105523,2024-09-26,CUST-00690,Grace Nakamura,Consumer,Germany,Europe,Sports & Outdoors,Resistance Bands,2,117.74,0.0,2.59,PayPal,Completed
ORD-106299,2024-02-29,CUST-00136,Mary Rossi,Consumer,Singapore,Asia,Apparel,Wool Socks,3,11.71,0.15,15.85,PayPal,Completed
ORD-100699,2024-05-22,CUST-00467,Raj Zhang,Consumer,Germany,Europe,Home & Kitchen,Coffee Maker,1,21.43,0.05,6.01,Debit Card,Completed
ORD-105773,2024-07-23,CUST-00691,Carlos Rossi,Consumer,Canada,North America,Apparel,Running Shoes,5,86.63,0.0,23.18,Bank Transfer,Completed
ORD-103791,2024-09-16,CUST-00365,Mia Garcia,Consumer,France,Europe,Apparel,T-Shirt,1,77.81,0.0,10.35,Credit Card,Completed
ORD-106386,2024-06-17,CUST-00394,Lucas Jones,Small Business,United States,North America,Beauty,Shampoo,2,41.92,0.0,16.37,Bank Transfer,Completed
ORD-103126,2024-09-03,CUST-00347,Sofia Rodriguez,,United States,North America,Office,Standing Desk Mat,1,45.75,0.0,8.34,Bank Transfer,Completed
ORD-101198,2024-06-30,CUST-00530,Grace Zhang,Consumer,United States,North America,Apparel,Baseball Cap,1,82.46,0.0,13.73,Credit Card,Completed
ORD-106051,2024-10-11,CUST-00788,Tom Johnson,Consumer,Australia,Oceania,Electronics,Laptop Stand,1,84.55,0.0,14.88,Credit Card,Completed
ORD-103716,2024-03-24,CUST-00732,Linda Johnson,Consumer,Japan,Asia,Electronics,Smartphone Case,1,90.38,0.0,7.88,PayPal,Completed
ORD-105077,2024-06-05,CUST-00458,Emma Dubois,Consumer,Japan,Asia,Home & Kitchen,Blender,2,128.36,0.15,15.92,Debit Card,Completed
ORD-103436,2024-05-24,CUST-00790,Fatima Rodriguez,Consumer,France,Europe,Apparel,Wool Socks,2,77.86,0.0,16.04,PayPal,Completed
ORD-103215,2024-08-01,CUST-00311,Ana Garcia,Consumer,United Kingdom,Europe,Office,Desk Organizer,2,47.99,0.0,24.43,Credit Card,Returned
ORD-105640,2023-10-31,CUST-00163,Liam Martinez,Consumer,France,Europe,Sports & Outdoors,Resistance Bands,1,166.23,0.0,4.54,Bank Transfer,Completed
ORD-105172,2024-06-29,CUST-00236,Mary Zhang,Small Business,Japan,Asia,Beauty,Face Serum,2,29.71,0.0,21.7,Credit Card,Completed
ORD-102615,2024-01-17,CUST-00544,Noah Rodriguez,,Australia,Oceania,Apparel,Running Shoes,1,13.75,0.0,12.87,Credit Card,Returned
ORD-104737,2024-06-01,CUST-00513,Linda Khan,Small Business,Japan,Asia,Sports & Outdoors,Yoga Mat,1,144.14,0.0,14.7,Debit Card,Completed
ORD-104095,2024-10-01,CUST-00006,Sofia Jones,Consumer,United States,North America,Office,Standing Desk Mat,2,5.26,0.15,12.41,PayPal,Completed
ORD-100995,2024-11-30,CUST-00834,Yuki Martinez,Consumer,India,Asia,Apparel,T-Shirt,1,40.3,0.0,12.82,PayPal,Returned
ORD-103618,2023-08-28,CUST-00305,Hiro Dubois,Enterprise,Mexico,South America,Home & Kitchen,Throw Pillow,1,97.63,0.05,16.47,PayPal,Completed
ORD-104105,2024-06-13,CUST-00523,Ana Johnson,Consumer,Germany,Europe,Sports & Outdoors,Water Bottle,1,73.59,0.05,6.8,PayPal,Completed
ORD-101004,2024-07-02,CUST-00772,James Brown,Consumer,United Kingdom,Europe,Apparel,Running Shoes,2,48.58,0.0,10.8,Gift Card,Cancelled
ORD-103065,2024-09-16,CUST-00628,,Consumer,India,Asia,Apparel,Running Shoes,1,66.79,0.0,8.55,Debit Card,Completed
ORD-104417,2024-06-16,CUST-00403,Ines Silva,Consumer,Canada,North America,Electronics,Headphones,2,196.93,0.0,7.36,Bank Transfer,Completed
ORD-100732,2023-07-25,CUST-00179,Wei Smith,Consumer,France,Europe,Beauty,Sunscreen SPF50,1,28.09,0.0,18.0,PayPal,Completed
ORD-101437,2024-05-06,CUST-00167,Emma Davis,Consumer,India,Asia,Home & Kitchen,Blender,1,122.1,0.0,4.23,Credit Card,Completed
ORD-106714,2024-01-11,CUST-00759,Emma Rossi,Consumer,FRANCE,Europe,Electronics,Bluetooth Speaker,1,122.71,0.15,19.27,Credit Card,Completed
ORD-102521,2024-04-20,CUST-00321,Priya Kumar,Consumer,United States,North America,Apparel,Baseball Cap,1,52.27,0.05,18.84,Credit Card,Completed
ORD-102371,2023-08-18,CUST-00547,Robert Jones,Small Business,INDIA,Asia,Electronics,Smartphone Case,2,104.32,0.0,16.06,Credit Card,Completed
ORD-101815,2023-06-28,CUST-00100,Elizabeth Costa,Small Business,Italy,Europe,Apparel,T-Shirt,1,48.99,0.0,10.91,PayPal,Completed
ORD-105320,2024-09-05,CUST-00130,Chen Nakamura,Consumer,Australia,Oceania,Home & Kitchen,Storage Bin,1,89.66,0.0,14.53,Credit Card,Completed
ORD-103623,2024-07-14,CUST-00172,Robert Garcia,Consumer,United States,North America,Apparel,Running Shoes,2,9.66,0.0,9.21,Debit Card,Completed
ORD-104045,2023-11-16,CUST-00265,Mia Miller,Consumer,United States,North America,Apparel,Running Shoes,1,33.43,0.0,13.22,Bank Transfer,Completed
ORD-101105,2024-03-21,CUST-00720,Ana Garcia,Consumer,United States,North America,Sports & Outdoors,Yoga Mat,1,46.62,0.0,13.21,Debit Card,Completed
ORD-105590,2023-10-02,CUST-00168,Noah Rossi,Enterprise,Germany,Europe,Sports & Outdoors,Water Bottle,1,35.16,0.0,10.93,PayPal,Completed
ORD-103739,2024-07-18,CUST-00261,David Garcia,Enterprise,Germany,Europe,Home & Kitchen,Cutting Board,4,46.8,0.15,12.39,Debit Card,Cancelled
ORD-100162,2024-07-23,CUST-00113,Mia Johnson,Small Business,United States,North America,Home & Kitchen,Coffee Maker,1,129.26,0.0,6.24,PayPal,Completed
ORD-106650,2024-06-24,CUST-00114,Emma Dubois,Consumer,Brazil,South America,Beauty,Hair Dryer,1,53.48,0.0,11.24,Debit Card,Completed
ORD-104756,2024-08-18,CUST-00806,Wei Williams,Consumer,France,Europe,Beauty,Shampoo,1,17.0,0.05,5.81,Credit Card,Completed
ORD-101884,2023-11-17,CUST-00045,Grace Zhang,Consumer,Spain,Europe,Sports & Outdoors,Hiking Backpack,1,165.79,0.0,24.58,Bank Transfer,Completed
ORD-102651,2024-09-22,CUST-00368,Mary Miller,Small Business,Singapore,Asia,Beauty,Sunscreen SPF50,2,30.01,0.05,12.8,PayPal,Completed
ORD-101626,2024-06-08,CUST-00609,Grace Tanaka,Consumer,France,Europe,Beauty,Shampoo,1,52.4,0.05,9.23,Debit Card,Completed
ORD-103507,2024-09-08,CUST-00271,Linda Smith,Consumer,Mexico,South America,Electronics,Bluetooth Speaker,1,37.25,0.0,6.2,PayPal,Completed
ORD-101872,2024-01-06,CUST-00072,Chen Costa,Small Business,India,Asia,Electronics,Smartphone Case,1,110.08,0.0,18.17,Credit Card,Completed
ORD-100411,2023-10-11,CUST-00821,Grace Rossi,Small Business,United States,North America,Electronics,Laptop Stand,1,177.3,0.0,23.56,Bank Transfer,Completed
ORD-105503,2023-12-03,CUST-00259,Liam Smith,Small Business,Spain,Europe,Office,Pen Pack,1,43.06,0.0,11.11,Credit Card,Completed
ORD-101043,2024-09-06,CUST-00460,Grace Rossi,Small Business,Germany,Europe,Sports & Outdoors,Resistance Bands,1,111.33,0.0,22.4,PayPal,Returned
ORD-100677,2024-04-10,CUST-00393,Carlos Martinez,Consumer,United States,North America,Home & Kitchen,Coffee Maker,1,64.93,0.0,8.55,Bank Transfer,Completed
ORD-100187,2024-09-21,CUST-00701,Yuki Tanaka,,Japan,Asia,Apparel,Running Shoes,1,22.47,0.0,24.45,Credit Card,Completed
ORD-106581,2024-10-15,CUST-00461,,Consumer,France,Europe,Sports & Outdoors,Resistance Bands,2,30.13,0.0,19.81,Credit Card,Returned
ORD-105326,2024-07-14,CUST-00417,Fatima Rossi,Enterprise,United States,North America,Apparel,Running Shoes,2,85.86,0.0,14.28,PayPal,Completed
ORD-104723,2024-05-29,CUST-00284,Wei Nakamura,Consumer,United States,North America,Home & Kitchen,Storage Bin,1,74.29,0.1,20.72,Credit Card,Completed
ORD-101330,2024-06-24,CUST-00009,Yuki Khan,Consumer,Germany,Europe,Beauty,Hair Dryer,1,35.39,0.0,2.98,Credit Card,Completed
ORD-101515,2024-07-10,CUST-00087,Raj Johnson,Consumer,United States,North America,Home & Kitchen,Storage Bin,3,140.7,0.05,12.79,Credit Card,Completed
ORD-106981,2024-08-14,CUST-00133,Carlos Costa,Consumer,Germany,Europe,Beauty,Hair Dryer,1,41.7,0.0,17.5,Debit Card,Completed
ORD-102387,2024-03-06,CUST-00118,Jennifer Brown,Consumer,France,Europe,Home & Kitchen,Cutting Board,1,93.99,0.0,13.64,Credit Card,Completed
ORD-105177,2024-07-22,CUST-00577,Ana Smith,Consumer,Brazil,South America,Home & Kitchen,Blender,2,64.26,0.1,10.32,PayPal,Completed
ORD-103264,2024-03-30,CUST-00801,Lucas Zhang,Small Business,India,Asia,Sports & Outdoors,Hiking Backpack,1,113.96,0.15,9.46,PayPal,Completed
ORD-100029,2024-06-03,CUST-00518,James Rodriguez,Consumer,UNITED KINGDOM,Europe,Electronics,Headphones,1,65.18,0.05,6.23,Credit Card,Completed
ORD-106951,2024-07-15,CUST-00671,Patricia Smith,Consumer,United States,North America,Apparel,Wool Socks,1,25.69,0.0,10.92,Debit Card,Completed
ORD-105403,2024-11-18,CUST-00737,Liam Brown,Consumer,Mexico,South America,Apparel,T-Shirt,1,64.92,0.0,5.75,Credit Card,Completed
ORD-102332,2024-07-12,CUST-00595,Hiro Garcia,Consumer,Canada,North America,Office,Wireless Mouse,2,33.1,0.1,20.16,Credit Card,Completed
ORD-105468,2023-09-20,CUST-00730,Elizabeth Zhang,Consumer,Brazil,South America,Sports & Outdoors,Resistance Bands,1,18.14,0.0,2.33,Credit Card,Completed
ORD-106300,2024-10-22,CUST-00621,Mia Zhang,Enterprise,Mexico,South America,Apparel,T-Shirt,2,16.86,0.2,8.5,Debit Card,Cancelled
ORD-102632,2023-10-30,CUST-00011,Ines Tanaka,,United Kingdom,Europe,Electronics,USB-C Cable,4,127.36,0.0,11.4,Credit Card,Completed
ORD-101876,2024-08-25,CUST-00338,Mia Zhang,Consumer,Brazil,South America,Beauty,Face Serum,4,25.93,0.0,22.88,PayPal,Completed
ORD-103896,2024-01-05,CUST-00543,John Davis,Consumer,United States,North America,Beauty,Face Serum,1,14.61,0.0,4.59,Credit Card,Completed
ORD-104643,2024-12-03,CUST-00833,Grace Zhang,Consumer,Japan,Asia,Electronics,Bluetooth Speaker,3,93.81,0.0,3.61,Gift Card,Completed
ORD-106977,2024-08-24,CUST-00543,John Davis,Consumer,United States,North America,Beauty,Lip Balm,1,41.91,0.05,19.89,Credit Card,Returned
ORD-102703,2024-07-07,CUST-00458,Emma Dubois,Consumer,Japan,Asia,Electronics,Bluetooth Speaker,1,128.06,0.0,13.75,Debit Card,Completed
ORD-101458,2023-10-14,CUST-00209,Elizabeth Nakamura,,Japan,Asia,Sports & Outdoors,Resistance Bands,4,127.93,0.0,9.66,Debit Card,Completed
ORD-106052,2023-04-17,CUST-00134,Elizabeth Rodriguez,Consumer,Brazil,South America,Home & Kitchen,Coffee Maker,1,95.53,0.15,6.83,Credit Card,Completed
ORD-103203,2023-10-14,CUST-00394,Lucas Jones,Small Business,United States,North America,Home & Kitchen,Blender,1,89.63,0.0,7.23,Gift Card,Returned
ORD-102524,2024-07-13,CUST-00401,James Zhang,Consumer,Singapore,Asia,Home & Kitchen,Coffee Maker,1,17.57,0.0,23.59,Credit Card,Completed
ORD-103892,2023-09-18,CUST-00586,Grace Zhang,Consumer,Mexico,South America,Apparel,Running Shoes,2,20.71,0.0,24.17,Debit Card,Completed
ORD-105296,2024-07-23,CUST-00732,Linda Johnson,Consumer, japan ,Asia,Beauty,Lip Balm,3,22.02,0.0,24.92,Credit Card,Completed
ORD-105221,2024-07-21,CUST-00574,Tom Costa,Consumer,Canada,North America,Electronics,Bluetooth Speaker,1,65.59,0.0,15.26,Bank Transfer,Completed
ORD-104228,2023-10-29,CUST-00388,Wei Muller,Small Business,United States,North America,Apparel,Baseball Cap,4,56.72,0.0,24.32,Debit Card,Completed
ORD-101344,2024-01-15,CUST-00506,Carlos Garcia,Consumer,BRAZIL,South America,Sports & Outdoors,Camping Tent,2,119.21,0.0,18.59,Credit Card,Returned
ORD-100020,2024-02-06,CUST-00785,Ana Jones,Consumer,Germany,Europe,Home & Kitchen,Throw Pillow,2,33.51,0.05,5.14,Credit Card,Returned
ORD-105787,2023-09-24,CUST-00415,Wei Davis,Consumer,United Kingdom,Europe,Home & Kitchen,Blender,-3,148.87,0.0,7.14,PayPal,Completed
ORD-106013,2023-09-03,CUST-00663,Patricia Garcia,Small Business,Mexico,South America,Apparel,Running Shoes,1,34.23,0.0,13.96,Debit Card,Completed
ORD-103854,2024-08-31,CUST-00531,Michael Brown,Consumer,Brazil,South America,Sports & Outdoors,Camping Tent,1,156.09,0.0,18.7,Bank Transfer,Completed
ORD-104611,2023-11-05,CUST-00192,Emma Khan,Small Business,Germany,Europe,Office,Desk Organizer,4,22.52,0.0,3.61,PayPal,Cancelled
ORD-100343,2024-01-06,CUST-00070,James Muller,Consumer,Germany,Europe,Apparel,T-Shirt,1,22.74,0.0,4.6,Debit Card,Completed
ORD-102437,2024-05-09,CUST-00417,,Enterprise,United States,North America,Apparel,Wool Socks,2,69.05,0.0,23.21,Credit Card,Completed
ORD-103781,2024-02-11,CUST-00146,Sofia Jones,Consumer,Germany,Europe,Sports & Outdoors,Hiking Backpack,1,20.66,0.0,12.72,Credit Card,Completed
ORD-106428,2024-06-12,CUST-00381,Ana Davis,Small Business,Singapore,Asia,Electronics,Laptop Stand,1,168.8,0.0,8.17,Credit Card,Completed
ORD-103236,2023-12-29,CUST-00389,James Williams,Small Business, singapore ,Asia,Sports & Outdoors,Water Bottle,3,140.68,0.05,9.6,Credit Card,Completed
ORD-105830,2023-02-26,CUST-00734,Robert Muller,Consumer,Brazil,South America,Home & Kitchen,Throw Pillow,1,112.88,0.0,,PayPal,Completed
ORD-100610,2024-05-20,CUST-00588,,Consumer,United States,North America,Home & Kitchen,Cutting Board,2,10.15,0.0,13.32,Credit Card,Completed
ORD-105990,2023-08-14,CUST-00545,Emma Silva,Small Business,Mexico,South America,Electronics,Smartphone Case,3,21.72,0.1,16.97,Credit Card,Returned
ORD-104865,2024-03-10,CUST-00171,Mary Johnson,Small Business,United States,North America,Beauty,Face Serum,1,26.51,0.1,21.97,PayPal,Completed
ORD-106367,2024-02-18,CUST-00218,Yuki Rossi,Small Business,Canada,North America,Apparel,Baseball Cap,1,64.43,0.1,14.35,Credit Card,Completed
ORD-106004,2024-11-11,CUST-00343,Wei Dubois,Consumer,India,Asia,Home & Kitchen,Storage Bin,4,87.76,0.0,3.25,PayPal,Completed
ORD-105582,2024-11-12,CUST-00471,Noah Costa,Enterprise,Singapore,Asia,Beauty,Sunscreen SPF50,1,12.2,0.0,11.22,Debit Card,Completed
ORD-103274,2023-09-04,CUST-00257,John Williams,Small Business,Canada,North America,Sports & Outdoors,Resistance Bands,1,104.78,0.0,8.39,Credit Card,Completed
ORD-100890,2024-10-16,CUST-00168,Noah Rossi,Enterprise,Germany,Europe,Electronics,Smartphone Case,3,172.69,0.0,3.68,Debit Card,Completed
ORD-101701,2024-06-21,CUST-00668,Mary Rodriguez,Enterprise,Italy,Europe,Electronics,Bluetooth Speaker,2,61.34,0.0,18.73,PayPal,Completed
ORD-106111,2024-10-30,CUST-00034,Wei Nakamura,Enterprise,India,Asia,Electronics,Smartphone Case,1,214.81,0.0,23.42,PayPal,Completed
ORD-103522,2024-10-17,CUST-00781,Elizabeth Brown,Consumer,India,Asia,Apparel,T-Shirt,2,46.4,0.05,,Credit Card,Completed
ORD-101270,2023-04-15,CUST-00090,Olivia Brown,Consumer,United States,North America,Apparel,Running Shoes,2,21.94,0.0,23.7,Bank Transfer,Returned
ORD-103067,2024-09-28,CUST-00465,Ines Williams,Consumer,Singapore,Asia,Sports & Outdoors,Hiking Backpack,1,112.77,0.0,6.63,Credit Card,Completed
ORD-106344,2023-10-09,CUST-00396,Mary Costa,Consumer,Mexico,South America,Electronics,Headphones,1,154.34,0.0,6.31,Gift Card,Completed
ORD-102367,2024-06-05,CUST-00305,Hiro Dubois,Enterprise,Mexico,South America,Home & Kitchen,Coffee Maker,1,15.14,0.0,2.03,PayPal,Completed
ORD-100405,2023-12-11,CUST-00019,Liam Tanaka,Small Business,Germany,Europe,Beauty,Sunscreen SPF50,2,38.6,0.0,6.48,PayPal,Completed
ORD-102127,2024-11-12,CUST-00455,Hiro Silva,Consumer,Germany,Europe,Sports & Outdoors,Yoga Mat,4,134.42,0.0,5.42,PayPal,Completed
ORD-101875,2024-01-03,CUST-00034,Wei Nakamura,,India,Asia,Home & Kitchen,Blender,2,129.93,0.1,23.02,Bank Transfer,Completed
ORD-101062,2023-09-15,CUST-00393,Carlos Martinez,Consumer,United States,North America,Apparel,Wool Socks,1,42.17,0.0,16.84,Debit Card,Completed
ORD-102605,2024-10-06,CUST-00014,Noah Muller,Consumer,Singapore,Asia,Home & Kitchen,Blender,2,57.0,0.0,12.11,Gift Card,Completed
ORD-100806,2023-03-31,CUST-00181,Ines Nakamura,Consumer,Singapore,Asia,Home & Kitchen,Storage Bin,1,18.14,0.0,15.97,Debit Card,Completed
ORD-104810,2023-07-19,CUST-00086,Grace Tanaka,Small Business,United States,North America,Home & Kitchen,Storage Bin,5,57.11,0.0,3.14,Credit Card,Completed
ORD-105660,2023-11-20,CUST-00735,Linda Rossi,Consumer,United Kingdom,Europe,Home & Kitchen,Coffee Maker,1,102.69,0.0,24.83,Debit Card,Cancelled
ORD-100950,2024-07-08,CUST-00748,Chen Johnson,Consumer,Canada,North America,Home & Kitchen,Cutting Board,2,16.03,0.0,17.46,Credit Card,Completed
ORD-106358,2024-05-18,CUST-00615,Grace Brown,,United States,North America,Beauty,Lip Balm,1,26.75,0.0,2.27,Debit Card,Completed
ORD-106878,2024-07-22,CUST-00768,Elizabeth Khan,Consumer,Germany,Europe,Sports & Outdoors,Hiking Backpack,1,32.67,0.0,22.64,Debit Card,Completed
ORD-106087,2023-05-28,CUST-00064,Priya Garcia,Enterprise, canada ,North America,Electronics,Bluetooth Speaker,1,183.74,0.05,5.71,Credit Card,Completed
ORD-105817,2024-08-29,CUST-00388,Wei Muller,Small Business,United States,North America,Electronics,Headphones,2,111.45,0.0,18.88,Credit Card,Completed
ORD-105208,2024-08-24,CUST-00114,Emma Dubois,Consumer,Brazil,South America,Apparel,T-Shirt,1,51.21,0.0,6.05,PayPal,Completed
ORD-100133,2024-03-23,CUST-00816,Chen Zhang,Consumer,United Kingdom,Europe,Electronics,Laptop Stand,2,53.74,0.0,4.07,Debit Card,Completed
ORD-100372,2024-11-09,CUST-00817,Chen Zhang,Consumer,Italy,Europe,Apparel,T-Shirt,2,50.45,0.0,19.87,Credit Card,Completed
ORD-105861,2023-12-19,CUST-00549,Jennifer Brown,Consumer,United Kingdom,Europe,Apparel,T-Shirt,3,42.75,0.0,3.6,Credit Card,Completed
ORD-104007,2024-05-04,CUST-00692,Ahmed Rossi,Consumer,France,Europe,Sports & Outdoors,Hiking Backpack,1,20.91,0.0,20.44,PayPal,Completed
ORD-101550,2024-05-13,CUST-00650,Lucas Dubois,Consumer,Brazil,South America,Beauty,Face Serum,1,11.02,0.05,20.25,Bank Transfer,Completed
ORD-101832,2024-07-02,CUST-00486,Patricia Johnson,Consumer,Germany,Europe,Beauty,Hair Dryer,2,44.33,0.2,17.03,Credit Card,Completed
ORD-104025,2024-08-16,CUST-00597,Mia Rossi,Consumer,India,Asia,Office,Desk Organizer,1,36.18,0.2,3.08,PayPal,Completed
ORD-106275,2024-03-24,CUST-00735,Linda Rossi,Consumer,United Kingdom,Europe,Sports & Outdoors,Yoga Mat,1,40.11,0.0,22.55,PayPal,Completed
ORD-102867,2023-11-22,CUST-00276,Jennifer Smith,Consumer,Canada,North America,Electronics,Headphones,1,84.67,0.0,12.71,PayPal,Completed
ORD-104508,2024-08-31,CUST-00581,Hiro Jones,Consumer,United States,North America,Sports & Outdoors,Yoga Mat,1,64.44,0.0,2.62,PayPal,Completed
ORD-104614,2024-09-27,CUST-00584,,Small Business,United States,North America,Beauty,Shampoo,2,1328.5506913696863,0.0,9.0,PayPal,Completed
ORD-103370,2024-11-27,CUST-00642,Hiro Davis,Consumer,United States,North America,Electronics,Bluetooth Speaker,1,47.45,0.1,19.54,Debit Card,Completed
ORD-102041,2024-07-25,CUST-00163,Liam Martinez,Consumer,France,Europe,Apparel,T-Shirt,1,72.98,0.0,21.34,Credit Card,Completed
ORD-106609,2024-09-26,CUST-00792,Ana Garcia,Consumer,United States,North America,Apparel,Denim Jacket,2,44.02,0.0,8.6,PayPal,Returned
ORD-105902,2024-03-27,CUST-00750,Elizabeth Silva,Consumer,United Kingdom,Europe,Home & Kitchen,Storage Bin,1,39.55,0.0,10.15,PayPal,Completed
ORD-105893,2024-06-11,CUST-00752,David Zhang,Enterprise,France,Europe,Home & Kitchen,Throw Pillow,2,98.18,0.0,15.63,Gift Card,Completed
ORD-105866,2024-07-21,CUST-00635,,Consumer,Spain,Europe,Sports & Outdoors,Camping Tent,1,160.41,0.05,24.88,Credit Card,Completed
ORD-100665,2024-07-15,CUST-00032,John Davis,Consumer,Spain,Europe,Beauty,Hair Dryer,1,19.56,0.0,6.53,Bank Transfer,Completed
ORD-106317,2024-11-13,CUST-00162,Lucas Miller,Consumer,United Kingdom,Europe,Home & Kitchen,Cutting Board,1,19.05,0.0,22.69,PayPal,Completed
ORD-106716,2024-08-07,CUST-00522,Fatima Dubois,Small Business,Germany,Europe,Electronics,USB-C Cable,1,207.39,0.0,19.75,Credit Card,Completed
ORD-100296,2023-06-03,CUST-00545,Emma Silva,Small Business,Mexico,South America,Office,Notebook Set,1,8.82,0.0,7.64,Bank Transfer,Returned
ORD-106806,2024-09-18,CUST-00730,Elizabeth Zhang,Consumer,Brazil,South America,Office,Standing Desk Mat,1,53.1,0.0,13.3,Credit Card,Returned
ORD-102173,2023-08-14,CUST-00074,Robert Davis,,Germany,Europe,Sports & Outdoors,Hiking Backpack,3,23.21,0.0,5.83,Debit Card,Completed
ORD-102709,2024-09-10,CUST-00163,Liam Martinez,Consumer,France,Europe,Electronics,Smartphone Case,1,134.36,0.0,23.63,Bank Transfer,Completed
ORD-101546,2024-08-22,CUST-00723,Chen Rossi,Consumer,United Kingdom,Europe,Office,Standing Desk Mat,1,62.46,0.0,22.62,Credit Card,Completed
ORD-104178,2023-02-12,CUST-00372,Raj Dubois,Enterprise,United States,North America,Home & Kitchen,Blender,2,83.9,0.0,6.28,Credit Card,Completed
ORD-105134,2024-07-22,CUST-00284,Wei Nakamura,Consumer,United States,North America,Apparel,Denim Jacket,1,41.4,0.0,7.82,Credit Card,Cancelled
ORD-103200,2024-01-29,CUST-00358,Tom Silva,Consumer,Brazil,South America,Home & Kitchen,Blender,1,19.2,0.0,19.67,Bank Transfer,Completed
ORD-102643,2024-04-07,CUST-00360,Carlos Martinez,Small Business,United Kingdom,Europe,Office,Standing Desk Mat,1,61.53,0.15,20.66,Credit Card,Completed
ORD-102726,2024-11-10,CUST-00782,Tom Garcia,Small Business,United States,North America,Apparel,Running Shoes,1,69.06,0.0,10.27,Credit Card,Completed
ORD-100723,2024-02-26,CUST-00385,Ines Johnson,Consumer,France,Europe,Electronics,USB-C Cable,3,134.13,0.05,21.23,Bank Transfer,Completed
ORD-105812,2024-04-12,CUST-00511,Linda Miller,Consumer,FRANCE,Europe,Beauty,Shampoo,1,36.82,0.0,6.0,PayPal,Completed
ORD-105437,2024-03-12,CUST-00732,Linda Johnson,Consumer,Japan,Asia,Electronics,Smartphone Case,1,147.87,0.0,13.41,Credit Card,Completed
ORD-102960,2023-05-05,CUST-00619,Liam Costa,Enterprise,Canada,North America,Apparel,Wool Socks,1,58.59,0.0,2.14,Credit Card,Completed
ORD-105851,2023-09-01,CUST-00214,James Rossi,Small Business,Japan,Asia,Home & Kitchen,Coffee Maker,1,104.83,0.15,19.07,Bank Transfer,Completed
ORD-106150,2023-11-30,CUST-00546,John Rodriguez,Consumer,Brazil,South America,Electronics,Smartphone Case,1,112.16,0.0,20.61,Debit Card,Completed
ORD-101588,2024-09-18,CUST-00340,Grace Costa,Consumer,Germany,Europe,Apparel,Baseball Cap,1,49.61,0.0,22.08,Credit Card,Completed
ORD-106371,2023-03-15,CUST-00416,Wei Garcia,Small Business,United States,North America,Beauty,Hair Dryer,1,53.08,0.0,18.71,Credit Card,Completed
ORD-104094,2023-11-10,CUST-00334,David Garcia,Consumer,GERMANY,Europe,Apparel,Wool Socks,1,51.71,0.0,13.13,Credit Card,Returned
ORD-103398,2024-03-27,CUST-00273,Robert Rossi,,Spain,Europe,Apparel,Running Shoes,1,89.98,0.0,14.06,Credit Card,Completed
ORD-106966,2024-05-29,CUST-00417,Fatima Rossi,Enterprise,United States,North America,Electronics,USB-C Cable,1,184.25,0.0,19.9,Debit Card,Completed
ORD-103187,2024-03-28,CUST-00574,Tom Costa,Consumer,CANADA,North America,Home & Kitchen,Cutting Board,1,14.2,0.1,22.3,Gift Card,Completed
ORD-104238,2024-06-08,CUST-00236,Mary Zhang,Small Business,Japan,Asia,Home & Kitchen,Cutting Board,1,28.33,0.0,15.96,Credit Card,Cancelled
ORD-103802,2024-03-17,CUST-00066,Ana Brown,Consumer,Australia,Oceania,Electronics,Bluetooth Speaker,2,51.75,0.0,16.02,Credit Card,Completed
ORD-101193,2024-05-20,CUST-00024,Wei Rodriguez,Consumer,United Kingdom,Europe,Home & Kitchen,Cutting Board,5,10.52,0.0,24.38,PayPal,Returned
ORD-104083,2024-09-12,CUST-00107,Linda Garcia,Enterprise,Brazil,South America,Office,Pen Pack,1,9.0,0.0,14.53,Debit Card,Completed
ORD-105011,2024-01-01,CUST-00385,Ines Johnson,Consumer, france ,Europe,Office,Notebook Set,1,16.72,0.0,24.05,Credit Card,Completed
ORD-105327,2023-08-23,CUST-00811,Mary Costa,Small Business,France,Europe,Electronics,Smartphone Case,1,185.05,0.1,22.44,Debit Card,Completed
ORD-104437,2024-01-22,CUST-00436,Grace Dubois,Consumer,Italy,Europe,Electronics,Laptop Stand,4,177.83,0.0,18.86,PayPal,Completed
ORD-101170,2024-05-15,CUST-00756,James Williams,Small Business,Germany,Europe,Home & Kitchen,Coffee Maker,2,12.3,0.0,19.98,Debit Card,Cancelled
ORD-105777,2023-08-25,CUST-00589,Jennifer Williams,Consumer,Mexico,South America,Beauty,Sunscreen SPF50,2,33.61,0.1,18.17,PayPal,Completed
ORD-104804,2023-11-07,CUST-00168,Noah Rossi,Enterprise, germany ,Europe,Home & Kitchen,Throw Pillow,2,130.39,0.0,3.88,PayPal,Completed
ORD-100416,2024-04-23,CUST-00166,Wei Kumar,Consumer,Spain,Europe,Office,Wireless Mouse,3,26.08,0.05,23.36,Bank Transfer,Cancelled
ORD-104252,2023-08-15,CUST-00536,Tom Garcia,Enterprise,Canada,North America,Apparel,Wool Socks,1,32.23,0.0,2.51,Credit Card,Completed
ORD-102210,2024-09-30,CUST-00323,Chen Nakamura,Consumer,France,Europe,Beauty,Hair Dryer,1,28.71,0.0,5.04,Credit Card,Completed
ORD-100316,2023-07-17,CUST-00048,Yuki Martinez,Enterprise,France,Europe,Electronics,Laptop Stand,3,108.38,0.0,10.92,Bank Transfer,Completed
ORD-101077,2024-10-03,CUST-00266,Ana Miller,Consumer,United States,North America,Beauty,Hair Dryer,4,18.53,0.05,17.5,Credit Card,Completed
ORD-101648,2024-03-12,CUST-00739,Hiro Dubois,Consumer,United States,North America,Beauty,Lip Balm,2,55.92,0.05,13.22,Bank Transfer,Completed
ORD-104435,2024-01-23,CUST-00597,Mia Rossi,Consumer,India,Asia,Apparel,Denim Jacket,1,61.22,0.1,3.33,Gift Card,Cancelled
ORD-106604,2024-11-16,CUST-00603,Lucas Johnson,Consumer,United Kingdom,Europe,Electronics,Laptop Stand,1,26.13,0.0,19.13,Debit Card,Completed
ORD-102164,2024-08-22,CUST-00520,,Small Business,Australia,Oceania,Apparel,Running Shoes,1,10.18,0.15,24.0,PayPal,Completed
ORD-105648,2024-02-23,CUST-00266,Ana Miller,Consumer,United States,North America,Home & Kitchen,Storage Bin,1,86.97,0.0,14.06,PayPal,Completed
ORD-104497,2024-01-04,CUST-00582,Wei Nakamura,Small Business,Spain,Europe,Electronics,Bluetooth Speaker,2,190.07,0.0,6.77,Debit Card,Completed
ORD-106065,2023-12-03,CUST-00824,David Miller,Consumer,Australia,Oceania,Home & Kitchen,Storage Bin,1,108.34,0.0,17.37,Credit Card,Completed
ORD-103312,2024-09-07,CUST-00787,Raj Nakamura,Consumer,Singapore,Asia,Apparel,Running Shoes,2,82.54,0.0,22.36,Credit Card,Completed
ORD-103445,2024-04-23,CUST-00304,John Garcia,Small Business,Australia,Oceania,Electronics,Bluetooth Speaker,2,209.7,0.0,20.17,Credit Card,Completed
ORD-100659,2023-04-18,CUST-00689,Noah Rodriguez,Enterprise,Germany,Europe,Home & Kitchen,Blender,2,42.44,0.0,8.45,Debit Card,Completed
ORD-102288,2024-05-01,CUST-00346,Jennifer Silva,Consumer,United Kingdom,Europe,Home & Kitchen,Storage Bin,1,110.88,0.0,4.9,Debit Card,Completed
ORD-105220,2023-12-30,CUST-00340,Grace Costa,Consumer,Germany,Europe,Office,Wireless Mouse,1,15.85,0.0,23.1,PayPal,Completed
ORD-104884,2024-05-04,CUST-00571,Emma Khan,Consumer,Mexico,South America,Home & Kitchen,Throw Pillow,1,106.71,0.1,2.55,Credit Card,Completed
ORD-101353,2024-01-24,CUST-00773,David Brown,Small Business,GERMANY,Europe,Sports & Outdoors,Yoga Mat,2,48.33,0.0,5.76,Debit Card,Completed
ORD-101767,2023-06-15,CUST-00459,Ahmed Nakamura,Consumer,Italy,Europe,Apparel,Baseball Cap,1,13.62,0.0,5.15,Bank Transfer,Completed
ORD-100969,2023-12-27,CUST-00398,Ines Davis,Small Business,Mexico,South America,Electronics,Bluetooth Speaker,1,43.02,0.0,3.14,Credit Card,Completed
ORD-106458,2024-08-14,CUST-00841,Wei Brown,Consumer,United Kingdom,Europe,Home & Kitchen,Coffee Maker,2,89.76,0.15,21.34,PayPal,Completed
ORD-103911,2023-11-28,CUST-00013,Sofia Williams,Consumer,Canada,North America,Apparel,Wool Socks,1,53.59,0.0,24.39,Gift Card,Completed
ORD-101941,2024-09-16,CUST-00370,Patricia Davis,Enterprise,United States,North America,Home & Kitchen,Blender,1,80.53,0.0,12.66,Credit Card,Completed
ORD-102270,2024-06-25,CUST-00260,Sofia Brown,Small Business,Australia,Oceania,Electronics,Bluetooth Speaker,1,202.94,0.0,11.06,Credit Card,Completed
ORD-105755,2023-12-03,CUST-00565,Hiro Jones,Small Business,Italy,Europe,Apparel,Running Shoes,2,52.28,0.15,9.11,Credit Card,Completed
ORD-100747,2024-07-22,CUST-00334,David Garcia,Consumer,Germany,Europe,Apparel,T-Shirt,3,77.94,0.1,3.48,Debit Card,Returned
ORD-104536,2024-03-02,CUST-00349,Elizabeth Smith,Consumer, united states ,North America,Electronics,Smartphone Case,2,23.45,0.0,18.27,Credit Card,Completed
ORD-106272,2024-12-13,CUST-00310,Patricia Rossi,Consumer,India,Asia,Apparel,T-Shirt,1,17.59,0.0,6.27,Credit Card,Completed
ORD-105306,2024-04-26,CUST-00053,Patricia Garcia,,India,Asia,Sports & Outdoors,Hiking Backpack,1,23.39,0.0,13.07,Credit Card,Completed
ORD-102445,2023-12-28,CUST-00569,Mia Martinez,Enterprise,United States,North America,Sports & Outdoors,Yoga Mat,1,164.32,0.0,23.48,Credit Card,Cancelled
ORD-106649,2024-02-23,CUST-00472,Wei Dubois,Consumer,Japan,Asia,Sports & Outdoors,Camping Tent,5,41.68,0.0,12.12,PayPal,Completed
ORD-105360,2024-08-31,CUST-00719,Fatima Silva,Small Business,United States,North America,Home & Kitchen,Cutting Board,4,91.25,0.0,7.06,Bank Transfer,Completed
ORD-105235,2024-05-11,CUST-00638,Noah Brown,Enterprise,France,Europe,Sports & Outdoors,Resistance Bands,2,144.81,0.0,12.94,Bank Transfer,Completed
ORD-105300,2024-09-21,CUST-00825,Mary Tanaka,Consumer,United Kingdom,Europe,Electronics,USB-C Cable,2,153.88,0.0,22.04,Credit Card,Completed
ORD-103648,2023-05-14,CUST-00666,Ana Khan,Consumer,United Kingdom,Europe,Apparel,Denim Jacket,1,87.25,0.0,2.49,Credit Card,Completed
ORD-104133,2024-08-04,CUST-00270,Mary Brown,,Mexico,South America,Sports & Outdoors,Camping Tent,1,43.92,0.0,5.51,Credit Card,Completed
ORD-100447,2024-07-13,CUST-00509,Jennifer Tanaka,Consumer,United Kingdom,Europe,Apparel,Denim Jacket,1,49.14,0.1,18.08,PayPal,Completed
ORD-100375,2024-08-16,CUST-00549,Jennifer Brown,Consumer,United Kingdom,Europe,Sports & Outdoors,Resistance Bands,1,59.79,0.0,19.18,Credit Card,Completed
ORD-104930,2023-10-18,CUST-00387,Robert Rodriguez,Small Business,United States,North America,Electronics,Bluetooth Speaker,2,198.73,0.0,10.75,Bank Transfer,Completed
ORD-102574,2024-01-10,CUST-00231,Grace Garcia,Enterprise,CANADA,North America,Sports & Outdoors,Yoga Mat,1,176.25,0.0,18.89,PayPal,Completed
ORD-105960,2023-11-11,CUST-00787,Raj Nakamura,Consumer,Singapore,Asia,Electronics,USB-C Cable,1,98.0,0.0,14.42,PayPal,Completed
ORD-103121,2024-11-27,CUST-00531,Michael Brown,Consumer,Brazil,South America,Apparel,Wool Socks,1,38.07,0.0,12.36,Credit Card,Completed
ORD-100290,2024-04-08,CUST-00124,Ana Rossi,Small Business,Canada,North America,Electronics,Headphones,1,27.87,0.0,15.56,PayPal,Completed
ORD-105424,2023-10-12,CUST-00542,Hiro Johnson,Consumer,India,Asia,Office,Wireless Mouse,2,52.96,0.0,17.84,Credit Card,Completed
ORD-101982,2024-06-13,CUST-00707,Tom Williams,Consumer,Canada,North America,Beauty,Lip Balm,2,12.42,0.0,23.51,Bank Transfer,Completed
ORD-103602,2024-01-27,CUST-00409,Hiro Brown,Enterprise,Germany,Europe,Office,Wireless Mouse,1,60.52,0.05,13.04,Bank Transfer,Completed
ORD-106968,2024-04-18,CUST-00032,John Davis,Consumer,Spain,Europe,Apparel,Wool Socks,1,63.14,0.1,3.08,Credit Card,Completed
ORD-101797,2024-09-28,CUST-00453,Tom Kumar,Consumer,India,Asia,Apparel,Denim Jacket,1,20.9,0.0,23.59,Debit Card,Completed
ORD-104299,2024-05-31,CUST-00826,Elizabeth Johnson,Consumer,United States,North America,Home & Kitchen,Throw Pillow,1,105.26,0.0,7.39,Credit Card,Completed
ORD-102420,2024-07-15,CUST-00528,John Miller,,Canada,North America,Electronics,Bluetooth Speaker,2,79.47,0.0,21.54,PayPal,Completed
ORD-104323,2024-02-11,CUST-00378,James Kumar,Consumer,India,Asia,Home & Kitchen,Storage Bin,3,78.56,0.0,22.64,PayPal,Returned
ORD-105314,2024-04-06,CUST-00688,Grace Garcia,Consumer,United States,North America,Apparel,Denim Jacket,1,35.43,0.0,22.89,Credit Card,Completed
ORD-100681,2024-02-02,CUST-00072,Chen Costa,Small Business,India,Asia,Office,Notebook Set,1,16.03,0.05,19.88,Debit Card,Completed
ORD-100514,2024-05-07,CUST-00560,Grace Rodriguez,Small Business,France,Europe,Electronics,Headphones,1,118.27,0.05,16.94,Credit Card,Completed
ORD-103257,2023-09-12,CUST-00686,James Martinez,Enterprise,Germany,Europe,Electronics,Headphones,2,84.93,0.15,4.06,PayPal,Completed
ORD-101451,2023-11-09,CUST-00320,Elizabeth Kumar,Consumer,FRANCE,Europe,Beauty,Shampoo,1,6.49,0.0,7.5,PayPal,Completed
ORD-101975,2024-06-03,CUST-00801,Lucas Zhang,Small Business,India,Asia,Apparel,Baseball Cap,1,21.14,0.1,19.94,PayPal,Returned
ORD-106144,2024-07-04,CUST-00298,James Nakamura,Consumer,United States,North America,Sports & Outdoors,Resistance Bands,5,100.0,0.0,16.51,Credit Card,Completed
ORD-106781,2024-04-07,CUST-00762,Carlos Tanaka,Consumer,United States,North America,Home & Kitchen,Coffee Maker,2,57.06,0.15,15.87,Credit Card,Completed
ORD-106829,2023-05-07,CUST-00564,Chen Davis,Small Business,Brazil,South America,Home & Kitchen,Blender,1,127.13,0.15,13.84,Debit Card,Completed
ORD-102714,2023-01-12,CUST-00325,Priya Williams,Enterprise,United Kingdom,Europe,Apparel,T-Shirt,2,76.13,0.2,17.4,Credit Card,Completed
ORD-102124,2024-06-17,CUST-00029,Wei Smith,Consumer,India,Asia,Sports & Outdoors,Camping Tent,4,88.43,0.0,15.9,Credit Card,Completed
ORD-106822,2024-03-31,CUST-00388,Wei Muller,Small Business,United States,North America,Sports & Outdoors,Camping Tent,1,179.35,0.0,12.77,PayPal,Completed
ORD-104354,2024-12-07,CUST-00789,Patricia Muller,Small Business,Canada,North America,Home & Kitchen,Storage Bin,4,35.65,0.0,17.22,Credit Card,Completed
ORD-103362,2024-08-21,CUST-00575,Ines Tanaka,Consumer,Germany,Europe,Apparel,Denim Jacket,1,36.36,0.0,8.98,Bank Transfer,Completed
ORD-100074,2023-08-11,CUST-00199,Noah Smith,Consumer,India,Asia,Electronics,Headphones,2,87.1,0.05,15.57,Credit Card,Completed
ORD-105567,2024-04-28,CUST-00143,Tom Jones,Small Business,United States,North America,Sports & Outdoors,Hiking Backpack,4,137.16,0.0,,Credit Card,Returned
ORD-102244,2023-02-25,CUST-00154,Linda Silva,Consumer,United States,North America,Home & Kitchen,Coffee Maker,1,83.76,0.15,19.57,Bank Transfer,Completed
ORD-103112,2024-03-09,CUST-00131,Raj Silva,Consumer,France,Europe,Apparel,Denim Jacket,1,82.19,0.1,16.19,Credit Card,Completed
ORD-100826,2024-07-20,CUST-00790,Fatima Rodriguez,Consumer,France,Europe,Sports & Outdoors,Yoga Mat,1,27.9,0.0,2.27,Bank Transfer,Completed
ORD-104403,2023-12-26,CUST-00626,Olivia Khan,Consumer,United Kingdom,Europe,Sports & Outdoors,Camping Tent,1,99.54,0.0,23.01,Credit Card,Completed
ORD-104859,2024-02-19,CUST-00707,Tom Williams,Consumer,CANADA,North America,Office,Pen Pack,4,37.08,0.0,18.43,Credit Card,Completed
ORD-100493,2024-07-19,CUST-00644,Elizabeth Rodriguez,Small Business,Spain,Europe,Office,Standing Desk Mat,1,67.73,0.05,9.29,PayPal,Completed
ORD-101931,2024-09-21,CUST-00593,Tom Tanaka,Consumer,United Kingdom,Europe,Sports & Outdoors,Yoga Mat,1,111.05,0.0,16.21,PayPal,Completed
ORD-104241,2023-11-24,CUST-00103,Hiro Davis,Small Business,Canada,North America,Electronics,Bluetooth Speaker,1,96.24,0.0,,PayPal,Completed
ORD-102344,2024-05-29,CUST-00399,Tom Rossi,Consumer,Canada,North America,Sports & Outdoors,Resistance Bands,4,15.67,0.2,2.51,PayPal,Completed
ORD-106513,2024-08-25,CUST-00063,Ahmed Davis,Consumer,India,Asia,Beauty,Shampoo,3,42.75,0.0,18.89,Debit Card,Completed
ORD-100650,2024-03-26,CUST-00098,Patricia Johnson,Enterprise,United States,North America,Beauty,Lip Balm,1,8.35,0.0,19.41,Bank Transfer,Completed
ORD-103598,2024-07-11,CUST-00506,Carlos Garcia,Consumer,Brazil,South America,Electronics,Smartphone Case,2,191.24,0.0,12.78,Credit Card,Completed
ORD-106593,2023-09-12,CUST-00844,Linda Silva,Small Business,Spain,Europe,Beauty,Hair Dryer,1,40.49,0.0,17.05,Credit Card,Completed
ORD-102414,2024-03-17,CUST-00626,,Consumer,United Kingdom,Europe,Apparel,Denim Jacket,1,87.26,0.0,11.74,PayPal,Completed
ORD-102905,2024-09-20,CUST-00059,Jennifer Brown,Consumer,Germany,Europe,Electronics,Smartphone Case,2,157.72,0.0,4.59,Credit Card,Cancelled
ORD-103263,2024-02-01,CUST-00180,Liam Brown,Consumer,Singapore,Asia,Electronics,Smartphone Case,2,120.16,0.0,21.68,Credit Card,Completed
ORD-104602,2024-05-07,CUST-00704,Emma Brown,Consumer,France,Europe,Sports & Outdoors,Water Bottle,1,133.2,0.1,21.84,Credit Card,Completed
ORD-105487,2024-06-21,CUST-00176,Emma Davis,Enterprise,Mexico,South America,Sports & Outdoors,Hiking Backpack,1,112.83,0.15,6.77,Gift Card,Completed
ORD-100701,2023-09-18,CUST-00233,Grace Tanaka,Consumer,Italy,Europe,Electronics,Smartphone Case,1,137.48,0.0,22.29,Bank Transfer,Completed
ORD-100256,2023-09-07,CUST-00006,Sofia Jones,,United States,North America,Beauty,Shampoo,2,12.51,0.0,18.82,Debit Card,Completed
ORD-103038,2024-01-28,CUST-00747,Tom Davis,Consumer,United Kingdom,Europe,Office,Notebook Set,1,9.26,0.05,21.85,Debit Card,Cancelled
ORD-103220,2024-10-02,CUST-00022,Robert Khan,Small Business,France,Europe,Apparel,Running Shoes,1,76.23,0.0,18.99,Credit Card,Cancelled
ORD-102498,2024-07-18,CUST-00535,David Muller,Small Business,Canada,North America,Apparel,Running Shoes,2,77.14,0.0,5.44,Debit Card,Completed
ORD-106763,2023-08-12,CUST-00812,Liam Miller,Small Business,Brazil,South America,Electronics,Bluetooth Speaker,1,85.2,0.0,13.91,Credit Card,Completed
ORD-104830,2024-05-10,CUST-00302,James Martinez,Enterprise,Italy,Europe,Electronics,Laptop Stand,2,62.61,0.0,4.2,Bank Transfer,Completed
ORD-100869,2024-07-08,CUST-00725,Priya Kumar,Consumer,United Kingdom,Europe,Electronics,Headphones,2,59.89,0.0,13.46,Bank Transfer,Completed
ORD-106617,2024-02-10,CUST-00680,Elizabeth Smith,Small Business,India,Asia,Office,Notebook Set,1,55.11,0.0,2.04,PayPal,Returned
ORD-100433,2024-05-25,CUST-00741,Elizabeth Davis,Consumer,United Kingdom,Europe,Apparel,Baseball Cap,2,82.69,0.1,7.19,Credit Card,Completed
ORD-105881,2024-07-25,CUST-00637,Sofia Costa,Enterprise,UNITED STATES,North America,Beauty,Hair Dryer,2,53.51,0.0,2.46,Credit Card,Returned
ORD-102398,2024-09-04,CUST-00822,Priya Zhang,Consumer,India,Asia,Home & Kitchen,Throw Pillow,1,38.86,0.0,6.72,Gift Card,Completed
ORD-103481,2024-05-07,CUST-00305,Hiro Dubois,Enterprise,Mexico,South America,Home & Kitchen,Coffee Maker,1,23.55,0.05,10.15,Credit Card,Completed
ORD-100774,2024-07-26,CUST-00588,Fatima Brown,Consumer,United States,North America,Electronics,Headphones,1,136.2,0.0,20.57,Credit Card,Returned
ORD-105913,2024-09-21,CUST-00294,Olivia Zhang,Consumer,SPAIN,Europe,Home & Kitchen,Throw Pillow,1,113.9,0.0,12.12,Credit Card,Completed
ORD-101464,2024-04-12,CUST-00093,Fatima Miller,Consumer,Australia,Oceania,Beauty,Hair Dryer,1,52.33,0.1,19.29,Bank Transfer,Completed
ORD-102566,2024-04-28,CUST-00230,Raj Nakamura,Small Business,France,Europe,Apparel,Baseball Cap,1,11.07,0.0,15.95,Credit Card,Completed
ORD-100954,2023-07-15,CUST-00005,Hiro Silva,Small Business,Germany,Europe,Sports & Outdoors,Water Bottle,1,50.88,0.0,24.42,Debit Card,Returned
ORD-105587,2024-06-27,CUST-00848,James Rodriguez,Consumer,Canada,North America,Beauty,Shampoo,1,53.81,0.0,11.29,Debit Card,Returned
ORD-106339,2024-08-09,CUST-00644,Elizabeth Rodriguez,Small Business,Spain,Europe,Office,Desk Organizer,1,26.86,0.0,17.99,Credit Card,Completed
ORD-101622,2024-09-21,CUST-00849,John Kumar,Consumer,Mexico,South America,Electronics,Headphones,1,123.6,0.0,23.52,Debit Card,Completed
ORD-105178,2024-08-20,CUST-00283,Mia Davis,Small Business,United States,North America,Electronics,USB-C Cable,4,143.26,0.0,19.6,PayPal,Completed
ORD-101740,2024-01-10,CUST-00490,Fatima Jones,Small Business,UNITED STATES,North America,Electronics,Smartphone Case,1,17.72,0.1,23.16,Credit Card,Completed
ORD-105783,2024-04-17,CUST-00682,David Dubois,Enterprise,United States,North America,Apparel,Baseball Cap,4,67.12,0.0,6.03,Debit Card,Completed
ORD-104389,2024-09-23,CUST-00824,David Miller,Consumer,Australia,Oceania,Sports & Outdoors,Camping Tent,1,106.57,0.0,13.45,PayPal,Returned
ORD-106436,2024-08-21,CUST-00513,Linda Khan,Small Business,Japan,Asia,Home & Kitchen,Blender,1,14.38,0.0,2.66,Debit Card,Completed
ORD-102959,2023-08-14,CUST-00423,Ines Brown,Enterprise,Germany,Europe,Office,Wireless Mouse,1,22.38,0.0,20.56,PayPal,Completed
ORD-102857,2024-10-08,CUST-00577,Ana Smith,Consumer,Brazil,South America,Sports & Outdoors,Hiking Backpack,1,39.55,0.0,6.35,Bank Transfer,Completed
ORD-102992,2024-11-07,CUST-00424,Emma Martinez,Enterprise,United Kingdom,Europe,Electronics,Smartphone Case,2,40.44,0.0,13.28,Credit Card,Completed
ORD-105853,2023-11-05,CUST-00420,Patricia Costa,Consumer,Mexico,South America,Apparel,Running Shoes,1,88.42,0.0,,PayPal,Completed
ORD-104650,2024-10-28,CUST-00229,Tom Silva,Consumer,Germany,Europe,Home & Kitchen,Blender,1,61.39,0.2,5.54,PayPal,Completed
ORD-105592,2024-09-25,CUST-00769,Raj Rodriguez,Consumer,France,Europe,Home & Kitchen,Storage Bin,1,101.01,0.05,9.57,PayPal,Completed
ORD-101343,2024-04-05,CUST-00135,Ana Khan,Consumer,Mexico,South America,Electronics,Laptop Stand,2,24.38,0.1,5.74,PayPal,Completed
ORD-106621,2023-06-15,CUST-00741,Elizabeth Davis,Consumer,United Kingdom,Europe,Electronics,Bluetooth Speaker,1,112.51,0.05,20.83,Debit Card,Completed
ORD-101011,2023-07-06,CUST-00321,Priya Kumar,Consumer,United States,North America,Home & Kitchen,Storage Bin,1,95.23,0.0,15.41,Credit Card,Completed
ORD-102702,2024-10-11,CUST-00543,John Davis,Consumer,United States,North America,Sports & Outdoors,Resistance Bands,1,116.21,0.0,17.86,Debit Card,Completed
ORD-104954,2024-07-31,CUST-00443,Grace Davis,Consumer,Canada,North America,Apparel,T-Shirt,2,87.18,0.15,16.59,PayPal,Returned
ORD-101003,2024-06-02,CUST-00137,Mary Williams,Enterprise,Italy,Europe,Sports & Outdoors,Camping Tent,1,178.87,0.15,20.54,Credit Card,Completed
ORD-106001,2023-12-31,CUST-00804,Noah Dubois,Small Business,Mexico,South America,Electronics,Smartphone Case,1,135.1,0.0,23.75,Credit Card,Completed
ORD-104715,2024-07-07,CUST-00016,Sofia Costa,Consumer,United Kingdom,Europe,Sports & Outdoors,Yoga Mat,2,49.21,0.0,12.21,Debit Card,Completed
ORD-102626,2024-09-05,CUST-00133,Carlos Costa,Consumer,Germany,Europe,Home & Kitchen,Cutting Board,2,97.37,0.0,5.81,Debit Card,Completed
ORD-106518,2024-01-29,CUST-00333,David Silva,Consumer,Mexico,South America,Beauty,Shampoo,1,36.69,0.0,3.0,PayPal,Returned
ORD-106105,2024-05-07,CUST-00317,Olivia Rossi,Consumer,FRANCE,Europe,Office,Pen Pack,1,29.43,0.0,8.58,PayPal,Completed
ORD-100319,2023-10-20,CUST-00585,James Rossi,,United Kingdom,Europe,Beauty,Shampoo,1,30.77,0.15,5.4,Credit Card,Completed
ORD-104493,2024-07-26,CUST-00825,Mary Tanaka,Consumer,United Kingdom,Europe,Beauty,Shampoo,1,50.47,0.0,11.96,Credit Card,Completed
ORD-103866,2024-02-27,CUST-00086,Grace Tanaka,Small Business,United States,North America,Electronics,Headphones,1,130.04,0.0,24.75,Bank Transfer,Completed
ORD-104621,2024-08-05,CUST-00687,James Williams,Consumer,Brazil,South America,Apparel,T-Shirt,4,71.52,0.0,15.91,Credit Card,Returned
ORD-104561,2024-08-26,CUST-00242,Tom Nakamura,Consumer,United States,North America,Electronics,Bluetooth Speaker,-1,130.71,0.05,22.18,Debit Card,Completed
ORD-104255,2024-09-19,CUST-00561,Grace Tanaka,Small Business,India,Asia,Sports & Outdoors,Yoga Mat,1,118.53,0.1,3.28,Debit Card,Completed
ORD-106112,2024-05-23,CUST-00329,Chen Brown,Enterprise,United Kingdom,Europe,Home & Kitchen,Coffee Maker,1,68.72,0.0,14.33,Credit Card,Completed
ORD-106607,2023-09-03,CUST-00823,Raj Costa,Consumer,Spain,Europe,Home & Kitchen,Coffee Maker,4,18.39,0.0,23.41,Credit Card,Completed
ORD-103475,2024-05-07,CUST-00119,Liam Martinez,Consumer,India,Asia,Apparel,Baseball Cap,1,72.38,0.1,22.54,PayPal,Completed
ORD-103744,2023-11-17,CUST-00060,Grace Nakamura,Enterprise,India,Asia,Apparel,Wool Socks,2,54.99,0.0,21.94,PayPal,Completed
ORD-105890,2024-06-13,CUST-00737,Liam Brown,Consumer,Mexico,South America,Sports & Outdoors,Hiking Backpack,2,15.35,0.2,18.17,Bank Transfer,Completed
ORD-100738,2024-08-07,CUST-00629,Fatima Miller,Consumer,United States,North America,Office,Pen Pack,1,53.24,0.05,17.16,PayPal,Completed
ORD-104555,2023-03-09,CUST-00208,Tom Martinez,Enterprise,Germany,Europe,Home & Kitchen,Throw Pillow,2,119.89,0.05,24.6,Credit Card,Completed
ORD-103553,2023-04-11,CUST-00742,Elizabeth Brown,Enterprise,CANADA,North America,Home & Kitchen,Storage Bin,1,142.36,0.1,19.72,Credit Card,Returned
ORD-106608,2024-02-29,CUST-00243,Mary Jones,Consumer,Germany,Europe,Home & Kitchen,Blender,3,102.83,0.05,12.14,Debit Card,Completed
ORD-106605,2023-04-14,CUST-00526,Carlos Jones,Small Business,Singapore,Asia,Beauty,Lip Balm,4,35.08,0.0,17.11,PayPal,Completed
ORD-104254,2024-05-10,CUST-00397,Chen Williams,Small Business,Germany,Europe,Beauty,Hair Dryer,1,58.73,0.0,9.84,Credit Card,Completed
ORD-103316,2024-03-23,CUST-00092,Ahmed Zhang,,United Kingdom,Europe,Beauty,Shampoo,1,22.06,0.0,14.72,Gift Card,Completed
ORD-100393,2024-09-14,CUST-00756,James Williams,Small Business,Germany,Europe,Electronics,Headphones,1,21.78,0.0,4.2,Debit Card,Completed
ORD-103891,2024-09-12,CUST-00670,David Williams,Consumer,India,Asia,Home & Kitchen,Coffee Maker,1,141.65,0.0,21.02,Gift Card,Completed
ORD-102557,2024-05-19,CUST-00643,Patricia Davis,Small Business,United States,North America,Beauty,Shampoo,1,43.81,0.0,10.66,Credit Card,Completed
ORD-103174,2023-10-13,CUST-00467,Raj Zhang,Consumer,Germany,Europe,Electronics,Headphones,1,182.21,0.15,17.27,Bank Transfer,Completed
ORD-104778,2024-09-17,CUST-00289,Sofia Williams,Enterprise,Australia,Oceania,Sports & Outdoors,Hiking Backpack,4,41.05,0.0,15.64,Debit Card,Completed
ORD-104485,2024-12-22,CUST-00591,Ana Zhang,Small Business,Spain,Europe,Electronics,Laptop Stand,3,112.13,0.15,2.69,Debit Card,Completed
ORD-100174,2024-10-09,CUST-00043,Jennifer Miller,Consumer,United States,North America,Apparel,Wool Socks,2,34.37,0.05,13.51,Debit Card,Completed
ORD-105713,2024-09-16,CUST-00103,Hiro Davis,Small Business,Canada,North America,Home & Kitchen,Storage Bin,4,124.72,0.15,5.25,Credit Card,Completed
ORD-101408,2023-12-19,CUST-00030,Yuki Martinez,Consumer,Germany,Europe,Apparel,Wool Socks,2,1120.2761614654141,0.0,13.52,Credit Card,Completed
ORD-104944,2024-10-16,CUST-00829,Mary Costa,Consumer,Japan,Asia,Electronics,Laptop Stand,1,4418.084308399848,0.0,17.28,Debit Card,Completed
ORD-101167,2024-08-16,CUST-00341,David Rossi,Small Business,Mexico,South America,Beauty,Hair Dryer,4,38.6,0.0,5.44,Debit Card,Completed
ORD-100910,2024-07-20,CUST-00486,Patricia Johnson,,Germany,Europe,Office,Notebook Set,1,21.03,0.0,10.98,Debit Card,Completed
ORD-104222,2024-04-26,CUST-00403,Ines Silva,Consumer, canada ,North America,Home & Kitchen,Throw Pillow,1,103.01,0.05,12.82,PayPal,Completed
ORD-102051,2024-07-30,CUST-00317,Olivia Rossi,Consumer,France,Europe,Sports & Outdoors,Water Bottle,2,144.31,0.0,8.65,Bank Transfer,Completed
ORD-102520,2024-01-06,CUST-00792,Ana Garcia,Consumer,United States,North America,Electronics,Bluetooth Speaker,5,191.16,0.0,18.06,Gift Card,Completed
ORD-105119,2024-08-30,CUST-00542,Hiro Johnson,Consumer,India,Asia,Sports & Outdoors,Resistance Bands,2,124.0,0.0,12.69,Credit Card,Cancelled
ORD-102519,2024-01-16,CUST-00221,Patricia Garcia,Enterprise,United States,North America,Electronics,Smartphone Case,-1,17.59,0.0,7.39,Credit Card,Completed
ORD-102504,2024-09-21,CUST-00562,Lucas Garcia,Consumer,Canada,North America,Apparel,T-Shirt,1,34.39,0.0,20.0,PayPal,Completed
ORD-102463,2023-07-19,CUST-00838,Yuki Rodriguez,Consumer,United States,North America,Sports & Outdoors,Camping Tent,1,168.78,0.1,17.56,PayPal,Completed
ORD-101421,2024-07-10,CUST-00368,Mary Miller,Small Business,Singapore,Asia,Electronics,USB-C Cable,1,130.96,0.0,16.25,Credit Card,Returned
ORD-105015,2023-06-01,CUST-00178,John Tanaka,Consumer,Italy,Europe,Sports & Outdoors,Hiking Backpack,1,67.38,0.0,23.25,Credit Card,Completed
ORD-102846,2023-11-02,CUST-00070,James Muller,Consumer,Germany,Europe,Office,Pen Pack,-1,32.08,0.0,9.52,Bank Transfer,Returned
ORD-103078,2024-10-24,CUST-00317,Olivia Rossi,Consumer,France,Europe,Electronics,Laptop Stand,1,114.99,0.0,14.42,Bank Transfer,Completed
ORD-105325,2023-12-01,CUST-00461,John Rodriguez,Consumer,France,Europe,Apparel,Baseball Cap,1,14.65,0.0,16.82,Debit Card,Completed
ORD-100185,2023-06-17,CUST-00197,Elizabeth Brown,Consumer,Brazil,South America,Apparel,T-Shirt,2,24.6,0.0,12.34,Credit Card,Completed
ORD-102039,2024-09-14,CUST-00654,Mary Silva,Small Business,United Kingdom,Europe,Apparel,T-Shirt,1,58.74,0.0,16.42,Credit Card,Completed
ORD-102737,2024-02-10,CUST-00419,Ahmed Williams,Small Business,India,Asia,Electronics,Headphones,2,49.25,0.0,2.16,PayPal,Completed
ORD-100215,2023-11-25,CUST-00314,Carlos Williams,Consumer,Singapore,Asia,Sports & Outdoors,Camping Tent,1,174.92,0.0,20.18,Credit Card,Completed
ORD-105863,2024-10-01,CUST-00818,Lucas Tanaka,Small Business,Japan,Asia,Electronics,Bluetooth Speaker,2,165.06,0.0,24.1,Credit Card,Completed
ORD-107000,2024-03-30,CUST-00473,Elizabeth Kumar,Consumer,Australia,Oceania,Home & Kitchen,Throw Pillow,1,36.07,0.05,9.67,Credit Card,Completed
ORD-105743,2023-07-25,CUST-00527,Hiro Nakamura,Small Business,Australia,Oceania,Apparel,Wool Socks,1,37.5,0.2,11.33,Credit Card,Completed
ORD-104522,2024-09-02,CUST-00318,Carlos Jones,Consumer,United States,North America,Home & Kitchen,Blender,1,61.5,0.0,5.14,Gift Card,Completed
ORD-105146,2024-07-13,CUST-00593,Tom Tanaka,Consumer,United Kingdom,Europe,Beauty,Shampoo,1,34.23,0.1,20.64,Debit Card,Completed
ORD-103702,2024-01-25,CUST-00224,Hiro Rodriguez,Consumer,France,Europe,Apparel,Baseball Cap,3,50.13,0.0,10.48,PayPal,Cancelled
ORD-106485,2024-06-20,CUST-00625,,Enterprise,Brazil,South America,Electronics,Laptop Stand,1,171.59,0.0,11.95,Gift Card,Completed
ORD-105668,2024-09-06,CUST-00026,,Consumer,Italy,Europe,Office,Pen Pack,3,7.04,0.1,8.89,PayPal,Completed
ORD-103898,2023-06-14,CUST-00069,Tom Smith,Consumer,United States,North America,Home & Kitchen,Blender,5,86.34,0.15,4.58,Bank Transfer,Completed
ORD-104783,2024-06-15,CUST-00388,Wei Muller,Small Business,United States,North America,Electronics,Laptop Stand,1,84.53,0.0,17.76,Debit Card,Completed
ORD-101708,2024-04-05,CUST-00053,Patricia Garcia,Small Business,India,Asia,Home & Kitchen,Throw Pillow,1,80.26,0.0,10.04,Credit Card,Returned
ORD-106285,2023-06-13,CUST-00597,Mia Rossi,Consumer,India,Asia,Apparel,Wool Socks,2,69.82,0.0,23.18,PayPal,Completed
ORD-100933,2024-10-11,CUST-00796,David Khan,Enterprise,United States,North America,Beauty,Shampoo,1,56.11,0.0,,Bank Transfer,Cancelled
ORD-100356,2023-10-16,CUST-00431,Priya Martinez,Small Business,France,Europe,Office,Notebook Set,4,67.93,0.0,10.8,Debit Card,Completed
ORD-104239,2024-09-05,CUST-00001,Robert Khan,Consumer,Australia,Oceania,Electronics,Smartphone Case,1,157.52,0.0,21.24,Debit Card,Completed
ORD-101122,2024-05-22,CUST-00013,Sofia Williams,Consumer,Canada,North America,Apparel,Denim Jacket,1,34.55,0.0,22.58,Credit Card,Completed
ORD-104995,2024-07-21,CUST-00657,Emma Martinez,Consumer,United Kingdom,Europe,Electronics,Bluetooth Speaker,1,180.28,0.0,4.62,Credit Card,Completed
ORD-104234,2024-04-05,CUST-00546,John Rodriguez,Consumer,Brazil,South America,Home & Kitchen,Storage Bin,1,45.1,0.0,5.72,PayPal,Completed
ORD-104700,2024-07-20,CUST-00692,Ahmed Rossi,Consumer,France,Europe,Home & Kitchen,Throw Pillow,3,100.93,0.0,17.63,Debit Card,Completed
ORD-103275,2024-04-06,CUST-00588,Fatima Brown,Consumer,United States,North America,Office,Desk Organizer,2,69.64,0.05,23.73,Debit Card,Completed
ORD-104556,2023-11-02,CUST-00744,Patricia Muller,Consumer,Italy,Europe,Electronics,Laptop Stand,2,148.29,0.0,12.62,Debit Card,Completed
ORD-102994,2024-03-15,CUST-00769,Raj Rodriguez,Consumer,France,Europe,Electronics,USB-C Cable,1,137.27,0.0,24.94,Debit Card,Completed
ORD-101996,2023-09-27,CUST-00482,Ines Johnson,Consumer,France,Europe,Apparel,Wool Socks,1,76.94,0.0,2.25,PayPal,Completed
ORD-105339,2023-07-12,CUST-00118,Jennifer Brown,Consumer,France,Europe,Apparel,T-Shirt,1,66.02,0.0,20.72,Credit Card,Completed
ORD-104113,2023-04-02,CUST-00312,Patricia Khan,Small Business,United States,North America,Home & Kitchen,Blender,1,41.79,0.0,7.45,Credit Card,Completed
ORD-102817,2024-06-10,CUST-00833,Grace Zhang,Consumer,Japan,Asia,Apparel,Wool Socks,1,24.48,0.0,18.4,PayPal,Completed
ORD-104543,2024-07-14,CUST-00123,,Small Business,United Kingdom,Europe,Home & Kitchen,Throw Pillow,1,27.0,0.05,8.82,Credit Card,Completed
ORD-103508,2024-10-09,CUST-00186,Lucas Jones,Consumer,Germany,Europe,Electronics,Laptop Stand,1,58.52,0.0,11.12,PayPal,Completed
ORD-103431,2024-02-21,CUST-00306,Wei Nakamura,Consumer,United States,North America,Home & Kitchen,Throw Pillow,1,143.9,0.1,6.1,Debit Card,Completed
ORD-101253,2024-08-27,CUST-00742,Elizabeth Brown,Enterprise,Canada,North America,Office,Desk Organizer,1,64.07,0.1,4.19,Debit Card,Completed
ORD-101280,2024-08-07,CUST-00791,Linda Martinez,Consumer, united kingdom ,Europe,Home & Kitchen,Cutting Board,1,71.17,0.2,19.4,PayPal,Completed
ORD-103894,2024-10-19,CUST-00338,Mia Zhang,,Brazil,South America,Electronics,USB-C Cable,1,141.36,0.0,22.65,Credit Card,Returned
ORD-103412,2024-05-14,CUST-00253,Ana Miller,Enterprise,United States,North America,Home & Kitchen,Throw Pillow,1,20.65,0.0,23.55,Debit Card,Completed
ORD-101126,2023-07-26,CUST-00050,Noah Kumar,Consumer,United States,North America,Beauty,Face Serum,1,17.82,0.2,9.27,Credit Card,Completed
ORD-106802,2024-07-18,CUST-00005,Hiro Silva,,GERMANY,Europe,Beauty,Lip Balm,1,34.68,0.0,18.75,Credit Card,Completed
ORD-101859,2023-11-17,CUST-00270,,Consumer,Mexico,South America,Electronics,Laptop Stand,1,16.71,0.0,14.46,PayPal,Completed
ORD-104952,2024-02-28,CUST-00603,Lucas Johnson,Consumer,United Kingdom,Europe,Electronics,USB-C Cable,1,90.62,0.0,12.35,Credit Card,Completed
ORD-103684,2024-08-21,CUST-00501,Hiro Muller,Enterprise,United Kingdom,Europe,Apparel,Denim Jacket,3,54.35,0.0,2.05,Bank Transfer,Completed
ORD-102369,2024-06-16,CUST-00082,Wei Kumar,Small Business,Australia,Oceania,Office,Pen Pack,2,51.09,0.0,8.33,PayPal,Completed
ORD-103555,2024-10-28,CUST-00088,Jennifer Costa,Consumer,United States,North America,Apparel,Wool Socks,1,11.86,0.0,23.62,Credit Card,Completed
ORD-101217,2024-03-18,CUST-00216,Linda Rossi,Consumer,France,Europe,Home & Kitchen,Storage Bin,1,69.66,0.05,21.07,Credit Card,Completed
ORD-105502,2024-09-15,CUST-00165,Olivia Muller,Consumer,Japan,Asia,Sports & Outdoors,Camping Tent,1,73.21,0.2,10.23,Credit Card,Completed
ORD-105667,2024-03-30,CUST-00440,Robert Smith,Small Business,Australia,Oceania,Apparel,T-Shirt,1,26.57,0.0,24.41,Credit Card,Completed
ORD-103610,2024-06-18,CUST-00649,John Costa,Enterprise,United States,North America,Beauty,Hair Dryer,1,54.79,0.0,20.22,Credit Card,Completed
ORD-104269,2024-07-09,CUST-00404,David Rodriguez,Small Business,Singapore,Asia,Apparel,Wool Socks,1,36.73,0.0,23.71,Credit Card,Completed
ORD-101650,2024-05-20,CUST-00411,Wei Jones,Consumer,United States,North America,Electronics,Smartphone Case,3,133.75,0.0,21.44,Debit Card,Completed
ORD-104767,2023-11-28,CUST-00156,Noah Muller,Small Business,Brazil,South America,Home & Kitchen,Cutting Board,1,108.39,0.1,7.8,Credit Card,Completed
ORD-104831,2023-03-18,CUST-00661,Tom Rossi,Consumer,Australia,Oceania,Home & Kitchen,Storage Bin,2,57.2,0.05,9.08,Debit Card,Completed
ORD-102944,2023-08-24,CUST-00619,Liam Costa,Enterprise,Canada,North America,Home & Kitchen,Coffee Maker,2,146.4,0.0,10.98,Credit Card,Returned
ORD-101972,2024-09-02,CUST-00498,Fatima Costa,Small Business,Japan,Asia,Beauty,Shampoo,1,25.83,0.0,7.78,Credit Card,Returned
ORD-105840,2024-07-02,CUST-00436,Grace Dubois,Consumer,Italy,Europe,Apparel,Wool Socks,3,70.41,0.0,5.97,Gift Card,Completed
ORD-101951,2024-11-19,CUST-00226,Mary Davis,Enterprise,Germany,Europe,Home & Kitchen,Coffee Maker,2,140.63,0.0,12.94,Debit Card,Completed
ORD-103993,2024-12-03,CUST-00832,Tom Dubois,Enterprise, france ,Europe,Beauty,Hair Dryer,1,51.05,0.0,4.13,Credit Card,Completed
ORD-103711,2024-08-14,CUST-00667,James Costa,Consumer,Singapore,Asia,Sports & Outdoors,Resistance Bands,4,102.21,0.0,2.09,Credit Card,Completed
ORD-105616,2024-09-10,CUST-00276,Jennifer Smith,Consumer,Canada,North America,Sports & Outdoors,Yoga Mat,-1,71.76,0.1,23.47,Bank Transfer,Completed
ORD-106425,2024-02-17,CUST-00700,Noah Martinez,Consumer,Canada,North America,Apparel,Running Shoes,1,32.83,0.05,22.04,Credit Card,Completed
ORD-106107,2024-06-21,CUST-00513,Linda Khan,Small Business,Japan,Asia,Beauty,Face Serum,1,53.91,0.0,7.06,Bank Transfer,Cancelled
ORD-105048,2023-11-01,CUST-00018,Fatima Smith,Small Business,Italy,Europe,Beauty,Face Serum,2,59.6,0.0,11.38,PayPal,Completed
ORD-106049,2023-12-27,CUST-00620,Carlos Garcia,,Canada,North America,Electronics,USB-C Cable,2,73.04,0.0,19.64,Credit Card,Completed
ORD-100961,2023-08-19,CUST-00009,Yuki Khan,Consumer,Germany,Europe,Beauty,Lip Balm,1,37.57,0.0,2.38,Credit Card,Completed
ORD-101391,2024-11-17,CUST-00280,Carlos Nakamura,Consumer,France,Europe,Apparel,Running Shoes,1,22.47,0.0,21.05,Debit Card,Completed
ORD-100061,2024-10-10,CUST-00333,David Silva,Consumer,Mexico,South America,Sports & Outdoors,Hiking Backpack,1,173.98,0.0,3.92,Credit Card,Completed
ORD-100951,2023-07-26,CUST-00616,Ahmed Silva,Consumer,Italy,Europe,Beauty,Hair Dryer,2,38.69,0.0,20.4,PayPal,Completed
ORD-100081,2024-06-03,CUST-00798,Wei Khan,Consumer,United States,North America,Beauty,Hair Dryer,2,44.05,0.1,13.12,PayPal,Completed
ORD-101430,2024-08-23,CUST-00576,Liam Johnson,Consumer,Australia,Oceania,Beauty,Sunscreen SPF50,1,18.36,0.0,21.07,Credit Card,Completed
ORD-103859,2024-08-26,CUST-00084,Ines Rodriguez,Small Business,AUSTRALIA,Oceania,Electronics,Headphones,2,42.24,0.1,18.9,Credit Card,Completed
ORD-102493,2024-08-22,CUST-00210,Mia Johnson,Consumer,Japan,Asia,Home & Kitchen,Storage Bin,1,83.78,0.0,24.98,PayPal,Completed
ORD-102939,2024-06-26,CUST-00106,Ana Miller,Consumer,India,Asia,Electronics,Bluetooth Speaker,1,122.34,0.1,14.93,Debit Card,Completed
ORD-104984,2024-01-13,CUST-00511,Linda Miller,Consumer,France,Europe,Sports & Outdoors,Camping Tent,2,109.94,0.0,14.57,PayPal,Completed
ORD-102732,2024-09-08,CUST-00250,Ahmed Rodriguez,Small Business,Singapore,Asia,Electronics,Smartphone Case,1,166.59,0.0,24.41,Credit Card,Completed
ORD-104195,2023-08-04,CUST-00043,Jennifer Miller,Consumer,United States,North America,Electronics,Bluetooth Speaker,1,67.13,0.05,18.61,Credit Card,Completed
ORD-100935,2024-05-16,CUST-00081,David Costa,Small Business,Canada,North America,Apparel,Baseball Cap,1,88.99,0.0,24.15,Debit Card,Completed
ORD-101858,2023-08-01,CUST-00487,Lucas Dubois,Consumer,JAPAN,Asia,Office,Desk Organizer,1,66.88,0.0,2.67,Credit Card,Completed
ORD-105525,2024-07-28,CUST-00654,Mary Silva,Small Business,United Kingdom,Europe,Home & Kitchen,Storage Bin,1,12.26,0.0,21.48,PayPal,Completed
ORD-103871,2024-09-06,CUST-00702,,Small Business,India,Asia,Home & Kitchen,Storage Bin,1,118.75,0.0,22.55,PayPal,Completed
ORD-100876,2023-08-13,CUST-00373,Tom Williams,Small Business,Canada,North America,Sports & Outdoors,Camping Tent,1,82.4,0.0,16.41,Credit Card,Completed
ORD-105998,2024-05-18,CUST-00625,Linda Nakamura,Enterprise,Brazil,South America,Sports & Outdoors,Yoga Mat,2,125.59,0.0,2.23,PayPal,Completed
ORD-105005,2023-07-29,CUST-00590,Robert Johnson,Consumer,Singapore,Asia,Beauty,Face Serum,5,35.11,0.1,23.58,Debit Card,Returned
ORD-103987,2023-04-26,CUST-00842,,Enterprise,United States,North America,Office,Desk Organizer,2,59.74,0.0,3.83,Bank Transfer,Completed
ORD-106670,2023-04-24,CUST-00268,Fatima Miller,Enterprise,Spain,Europe,Home & Kitchen,Cutting Board,2,148.78,0.0,10.28,PayPal,Completed
ORD-106961,2023-08-13,CUST-00684,Hiro Miller,Enterprise,United States,North America,Electronics,USB-C Cable,1,137.66,0.0,11.18,Debit Card,Completed
ORD-101321,2024-07-12,CUST-00812,Liam Miller,Small Business,Brazil,South America,Sports & Outdoors,Water Bottle,1,159.19,0.05,5.38,Debit Card,Completed
ORD-106747,2024-07-02,CUST-00129,John Davis,Enterprise,India,Asia,Home & Kitchen,Blender,4,3414.370153215422,0.15,24.74,Credit Card,Completed
ORD-105321,2023-12-25,CUST-00337,Ahmed Tanaka,Consumer,Italy,Europe,Home & Kitchen,Storage Bin,4,36.62,0.1,21.27,PayPal,Completed
ORD-102853,2024-08-09,CUST-00087,Raj Johnson,Consumer,United States,North America,Apparel,Running Shoes,2,28.93,0.0,4.39,PayPal,Returned
ORD-105938,2023-09-06,CUST-00704,Emma Brown,Consumer,FRANCE,Europe,Beauty,Sunscreen SPF50,2,11.63,0.0,4.06,Debit Card,Completed
ORD-104036,2024-04-19,CUST-00173,Carlos Miller,Small Business,United States,North America,Electronics,Bluetooth Speaker,1,127.41,0.15,11.7,PayPal,Completed
ORD-106207,2024-04-22,CUST-00481,Mary Jones,Consumer,UNITED STATES,North America,Apparel,T-Shirt,1,73.87,0.0,23.25,PayPal,Completed
ORD-105584,2023-03-18,CUST-00188,David Jones,Small Business,Spain,Europe,Office,Pen Pack,1,62.51,0.0,24.65,PayPal,Returned
ORD-100894,2023-09-08,CUST-00111,Jennifer Tanaka,Consumer,India,Asia,Apparel,Baseball Cap,2,13.19,0.0,11.85,Debit Card,Completed
ORD-102442,2023-08-25,CUST-00360,Carlos Martinez,Small Business,United Kingdom,Europe,Home & Kitchen,Throw Pillow,3,127.03,0.05,13.09,Credit Card,Completed
ORD-105586,2024-10-06,CUST-00189,Noah Silva,Small Business,India,Asia,Office,Desk Organizer,1,56.98,0.0,20.16,Debit Card,Completed
ORD-104908,2024-08-19,CUST-00078,Ana Rodriguez,Enterprise,Spain,Europe,Apparel,T-Shirt,1,28.64,0.15,13.34,Credit Card,Completed
ORD-105159,2024-04-11,CUST-00483,Wei Dubois,Consumer,Spain,Europe,Sports & Outdoors,Resistance Bands,1,25.19,0.0,12.91,PayPal,Completed
ORD-105897,2024-05-28,CUST-00154,Linda Silva,Consumer,United States,North America,Apparel,Baseball Cap,5,9.55,0.0,13.71,Credit Card,Completed
ORD-105811,2024-07-13,CUST-00512,Fatima Tanaka,,Germany,Europe,Apparel,Denim Jacket,1,62.79,0.0,20.68,Credit Card,Completed
ORD-106256,2024-10-21,CUST-00236,Mary Zhang,Small Business,Japan,Asia,Electronics,USB-C Cable,1,216.42,0.05,19.23,Credit Card,Completed
ORD-104907,2024-04-04,CUST-00638,Noah Brown,Enterprise,France,Europe,Sports & Outdoors,Yoga Mat,1,123.73,0.0,23.05,Credit Card,Completed
ORD-100068,2023-10-18,CUST-00687,James Williams,Consumer,Brazil,South America,Home & Kitchen,Coffee Maker,1,19.83,0.15,9.18,Bank Transfer,Cancelled
ORD-103241,2024-04-13,CUST-00087,Raj Johnson,Consumer,United States,North America,Sports & Outdoors,Water Bottle,1,47.16,0.0,15.95,Credit Card,Completed
ORD-105511,2024-07-12,CUST-00157,John Williams,Consumer,United Kingdom,Europe,Home & Kitchen,Coffee Maker,1,83.94,0.0,4.63,PayPal,Completed
ORD-104812,2024-03-30,CUST-00268,Fatima Miller,Enterprise,Spain,Europe,Home & Kitchen,Cutting Board,1,57.55,0.0,15.29,PayPal,Returned
ORD-105473,2024-07-19,CUST-00147,Noah Tanaka,Small Business,Australia,Oceania,Sports & Outdoors,Resistance Bands,2,52.92,0.0,14.56,Bank Transfer,Completed
ORD-103397,2024-05-15,CUST-00605,Fatima Tanaka,Consumer,Singapore,Asia,Electronics,Headphones,-1,145.79,0.05,9.43,PayPal,Completed
ORD-101491,2024-05-22,CUST-00106,Ana Miller,Consumer,India,Asia,Beauty,Sunscreen SPF50,1,58.63,0.1,14.86,Credit Card,Completed
ORD-100946,2023-11-09,CUST-00781,Elizabeth Brown,Consumer,India,Asia,Home & Kitchen,Storage Bin,1,141.03,0.0,15.27,Credit Card,Completed
ORD-105362,2024-09-16,CUST-00676,Elizabeth Davis,Small Business,United Kingdom,Europe,Electronics,Bluetooth Speaker,1,139.96,0.0,2.2,PayPal,Cancelled
ORD-101083,2024-01-27,CUST-00094,Hiro Rossi,Consumer,United States,North America,Beauty,Hair Dryer,1,44.4,0.0,17.07,Debit Card,Cancelled
ORD-105433,2024-10-01,CUST-00797,Wei Tanaka,Consumer,Spain,Europe,Apparel,Wool Socks,1,83.11,0.0,12.85,Credit Card,Completed
ORD-106115,2024-09-02,CUST-00589,Jennifer Williams,Consumer,Mexico,South America,Electronics,Bluetooth Speaker,2,217.07,0.1,22.25,Gift Card,Completed
ORD-101078,2024-09-16,CUST-00712,Wei Dubois,Consumer,France,Europe,Apparel,Baseball Cap,2,50.87,0.0,11.61,Credit Card,Completed
ORD-100369,2024-07-30,CUST-00245,Chen Williams,Consumer,United States,North America,Beauty,Sunscreen SPF50,2,23.27,0.05,4.95,Credit Card,Completed
ORD-100471,2024-02-22,CUST-00237,Mia Rodriguez,Consumer,Mexico,South America,Apparel,Running Shoes,2,12.99,0.0,12.42,Debit Card,Completed
ORD-106471,2024-02-23,CUST-00339,Emma Miller,Consumer,Italy,Europe,Sports & Outdoors,Water Bottle,1,52.01,0.0,7.35,PayPal,Completed
ORD-101662,2024-03-30,CUST-00054,Tom Khan,Consumer,Brazil,South America,Office,Desk Organizer,1,11.24,0.0,16.87,PayPal,Completed
ORD-105884,2024-09-19,CUST-00574,Tom Costa,Consumer,Canada,North America,Office,Standing Desk Mat,1,46.91,0.0,19.59,Gift Card,Completed
ORD-100563,2024-10-01,CUST-00338,Mia Zhang,Consumer,Brazil,South America,Sports & Outdoors,Water Bottle,2,136.18,0.0,11.27,Debit Card,Completed
ORD-101450,2024-05-10,CUST-00551,Mia Garcia,Consumer,Canada,North America,Apparel,T-Shirt,1,60.73,0.0,10.04,Debit Card,Completed
ORD-106316,2023-12-31,CUST-00101,Lucas Khan,Consumer,France,Europe,Apparel,Running Shoes,1,59.58,0.05,4.95,Credit Card,Cancelled
ORD-101018,2023-08-20,CUST-00819,Hiro Silva,Consumer,Spain,Europe,Apparel,Denim Jacket,1,50.67,0.0,16.99,PayPal,Completed
ORD-102854,2024-03-09,CUST-00526,Carlos Jones,Small Business,Singapore,Asia,Home & Kitchen,Cutting Board,4,85.17,0.0,21.16,Debit Card,Completed
ORD-104848,2024-01-02,CUST-00250,Ahmed Rodriguez,Small Business,Singapore,Asia,Electronics,Smartphone Case,2,125.57,0.0,16.72,PayPal,Completed
ORD-106510,2024-01-03,CUST-00398,Ines Davis,Small Business,Mexico,South America,Office,Notebook Set,1,21.65,0.0,19.33,Credit Card,Completed
ORD-100700,2023-09-16,CUST-00337,Ahmed Tanaka,Consumer,Italy,Europe,Apparel,T-Shirt,1,71.86,0.1,15.6,Debit Card,Cancelled
ORD-101299,2023-10-30,CUST-00332,Fatima Jones,Enterprise,Germany,Europe,Electronics,Laptop Stand,4,106.38,0.0,16.61,Credit Card,Completed
ORD-102093,2024-10-05,CUST-00842,Hiro Silva,Enterprise,United States,North America,Beauty,Lip Balm,1,38.76,0.0,10.61,Credit Card,Completed
ORD-101798,2023-07-28,CUST-00641,Raj Martinez,Consumer,Germany,Europe,Beauty,Hair Dryer,1,43.74,0.0,17.24,Gift Card,Completed
ORD-102698,2024-06-06,CUST-00112,Emma Rossi,Consumer,Spain,Europe,Home & Kitchen,Storage Bin,3,123.17,0.0,17.4,PayPal,Completed
ORD-103718,2024-03-07,CUST-00250,Ahmed Rodriguez,Small Business,Singapore,Asia,Sports & Outdoors,Yoga Mat,1,161.77,0.0,18.87,PayPal,Completed
ORD-104277,2024-07-18,CUST-00480,Priya Kumar,Enterprise,Mexico,South America,Electronics,Smartphone Case,1,192.16,0.0,4.78,Credit Card,Completed
ORD-106798,2024-02-10,CUST-00394,Lucas Jones,Small Business,United States,North America,Apparel,Baseball Cap,1,38.67,0.1,15.17,PayPal,Completed
ORD-103916,2024-08-14,CUST-00628,Olivia Silva,Consumer,India,Asia,Beauty,Sunscreen SPF50,1,51.01,0.0,3.86,Credit Card,Completed
ORD-100979,2023-09-15,CUST-00682,David Dubois,Enterprise,United States,North America,Apparel,T-Shirt,1,20.92,0.15,6.61,Credit Card,Completed
ORD-105522,2024-04-27,CUST-00152,Ahmed Brown,Consumer,United States,North America,Apparel,Baseball Cap,2,65.77,0.0,12.06,PayPal,Completed
ORD-105821,2023-11-17,CUST-00419,Ahmed Williams,Small Business,India,Asia,Beauty,Lip Balm,1,12.54,0.2,12.72,Credit Card,Completed
ORD-106813,2024-05-17,CUST-00392,Elizabeth Khan,Consumer,India,Asia,Beauty,Sunscreen SPF50,2,43.53,0.0,20.31,Credit Card,Completed
ORD-104788,2024-09-07,CUST-00337,Ahmed Tanaka,Consumer,Italy,Europe,Office,Notebook Set,1,51.06,0.0,18.93,Gift Card,Completed
ORD-100101,2024-05-18,CUST-00032,John Davis,Consumer,Spain,Europe,Electronics,Laptop Stand,5,22.19,0.05,23.56,Bank Transfer,Completed
ORD-102536,2024-10-21,CUST-00484,Hiro Jones,Small Business,Spain,Europe,Sports & Outdoors,Resistance Bands,4,75.02,0.05,,Credit Card,Completed
ORD-106329,2024-01-24,CUST-00292,Grace Davis,Small Business,Australia,Oceania,Office,Desk Organizer,2,60.86,0.0,18.76,Debit Card,Completed
ORD-102278,2024-07-25,CUST-00586,Grace Zhang,Consumer,Mexico,South America,Office,Pen Pack,1,17.07,0.1,10.6,Credit Card,Cancelled
ORD-101527,2024-07-07,CUST-00623,Ahmed Dubois,Consumer,France,Europe,Apparel,Wool Socks,1,50.02,0.0,9.83,Credit Card,Completed
ORD-101443,2023-12-26,CUST-00301,Mary Martinez,,United States,North America,Office,Wireless Mouse,1,66.31,0.15,19.84,Credit Card,Completed
ORD-101691,2024-04-24,CUST-00379,Patricia Nakamura,Consumer,Germany,Europe,Office,Standing Desk Mat,1,31.93,0.0,11.04,PayPal,Completed
ORD-106658,2023-07-06,CUST-00842,Hiro Silva,Enterprise,United States,North America,Beauty,Sunscreen SPF50,1,51.78,0.0,13.18,Credit Card,Completed
ORD-101954,2023-05-16,CUST-00123,Ines Khan,Small Business,United Kingdom,Europe,Electronics,Bluetooth Speaker,2,90.15,0.1,7.9,Debit Card,Completed
ORD-106814,2024-05-29,CUST-00404,David Rodriguez,Small Business,Singapore,Asia,Sports & Outdoors,Hiking Backpack,2,147.83,0.0,2.55,Bank Transfer,Completed
ORD-101584,2024-03-17,CUST-00225,Jennifer Nakamura,Small Business,Spain,Europe,Apparel,Denim Jacket,1,45.07,0.0,18.67,Credit Card,Returned
ORD-104129,2024-08-09,CUST-00095,Raj Jones,Consumer,France,Europe,Home & Kitchen,Cutting Board,1,69.69,0.0,10.72,Bank Transfer,Completed
ORD-104301,2024-10-02,CUST-00767,Raj Smith,Small Business,BRAZIL,South America,Electronics,Laptop Stand,5,26.41,0.1,13.82,Debit Card,Returned
ORD-103654,2023-07-23,CUST-00768,Elizabeth Khan,Consumer,Germany,Europe,Office,Wireless Mouse,1,22.68,0.0,9.56,PayPal,Completed
ORD-106967,2024-01-26,CUST-00470,Jennifer Johnson,Small Business,India,Asia,Sports & Outdoors,Yoga Mat,3,139.48,0.0,9.15,Credit Card,Completed
ORD-106201,2024-08-27,CUST-00003,Ana Khan,Small Business,United States,North America,Apparel,Running Shoes,1,9.04,0.0,4.48,Credit Card,Completed
ORD-103583,2024-05-25,CUST-00782,Tom Garcia,Small Business,United States,North America,Home & Kitchen,Coffee Maker,4,108.5,0.05,7.97,PayPal,Completed
ORD-100373,2023-06-16,CUST-00381,Ana Davis,Small Business,Singapore,Asia,Sports & Outdoors,Camping Tent,1,14.64,0.05,12.69,Gift Card,Completed
ORD-101131,2023-07-27,CUST-00698,Patricia Rossi,Consumer,United States,North America,Electronics,Smartphone Case,1,214.49,0.0,22.03,Debit Card,Completed
ORD-100131,2024-04-27,CUST-00141,David Muller,Consumer,United States,North America,Sports & Outdoors,Resistance Bands,2,83.33,0.05,24.12,Credit Card,Completed
ORD-103907,2023-06-17,CUST-00551,Mia Garcia,,Canada,North America,Home & Kitchen,Throw Pillow,3,49.16,0.1,22.73,Credit Card,Completed
ORD-105908,2023-12-01,CUST-00038,Carlos Jones,Consumer,France,Europe,Apparel,Wool Socks,1,76.75,0.0,20.06,Debit Card,Completed
ORD-100494,2023-02-18,CUST-00682,David Dubois,Enterprise,United States,North America,Electronics,Headphones,1,41.23,0.15,13.93,Debit Card,Completed
ORD-106010,2023-07-01,CUST-00235,Jennifer Brown,Small Business,United Kingdom,Europe,Home & Kitchen,Blender,1,20.56,0.0,,Credit Card,Completed
ORD-101796,2024-05-12,CUST-00568,John Nakamura,Consumer,Spain,Europe,Electronics,Bluetooth Speaker,2,197.55,0.0,12.35,Credit Card,Completed
ORD-100679,2023-08-21,CUST-00736,Patricia Zhang,Small Business,Germany,Europe,Home & Kitchen,Throw Pillow,1,39.12,0.0,14.97,PayPal,Completed
ORD-106688,2024-02-05,CUST-00728,Liam Nakamura,Small Business,United States,North America,Home & Kitchen,Storage Bin,1,88.85,0.05,13.44,Gift Card,Completed
ORD-104290,2023-06-04,CUST-00598,Michael Miller,Consumer,India,Asia,Apparel,Baseball Cap,1,23.8,0.1,8.74,PayPal,Completed
ORD-105608,2024-08-27,CUST-00334,David Garcia,Consumer,Germany,Europe,Electronics,Laptop Stand,2,48.44,0.0,20.98,Credit Card,Completed
ORD-106651,2023-08-19,CUST-00403,Ines Silva,Consumer,Canada,North America,Sports & Outdoors,Camping Tent,1,143.15,0.0,5.25,Credit Card,Completed
ORD-101072,2024-06-28,CUST-00236,Mary Zhang,Small Business, japan ,Asia,Electronics,Headphones,1,32.55,0.0,5.35,Credit Card,Completed
ORD-105195,2024-05-01,CUST-00789,Patricia Muller,Small Business,Canada,North America,Electronics,Headphones,1,106.97,0.0,23.32,Bank Transfer,Completed
ORD-101599,2024-05-05,CUST-00231,Grace Garcia,Enterprise,Canada,North America,Apparel,Running Shoes,2,56.85,0.0,21.57,Credit Card,Completed
ORD-101702,2024-09-23,CUST-00751,Yuki Kumar,Small Business,United Kingdom,Europe,Sports & Outdoors,Resistance Bands,1,11.51,0.15,15.77,Credit Card,Completed
ORD-102499,2024-04-09,CUST-00002,Robert Muller,Consumer,Mexico,South America,Electronics,Laptop Stand,1,156.16,0.1,6.8,Credit Card,Completed
ORD-106565,2023-06-13,CUST-00549,Jennifer Brown,Consumer,United Kingdom,Europe,Beauty,Hair Dryer,1,40.27,0.0,7.5,Credit Card,Completed
ORD-105637,2024-07-12,CUST-00450,Tom Davis,Consumer,United States,North America,Apparel,Running Shoes,1,30.69,0.05,4.29,Credit Card,Returned
ORD-102523,2024-11-07,CUST-00085,David Martinez,Consumer,Canada,North America,Office,Notebook Set,3,48.51,0.0,9.21,Credit Card,Completed
ORD-104661,2024-09-11,CUST-00445,Michael Kumar,Enterprise,Mexico,South America,Home & Kitchen,Blender,4,89.7,0.0,12.03,Bank Transfer,Completed
ORD-103840,2024-07-10,CUST-00389,James Williams,Small Business,Singapore,Asia,Apparel,Wool Socks,1,65.08,0.0,8.86,Debit Card,Completed
ORD-103029,2024-07-06,CUST-00210,Mia Johnson,Consumer,Japan,Asia,Home & Kitchen,Blender,1,49.67,0.0,7.62,Debit Card,Completed
ORD-102002,2024-12-01,CUST-00559,Patricia Khan,Enterprise,India,Asia,Sports & Outdoors,Water Bottle,5,101.72,0.1,5.17,PayPal,Completed
ORD-106988,2024-01-09,CUST-00818,Lucas Tanaka,,Japan,Asia,Office,Wireless Mouse,1,16.07,0.0,11.23,Credit Card,Completed
ORD-102312,2024-07-13,CUST-00653,Jennifer Zhang,Consumer,Singapore,Asia,Electronics,Smartphone Case,1,52.92,0.1,2.87,PayPal,Completed
ORD-105144,2023-11-27,CUST-00090,Olivia Brown,Consumer,United States,North America,Home & Kitchen,Storage Bin,1,104.49,0.1,17.65,Credit Card,Completed
ORD-103699,2024-09-07,CUST-00017,Linda Muller,Consumer,United States,North America,Office,Standing Desk Mat,2,28.62,0.0,23.71,Credit Card,Completed
ORD-102220,2024-06-23,CUST-00843,Tom Dubois,Enterprise,Singapore,Asia,Electronics,USB-C Cable,1,171.74,0.05,15.44,Credit Card,Completed
ORD-106191,2024-11-28,CUST-00834,Yuki Martinez,Consumer,India,Asia,Sports & Outdoors,Yoga Mat,2,153.24,0.1,16.0,Credit Card,Completed
ORD-104675,2024-05-09,CUST-00032,John Davis,Consumer,Spain,Europe,Apparel,Running Shoes,1,36.95,0.0,19.73,Credit Card,Completed
ORD-103641,2024-05-07,CUST-00537,James Rodriguez,Consumer,Canada,North America,Electronics,Bluetooth Speaker,-1,83.49,0.0,17.87,PayPal,Cancelled
ORD-100532,2023-11-06,CUST-00540,Olivia Zhang,Enterprise,United States,North America,Sports & Outdoors,Camping Tent,2,71.4,0.0,22.74,PayPal,Completed
ORD-104383,2024-04-06,CUST-00674,Elizabeth Davis,Small Business,United States,North America,Electronics,Laptop Stand,2,155.86,0.0,16.94,Gift Card,Completed
ORD-103178,2024-05-05,CUST-00033,Lucas Davis,Consumer, united states ,North America,Home & Kitchen,Coffee Maker,1,122.18,0.0,11.85,Credit Card,Completed
ORD-102554,2023-11-12,CUST-00568,John Nakamura,Consumer,Spain,Europe,Electronics,Bluetooth Speaker,1,64.39,0.0,18.56,Credit Card,Completed
ORD-104155,2024-11-07,CUST-00684,Hiro Miller,Enterprise,United States,North America,Electronics,Laptop Stand,1,41.78,0.1,8.24,Credit Card,Completed
ORD-102303,2024-10-29,CUST-00766,Yuki Smith,Small Business,United States,North America,Electronics,Bluetooth Speaker,2,189.31,0.05,14.07,Credit Card,Completed
ORD-101990,2023-06-29,CUST-00565,Hiro Jones,Small Business,Italy,Europe,Home & Kitchen,Blender,2,32.16,0.15,19.55,Debit Card,Completed
ORD-105999,2023-10-10,CUST-00542,Hiro Johnson,Consumer,India,Asia,Sports & Outdoors,Yoga Mat,1,46.57,0.1,17.6,Credit Card,Completed
ORD-104728,2024-09-23,CUST-00642,Hiro Davis,Consumer,United States,North America,Electronics,Laptop Stand,1,72.78,0.0,12.08,Credit Card,Completed
ORD-101725,2024-04-28,CUST-00218,Yuki Rossi,Small Business,Canada,North America,Office,Notebook Set,2,21.36,0.15,10.29,Credit Card,Completed
ORD-106888,2024-09-17,CUST-00536,Tom Garcia,Enterprise,Canada,North America,Apparel,Baseball Cap,1,25.66,0.0,9.84,Credit Card,Completed
ORD-101772,2023-12-28,CUST-00044,Jennifer Zhang,Consumer,Brazil,South America,Office,Notebook Set,3,4.76,0.0,18.0,Credit Card,Completed
ORD-104540,2024-09-05,CUST-00694,Jennifer Smith,Consumer,United States,North America,Beauty,Lip Balm,1,46.81,0.15,7.42,PayPal,Returned
ORD-102070,2023-10-02,CUST-00153,Priya Nakamura,Consumer,Japan,Asia,Sports & Outdoors,Hiking Backpack,3,18.34,0.0,20.68,Credit Card,Completed
ORD-104693,2024-04-03,CUST-00263,Ana Costa,Consumer,Japan,Asia,Apparel,Running Shoes,1,73.02,0.0,23.54,Bank Transfer,Completed
ORD-103136,2024-10-11,CUST-00286,Wei Martinez,Small Business,Australia,Oceania,Office,Desk Organizer,1,10.93,0.0,22.96,Credit Card,Completed
ORD-104397,2023-09-18,CUST-00020,Emma Zhang,Consumer,United States,North America,Beauty,Sunscreen SPF50,1,44.25,0.05,11.38,PayPal,Cancelled
ORD-104957,2024-02-03,CUST-00820,Hiro Williams,Consumer,France,Europe,Beauty,Face Serum,1,57.65,0.0,5.2,PayPal,Completed
ORD-106765,2024-06-04,CUST-00257,John Williams,Small Business,Canada,North America,Apparel,Wool Socks,2,64.06,0.0,11.76,Bank Transfer,Completed
ORD-101403,2024-07-04,CUST-00401,James Zhang,Consumer,Singapore,Asia,Home & Kitchen,Coffee Maker,1,103.98,0.1,,Gift Card,Completed
ORD-105751,2024-08-20,CUST-00117,Carlos Zhang,Consumer,Spain,Europe,Apparel,Wool Socks,2,46.96,0.0,15.44,Bank Transfer,Completed
ORD-104716,2024-02-14,CUST-00015,Lucas Tanaka,Consumer,SINGAPORE,Asia,Apparel,Denim Jacket,4,50.62,0.1,4.68,Credit Card,Completed
ORD-102837,2024-02-29,CUST-00376,Emma Zhang,Consumer,India,Asia,Beauty,Lip Balm,2,9.92,0.2,6.82,PayPal,Completed
ORD-106387,2023-08-30,CUST-00709,Ines Davis,Consumer,United Kingdom,Europe,Apparel,Wool Socks,2,21.45,0.0,18.13,Credit Card,Completed
ORD-106058,2024-09-13,CUST-00716,Robert Dubois,Consumer,Mexico,South America,Apparel,Baseball Cap,1,52.67,0.0,16.89,Debit Card,Completed
ORD-105591,2024-03-09,CUST-00687,,Consumer,Brazil,South America,Electronics,Laptop Stand,1,139.94,0.0,19.88,Credit Card,Completed
ORD-102858,2023-06-02,CUST-00292,Grace Davis,Small Business,Australia,Oceania,Apparel,Wool Socks,1,13.81,0.0,23.29,PayPal,Completed
ORD-100229,2024-06-27,CUST-00548,Grace Johnson,Consumer,United States,North America,Beauty,Hair Dryer,2,22.7,0.0,4.45,Bank Transfer,Completed
ORD-102425,2024-07-19,CUST-00777,Patricia Zhang,Consumer,France,Europe,Office,Notebook Set,1,45.85,0.0,10.71,Credit Card,Completed
ORD-103311,2023-08-30,CUST-00832,Tom Dubois,Enterprise,France,Europe,Electronics,Bluetooth Speaker,1,209.54,0.0,5.55,PayPal,Completed
ORD-105353,2024-08-21,CUST-00846,Ines Zhang,Small Business,United Kingdom,Europe,Sports & Outdoors,Water Bottle,2,20.78,0.1,14.34,Credit Card,Completed
ORD-100743,2024-02-25,CUST-00670,David Williams,,India,Asia,Electronics,Laptop Stand,1,177.5,0.15,4.67,Credit Card,Completed
ORD-105871,2024-04-07,CUST-00181,Ines Nakamura,Consumer,Singapore,Asia,Apparel,Baseball Cap,2,19.79,0.15,18.37,Credit Card,Completed
ORD-103032,2023-06-18,CUST-00637,Sofia Costa,Enterprise,United States,North America,Office,Pen Pack,1,19.12,0.1,11.34,PayPal,Completed
ORD-102793,2023-10-07,CUST-00065,James Williams,Small Business,United States,North America,Electronics,Smartphone Case,-2,41.11,0.0,8.71,Debit Card,Completed
ORD-102558,2024-02-29,CUST-00214,James Rossi,Small Business,Japan,Asia,Apparel,Running Shoes,1,8.76,0.0,7.43,Debit Card,Completed
ORD-103045,2023-03-10,CUST-00212,Mary Davis,Consumer,United States,North America,Electronics,USB-C Cable,1,217.75,0.0,2.62,Debit Card,Returned
ORD-100696,2023-04-14,CUST-00172,Robert Garcia,Consumer,United States,North America,Sports & Outdoors,Camping Tent,3,164.61,0.1,24.82,PayPal,Cancelled
ORD-101507,2023-12-06,CUST-00403,Ines Silva,Consumer,Canada,North America,Electronics,Laptop Stand,2,157.73,0.15,21.35,PayPal,Completed
ORD-102511,2024-02-10,CUST-00532,Ana Rodriguez,,INDIA,Asia,Sports & Outdoors,Water Bottle,1,108.55,0.0,6.64,PayPal,Cancelled
ORD-101137,2023-06-03,CUST-00227,Wei Williams,Consumer,United States,North America,Home & Kitchen,Blender,1,12.18,0.05,4.31,Debit Card,Completed
ORD-104640,2024-10-16,CUST-00606,Sofia Kumar,Small Business,Germany,Europe,Sports & Outdoors,Water Bottle,4,99.68,0.0,4.34,PayPal,Returned
ORD-103769,2024-05-23,CUST-00424,Emma Martinez,Enterprise,United Kingdom,Europe,Electronics,Headphones,1,62.09,0.0,6.47,Bank Transfer,Completed
ORD-100153,2024-03-17,CUST-00330,Noah Johnson,Consumer,Japan,Asia,Electronics,Laptop Stand,1,192.7,0.15,6.77,PayPal,Completed
ORD-106359,2024-11-15,CUST-00556,Lucas Rossi,,Canada,North America,Home & Kitchen,Storage Bin,1,84.58,0.0,16.57,Bank Transfer,Completed
ORD-100839,2024-06-19,CUST-00148,Sofia Brown,Small Business,United States,North America,Sports & Outdoors,Yoga Mat,1,122.27,0.2,5.21,Credit Card,Cancelled
ORD-105098,2023-09-29,CUST-00824,David Miller,Consumer,Australia,Oceania,Electronics,Bluetooth Speaker,1,81.09,0.0,5.34,PayPal,Returned
ORD-101075,2024-01-30,CUST-00651,Emma Nakamura,Consumer,India,Asia,Office,Wireless Mouse,2,49.62,0.0,18.32,Debit Card,Completed
ORD-102594,2023-08-16,CUST-00272,Olivia Zhang,Consumer,Australia,Oceania,Sports & Outdoors,Camping Tent,1,166.76,0.15,20.42,Debit Card,Cancelled
ORD-103637,2024-02-18,CUST-00106,Ana Miller,Consumer,India,Asia,Electronics,Bluetooth Speaker,1,73.86,0.0,11.28,Credit Card,Completed
ORD-103666,2024-08-30,CUST-00836,Chen Johnson,Enterprise,Brazil,South America,Home & Kitchen,Coffee Maker,2,94.0,0.05,15.23,PayPal,Completed
ORD-100135,2023-12-21,CUST-00409,Hiro Brown,Enterprise,Germany,Europe,Office,Desk Organizer,5,14.9,0.0,4.03,Credit Card,Completed
ORD-101730,2024-07-08,CUST-00306,Wei Nakamura,Consumer,United States,North America,Home & Kitchen,Throw Pillow,1,42.44,0.0,5.15,Credit Card,Completed
ORD-106362,2024-01-24,CUST-00206,Fatima Tanaka,Small Business,United Kingdom,Europe,Apparel,Running Shoes,5,60.05,0.0,19.66,Bank Transfer,Completed
ORD-103400,2024-04-23,CUST-00312,Patricia Khan,Small Business,United States,North America,Apparel,Wool Socks,1,78.49,0.0,7.7,Credit Card,Completed
ORD-106846,2024-11-14,CUST-00402,Priya Tanaka,Consumer,United States,North America,Home & Kitchen,Throw Pillow,3,128.68,0.05,19.86,Debit Card,Completed
ORD-105413,2024-04-08,CUST-00414,Robert Williams,Small Business,United Kingdom,Europe,Beauty,Hair Dryer,4,10.72,0.15,15.72,Credit Card,Returned
ORD-106932,2024-02-26,CUST-00593,Tom Tanaka,Consumer,United Kingdom,Europe,Sports & Outdoors,Resistance Bands,1,18.05,0.15,11.62,Bank Transfer,Completed
ORD-103217,2024-06-09,CUST-00201,Raj Martinez,Small Business,Brazil,South America,Electronics,Bluetooth Speaker,1,178.5,0.05,14.05,Debit Card,Completed
ORD-105117,2024-10-14,CUST-00842,Hiro Silva,Enterprise,United States,North America,Electronics,Laptop Stand,2,157.62,0.0,18.29,Credit Card,Completed
ORD-106831,2024-08-07,CUST-00230,Raj Nakamura,Small Business,France,Europe,Home & Kitchen,Coffee Maker,1,94.46,0.0,16.18,Credit Card,Completed
ORD-102490,2024-03-02,CUST-00519,Ines Jones,Small Business,Brazil,South America,Beauty,Hair Dryer,1,34.83,0.0,10.1,PayPal,Completed
ORD-104969,2024-04-06,CUST-00819,Hiro Silva,Consumer,Spain,Europe,Electronics,USB-C Cable,1,157.23,0.2,9.16,PayPal,Completed
ORD-102339,2024-05-07,CUST-00292,Grace Davis,Small Business,Australia,Oceania,Sports & Outdoors,Yoga Mat,1,45.09,0.0,21.55,PayPal,Returned
ORD-105982,2024-08-26,CUST-00339,Emma Miller,Consumer,Italy,Europe,Beauty,Shampoo,2,57.22,0.0,14.45,Debit Card,Completed
ORD-102029,2024-08-04,CUST-00810,Mary Muller,Small Business,India,Asia,Electronics,USB-C Cable,1,217.65,0.2,2.98,Credit Card,Completed
ORD-103582,2024-07-18,CUST-00058,Lucas Kumar,Consumer,Brazil,South America,Office,Notebook Set,2,60.74,0.0,18.41,PayPal,Completed
ORD-103923,2024-05-28,CUST-00278,Jennifer Zhang,Consumer,Italy,Europe,Sports & Outdoors,Hiking Backpack,1,103.73,0.0,8.59,Bank Transfer,Returned
ORD-105032,2024-10-03,CUST-00546,John Rodriguez,Consumer,Brazil,South America,Electronics,Laptop Stand,3,77.28,0.0,5.91,Credit Card,Completed
ORD-100714,2024-10-08,CUST-00355,Ana Garcia,Small Business,United Kingdom,Europe,Apparel,Running Shoes,1,79.01,0.1,3.3,Credit Card,Completed
ORD-102951,2023-09-13,CUST-00399,Tom Rossi,Consumer,Canada,North America,Beauty,Sunscreen SPF50,3,36.96,0.05,4.78,Credit Card,Completed
ORD-101490,2024-05-22,CUST-00049,Noah Martinez,Consumer,United Kingdom,Europe,Electronics,Headphones,3,102.23,0.05,16.98,Credit Card,Completed
ORD-100196,2024-05-15,CUST-00173,Carlos Miller,Small Business,United States,North America,Home & Kitchen,Coffee Maker,1,141.6,0.0,20.35,Credit Card,Completed
ORD-102018,2024-06-29,CUST-00817,Chen Zhang,Consumer,Italy,Europe,Sports & Outdoors,Resistance Bands,1,122.04,0.15,17.2,Gift Card,Completed
ORD-101846,2024-07-05,CUST-00830,Fatima Costa,Consumer,Spain,Europe,Sports & Outdoors,Hiking Backpack,1,29.8,0.0,20.0,Credit Card,Completed
ORD-103682,2023-08-30,CUST-00318,Carlos Jones,Consumer,United States,North America,Electronics,Smartphone Case,1,48.84,0.0,14.32,Credit Card,Completed
ORD-104104,2024-03-24,CUST-00113,Mia Johnson,Small Business,United States,North America,Home & Kitchen,Throw Pillow,5,146.37,0.05,20.35,Credit Card,Completed
ORD-106698,2024-08-23,CUST-00094,Hiro Rossi,Consumer,United States,North America,Electronics,Smartphone Case,1,71.82,0.15,4.09,Credit Card,Completed
ORD-104489,2024-11-21,CUST-00439,Lucas Smith,Small Business,France,Europe,Electronics,Smartphone Case,1,28.09,0.0,4.4,Gift Card,Completed
ORD-100414,2023-05-11,CUST-00134,Elizabeth Rodriguez,Consumer, brazil ,South America,Electronics,USB-C Cable,1,109.57,0.0,2.59,Credit Card,Completed
ORD-100905,2024-09-21,CUST-00174,Sofia Costa,Small Business,United Kingdom,Europe,Apparel,Baseball Cap,2,88.82,0.0,3.59,Credit Card,Completed
ORD-101645,2024-03-30,CUST-00103,Hiro Davis,Small Business,Canada,North America,Electronics,Laptop Stand,1,15.27,0.0,14.29,Credit Card,Completed
ORD-103954,2023-07-05,CUST-00575,Ines Tanaka,Consumer,Germany,Europe,Office,Wireless Mouse,1,38.52,0.05,17.8,Credit Card,Completed
ORD-101615,2024-08-21,CUST-00799,Elizabeth Zhang,Enterprise,Canada,North America,Sports & Outdoors,Yoga Mat,2,46.24,0.0,11.73,Bank Transfer,Returned
ORD-101819,2024-08-22,CUST-00552,David Williams,Enterprise,United Kingdom,Europe,Sports & Outdoors,Hiking Backpack,1,32.97,0.0,2.5,PayPal,Returned
ORD-101366,2024-06-02,CUST-00504,Olivia Tanaka,Consumer,United States,North America,Home & Kitchen,Cutting Board,1,83.8,0.0,11.54,Credit Card,Completed
ORD-106340,2024-06-24,CUST-00493,Tom Rodriguez,Enterprise,Germany,Europe,Electronics,Smartphone Case,1,205.15,0.0,18.63,Credit Card,Completed
ORD-102429,2024-07-21,CUST-00070,James Muller,Consumer,Germany,Europe,Home & Kitchen,Coffee Maker,1,18.93,0.0,21.26,Gift Card,Completed
ORD-103219,2023-12-30,CUST-00745,Sofia Johnson,Enterprise,India,Asia,Home & Kitchen,Blender,1,42.87,0.0,14.1,PayPal,Completed
ORD-104092,2024-03-13,CUST-00354,Noah Tanaka,Enterprise,Spain,Europe,Electronics,Bluetooth Speaker,1,59.59,0.0,12.1,Credit Card,Completed
ORD-102725,2024-09-01,CUST-00106,Ana Miller,Consumer,India,Asia,Apparel,Wool Socks,1,17.87,0.2,18.47,Debit Card,Returned
ORD-106498,2024-09-26,CUST-00616,Ahmed Silva,Consumer,Italy,Europe,Electronics,USB-C Cable,1,51.7,0.05,10.81,Credit Card,Completed
ORD-105324,2024-09-18,CUST-00692,Ahmed Rossi,Consumer,France,Europe,Office,Desk Organizer,1,31.23,0.0,18.47,Gift Card,Completed
ORD-103910,2024-05-29,CUST-00830,Fatima Costa,Consumer,Spain,Europe,Home & Kitchen,Storage Bin,2,81.44,0.2,19.39,Debit Card,Completed
ORD-102285,2023-07-22,CUST-00483,Wei Dubois,Consumer,Spain,Europe,Electronics,Headphones,1,26.72,0.0,18.05,Credit Card,Completed
ORD-102811,2024-08-25,CUST-00763,Liam Rossi,,United States,North America,Apparel,Wool Socks,1,90.0,0.15,16.5,Debit Card,Returned
ORD-103334,2024-04-28,CUST-00321,Priya Kumar,Consumer,United States,North America,Office,Pen Pack,1,38.94,0.0,7.09,Credit Card,Returned
ORD-103322,2024-10-04,CUST-00317,Olivia Rossi,Consumer,France,Europe,Beauty,Sunscreen SPF50,1,13.29,0.0,5.01,Credit Card,Completed
ORD-100378,2023-05-10,CUST-00319,Mary Dubois,Enterprise,Japan,Asia,Home & Kitchen,Throw Pillow,2,17.99,0.0,17.0,Credit Card,Completed
ORD-100475,2023-10-21,CUST-00656,Carlos Johnson,Small Business,Singapore,Asia,Electronics,Laptop Stand,2,213.66,0.15,13.27,Credit Card,Completed
ORD-106646,2024-04-04,CUST-00157,John Williams,Consumer,United Kingdom,Europe,Apparel,Denim Jacket,3,14.12,0.1,3.15,Gift Card,Completed
ORD-101418,2023-11-14,CUST-00581,Hiro Jones,Consumer,United States,North America,Beauty,Shampoo,2,26.93,0.0,8.63,PayPal,Completed
ORD-100398,2023-06-23,CUST-00151,James Smith,Enterprise,India,Asia,Home & Kitchen,Cutting Board,1,44.3,0.0,4.68,Credit Card,Completed
ORD-102791,2024-01-15,CUST-00695,Carlos Muller,Consumer,Italy,Europe,Office,Pen Pack,1,27.58,0.2,17.07,Bank Transfer,Completed
ORD-105553,2024-06-23,CUST-00421,Sofia Smith,Consumer,United Kingdom,Europe,Apparel,Running Shoes,2,38.94,0.0,13.59,Debit Card,Completed
ORD-103958,2024-08-01,CUST-00474,Michael Nakamura,Small Business,Germany,Europe,Apparel,Baseball Cap,1,51.05,0.0,,Debit Card,Completed
ORD-100370,2023-08-21,CUST-00475,Sofia Martinez,Consumer,United Kingdom,Europe,Electronics,Smartphone Case,1,48.95,0.0,6.06,Debit Card,Completed
ORD-105376,2023-12-03,CUST-00496,Lucas Johnson,Enterprise,Germany,Europe,Electronics,Headphones,1,135.59,0.0,7.34,PayPal,Completed
ORD-105718,2024-04-14,CUST-00409,Hiro Brown,Enterprise,Germany,Europe,Beauty,Face Serum,1,7.86,0.0,2.94,Credit Card,Completed
ORD-100189,2024-04-25,CUST-00115,Jennifer Costa,Consumer,Japan,Asia,Beauty,Lip Balm,2,19.48,0.0,6.5,Debit Card,Completed
ORD-106600,2024-05-22,CUST-00616,Ahmed Silva,Consumer,Italy,Europe,Electronics,Laptop Stand,3,140.65,0.1,4.99,Credit Card,Completed
ORD-100064,2023-12-17,CUST-00649,John Costa,Enterprise,United States,North America,Home & Kitchen,Storage Bin,1,32.71,0.0,12.45,Credit Card,Completed
ORD-103471,2024-02-06,CUST-00126,Tom Williams,,Germany,Europe,Electronics,Headphones,1,176.16,0.0,15.31,Credit Card,Completed
ORD-101818,2024-02-29,CUST-00836,Chen Johnson,Enterprise,Brazil,South America,Sports & Outdoors,Hiking Backpack,1,18.6,0.0,14.12,Credit Card,Completed
ORD-104808,2023-06-29,CUST-00089,Ines Dubois,Consumer,United Kingdom,Europe,Home & Kitchen,Storage Bin,1,67.49,0.0,24.1,Debit Card,Returned
ORD-103165,2024-02-16,CUST-00294,Olivia Zhang,Consumer,Spain,Europe,Electronics,USB-C Cable,2,123.39,0.1,22.64,Bank Transfer,Completed
ORD-106748,2024-04-04,CUST-00675,Ahmed Smith,Consumer,Germany,Europe,Office,Standing Desk Mat,1,13.83,0.0,11.42,Credit Card,Completed
ORD-102087,2024-08-21,CUST-00052,Elizabeth Zhang,Consumer,Italy,Europe,Apparel,Denim Jacket,1,72.23,0.0,19.08,Credit Card,Cancelled
ORD-102675,2024-12-05,CUST-00021,Sofia Muller,,France,Europe,Beauty,Sunscreen SPF50,1,38.18,0.2,22.24,Debit Card,Completed
ORD-101766,2023-10-25,CUST-00826,Elizabeth Johnson,Consumer,United States,North America,Office,Standing Desk Mat,1,18.25,0.2,6.91,Credit Card,Completed
ORD-100717,2024-10-19,CUST-00035,Sofia Garcia,Enterprise,Japan,Asia,Sports & Outdoors,Camping Tent,4,88.9,0.0,22.09,Credit Card,Completed
ORD-106681,2023-09-24,CUST-00100,Elizabeth Costa,,ITALY,Europe,Beauty,Face Serum,1,12.39,0.0,3.19,Credit Card,Completed
ORD-104197,2024-06-23,CUST-00388,Wei Muller,Small Business, united states ,North America,Electronics,USB-C Cable,2,145.92,0.0,5.12,Debit Card,Completed
ORD-100329,2024-06-16,CUST-00521,Lucas Nakamura,Small Business,Australia,Oceania,Sports & Outdoors,Yoga Mat,1,1835.0190131664215,0.0,20.08,PayPal,Completed
ORD-101956,2024-06-20,CUST-00719,Fatima Silva,Small Business,United States,North America,Apparel,Wool Socks,3,11.96,0.0,11.19,Gift Card,Completed
ORD-106404,2024-06-19,CUST-00515,Wei Davis,Consumer,Germany,Europe,Beauty,Lip Balm,1,5.75,0.0,9.74,PayPal,Cancelled
ORD-100173,2024-10-04,CUST-00284,Wei Nakamura,Consumer,United States,North America,Home & Kitchen,Storage Bin,1,102.23,0.0,22.87,Credit Card,Completed
ORD-101555,2024-09-24,CUST-00716,Robert Dubois,Consumer,Mexico,South America,Home & Kitchen,Blender,5,25.17,0.0,9.87,Gift Card,Returned
ORD-103123,2024-01-24,CUST-00106,Ana Miller,Consumer,India,Asia,Apparel,Wool Socks,1,67.99,0.0,16.93,Debit Card,Completed
ORD-104372,2024-01-02,CUST-00488,Patricia Kumar,Consumer, united kingdom ,Europe,Electronics,Laptop Stand,1,103.88,0.0,22.59,Credit Card,Completed
ORD-102126,2024-08-26,CUST-00020,Emma Zhang,Consumer,United States,North America,Electronics,USB-C Cable,1,33.0,0.0,20.94,PayPal,Completed
ORD-105698,2024-08-28,CUST-00146,Sofia Jones,Consumer,Germany,Europe,Sports & Outdoors,Resistance Bands,1,162.13,0.0,4.56,Bank Transfer,Completed
ORD-104950,2023-07-26,CUST-00837,Mary Kumar,Small Business,Germany,Europe,Beauty,Hair Dryer,1,54.7,0.0,16.74,Credit Card,Completed
ORD-100702,2023-11-08,CUST-00273,Robert Rossi,Consumer,Spain,Europe,Home & Kitchen,Cutting Board,1,129.45,0.0,12.88,Credit Card,Completed
ORD-101091,2024-05-05,CUST-00180,Liam Brown,Consumer,SINGAPORE,Asia,Electronics,Headphones,5,142.45,0.1,23.27,Credit Card,Completed
ORD-103936,2024-10-07,CUST-00494,Emma Martinez,Consumer,United States,North America,Electronics,Headphones,1,43.35,0.2,11.44,Credit Card,Completed
ORD-105784,2024-02-04,CUST-00656,Carlos Johnson,,Singapore,Asia,Office,Pen Pack,4,18.25,0.05,24.4,Credit Card,Completed
ORD-101864,2024-06-07,CUST-00747,Tom Davis,Consumer,United Kingdom,Europe,Home & Kitchen,Coffee Maker,1,44.62,0.0,10.45,Bank Transfer,Completed
ORD-105630,2023-07-27,CUST-00034,Wei Nakamura,Enterprise,India,Asia,Beauty,Hair Dryer,1,57.71,0.1,8.35,Credit Card,Completed
ORD-101239,2023-11-12,CUST-00121,John Dubois,,UNITED STATES,North America,Electronics,Headphones,1,82.93,0.0,7.6,Credit Card,Completed
ORD-106725,2024-02-06,CUST-00447,Tom Rossi,Consumer,United States,North America,Sports & Outdoors,Resistance Bands,2,22.56,0.0,9.37,Credit Card,Completed
ORD-103156,2024-06-08,CUST-00678,Lucas Kumar,Consumer,Germany,Europe,Home & Kitchen,Coffee Maker,1,136.71,0.05,21.58,Gift Card,Completed
ORD-105476,2023-10-05,CUST-00701,Yuki Tanaka,Consumer,Japan,Asia,Home & Kitchen,Blender,1,58.78,0.1,24.82,PayPal,Completed
ORD-105318,2024-09-21,CUST-00047,Liam Khan,Consumer,Germany,Europe,Electronics,Laptop Stand,2,136.43,0.1,19.76,Bank Transfer,Completed
ORD-104544,2024-01-25,CUST-00617,,Small Business,Canada,North America,Home & Kitchen,Blender,1,14.73,0.0,14.32,Debit Card,Completed
ORD-103485,2023-12-31,CUST-00031,Tom Brown,Small Business,Germany,Europe,Apparel,Wool Socks,-1,56.06,0.0,16.65,Gift Card,Completed
ORD-103469,2024-07-06,CUST-00434,Grace Davis,Consumer,France,Europe,Sports & Outdoors,Water Bottle,1,145.76,0.0,6.93,Credit Card,Completed
ORD-104484,2024-06-30,CUST-00068,Elizabeth Nakamura,Consumer,United States,North America,Electronics,Headphones,1,160.73,0.0,4.32,PayPal,Completed
ORD-101837,2023-02-10,CUST-00657,Emma Martinez,Consumer,United Kingdom,Europe,Apparel,T-Shirt,1,68.13,0.0,15.37,Credit Card,Completed
ORD-103418,2024-02-01,CUST-00254,Liam Martinez,Small Business,United States,North America,Apparel,Baseball Cap,1,16.67,0.2,24.38,Credit Card,Completed
ORD-100244,2023-09-01,CUST-00159,Tom Garcia,Consumer,Germany,Europe,Beauty,Face Serum,1,16.52,0.05,8.58,Credit Card,Completed
ORD-106037,2024-10-23,CUST-00537,James Rodriguez,Consumer,Canada,North America,Apparel,Wool Socks,2,13.06,0.15,22.02,Credit Card,Returned
ORD-103225,2024-01-22,CUST-00321,Priya Kumar,Consumer,UNITED STATES,North America,Electronics,Headphones,1,211.17,0.0,16.08,PayPal,Completed
ORD-104304,2024-01-12,CUST-00107,Linda Garcia,Enterprise, brazil ,South America,Electronics,USB-C Cable,4,214.35,0.0,21.07,Bank Transfer,Completed
ORD-106489,2024-06-29,CUST-00357,Noah Smith,Consumer,Australia,Oceania,Apparel,Running Shoes,2,70.1,0.0,10.85,Credit Card,Completed
ORD-105800,2024-01-10,CUST-00410,Fatima Martinez,Enterprise,United States,North America,Electronics,Bluetooth Speaker,1,25.72,0.0,8.99,Credit Card,Completed
ORD-100161,2024-03-13,CUST-00750,Elizabeth Silva,Consumer,United Kingdom,Europe,Electronics,USB-C Cable,1,81.33,0.0,4.19,PayPal,Completed
ORD-104659,2024-09-14,CUST-00844,Linda Silva,Small Business,Spain,Europe,Electronics,Laptop Stand,1,199.41,0.05,15.55,Credit Card,Returned
ORD-101436,2024-09-24,CUST-00226,Mary Davis,Enterprise,Germany,Europe,Electronics,Headphones,1,41.21,0.0,11.24,PayPal,Returned
ORD-104694,2024-06-03,CUST-00395,Ana Johnson,Consumer,United States,North America,Apparel,T-Shirt,1,14.62,0.1,4.08,Credit Card,Completed
ORD-102812,2023-12-28,CUST-00250,Ahmed Rodriguez,Small Business,Singapore,Asia,Sports & Outdoors,Hiking Backpack,1,101.75,0.0,13.49,PayPal,Completed
ORD-104753,2024-02-26,CUST-00601,Sofia Silva,Small Business, united states ,North America,Apparel,Denim Jacket,1,31.38,0.0,22.53,Debit Card,Completed
ORD-105695,2023-07-18,CUST-00755,Fatima Martinez,Consumer,France,Europe,Sports & Outdoors,Hiking Backpack,1,137.76,0.0,10.44,Credit Card,Completed
ORD-100040,2023-09-17,CUST-00372,Raj Dubois,Enterprise,United States,North America,Office,Pen Pack,1,29.02,0.2,3.32,Bank Transfer,Completed
ORD-103867,2024-07-09,CUST-00057,Tom Miller,Enterprise,United Kingdom,Europe,Home & Kitchen,Cutting Board,1,118.96,0.0,11.54,Gift Card,Completed
ORD-105647,2024-10-27,CUST-00824,David Miller,Consumer,Australia,Oceania,Home & Kitchen,Blender,1,69.3,0.0,7.63,Debit Card,Completed
ORD-100450,2024-03-19,CUST-00633,Linda Muller,Consumer,United States,North America,Sports & Outdoors,Resistance Bands,1,179.92,0.0,8.15,Credit Card,Completed
ORD-104511,2024-09-25,CUST-00070,James Muller,Consumer,Germany,Europe,Beauty,Sunscreen SPF50,1,8.34,0.05,2.45,PayPal,Completed
ORD-102943,2024-02-07,CUST-00354,Noah Tanaka,Enterprise,SPAIN,Europe,Home & Kitchen,Cutting Board,2,66.67,0.0,15.96,PayPal,Completed
ORD-103497,2023-10-11,CUST-00556,Lucas Rossi,,Canada,North America,Office,Desk Organizer,1,12.59,0.0,8.61,Gift Card,Completed
ORD-102014,2024-01-13,CUST-00781,Elizabeth Brown,Consumer,India,Asia,Home & Kitchen,Throw Pillow,1,107.76,0.2,2.25,PayPal,Completed
ORD-103160,2024-06-24,CUST-00835,Hiro Nakamura,,Canada,North America,Electronics,Laptop Stand,1,160.55,0.0,16.31,PayPal,Completed
ORD-105994,2023-09-05,CUST-00321,Priya Kumar,Consumer,United States,North America,Apparel,Wool Socks,1,27.81,0.0,12.92,Credit Card,Completed
ORD-102839,2024-03-13,CUST-00267,Mia Tanaka,Small Business,India,Asia,Home & Kitchen,Cutting Board,1,72.71,0.0,20.82,Bank Transfer,Completed
ORD-100362,2024-03-09,CUST-00486,Patricia Johnson,Consumer,Germany,Europe,Apparel,Running Shoes,1,70.34,0.0,18.72,Debit Card,Completed
ORD-104539,2024-06-15,CUST-00754,Carlos Rodriguez,Small Business,Mexico,South America,Electronics,Bluetooth Speaker,4,120.1,0.0,23.95,Bank Transfer,Completed
ORD-102957,2024-03-28,CUST-00622,Patricia Kumar,Small Business,Australia,Oceania,Electronics,Bluetooth Speaker,3,206.7,0.15,11.86,Debit Card,Completed
ORD-106168,2024-06-13,CUST-00345,Olivia Kumar,Enterprise,United Kingdom,Europe,Sports & Outdoors,Camping Tent,1,38.92,0.0,16.56,PayPal,Completed
ORD-101110,2024-02-17,CUST-00486,Patricia Johnson,Consumer,GERMANY,Europe,Apparel,Denim Jacket,4,33.33,0.0,14.47,Gift Card,Completed
ORD-103972,2024-05-06,CUST-00157,John Williams,Consumer,United Kingdom,Europe,Apparel,Baseball Cap,2,34.16,0.0,24.26,PayPal,Completed
ORD-106629,2024-08-10,CUST-00455,Hiro Silva,Consumer,Germany,Europe,Sports & Outdoors,Water Bottle,4,169.29,0.0,17.95,Credit Card,Returned
ORD-102912,2024-01-27,CUST-00242,Tom Nakamura,Consumer,United States,North America,Beauty,Shampoo,1,25.86,0.1,16.98,Debit Card,Completed
ORD-102931,2024-02-17,CUST-00254,Liam Martinez,Small Business,United States,North America,Apparel,T-Shirt,1,22.14,0.0,13.36,Debit Card,Completed
ORD-100164,2023-07-19,CUST-00691,Carlos Rossi,Consumer,CANADA,North America,Beauty,Lip Balm,1,17.19,0.0,22.75,Debit Card,Returned
ORD-106678,2024-03-04,CUST-00010,Liam Smith,Consumer, india ,Asia,Beauty,Face Serum,1,18.99,0.0,14.17,Credit Card,Completed
ORD-100445,2024-05-18,CUST-00820,Hiro Williams,,France,Europe,Beauty,Face Serum,2,20.4,0.0,21.32,Credit Card,Completed
ORD-100641,2024-01-14,CUST-00703,,Enterprise,United Kingdom,Europe,Electronics,USB-C Cable,1,78.2,0.0,23.13,Gift Card,Completed
ORD-106827,2024-09-04,CUST-00360,Carlos Martinez,,United Kingdom,Europe,Apparel,Baseball Cap,1,71.59,0.0,3.44,Credit Card,Completed
ORD-106325,2024-09-25,CUST-00115,Jennifer Costa,Consumer,Japan,Asia,Sports & Outdoors,Water Bottle,1,45.4,0.0,9.07,PayPal,Completed
ORD-103577,2024-04-18,CUST-00504,Olivia Tanaka,Consumer,United States,North America,Beauty,Hair Dryer,1,40.61,0.0,22.77,PayPal,Completed
ORD-101209,2024-05-03,CUST-00103,Hiro Davis,Small Business,Canada,North America,Apparel,Baseball Cap,4,36.13,0.0,6.09,Bank Transfer,Cancelled
ORD-105532,2023-12-27,CUST-00691,Carlos Rossi,Consumer,Canada,North America,Home & Kitchen,Storage Bin,1,35.75,0.1,14.97,Credit Card,Completed
ORD-100460,2024-06-02,CUST-00121,John Dubois,Consumer,United States,North America,Sports & Outdoors,Hiking Backpack,1,47.86,0.15,22.38,PayPal,Completed
ORD-104445,2024-10-18,CUST-00724,Ana Kumar,Consumer,Canada,North America,Apparel,Denim Jacket,1,84.27,0.0,23.63,Debit Card,Returned
ORD-106276,2024-05-03,CUST-00556,Lucas Rossi,,Canada,North America,Office,Wireless Mouse,2,53.19,0.2,5.52,PayPal,Cancelled
ORD-105662,2024-08-11,CUST-00790,Fatima Rodriguez,Consumer,France,Europe,Beauty,Lip Balm,2,10.36,0.0,22.02,Credit Card,Completed
ORD-102482,2024-02-19,CUST-00419,Ahmed Williams,Small Business,India,Asia,Office,Desk Organizer,2,55.22,0.1,5.94,Debit Card,Completed
ORD-101154,2023-07-06,CUST-00486,Patricia Johnson,Consumer,Germany,Europe,Apparel,T-Shirt,1,53.21,0.0,19.07,Bank Transfer,Completed
ORD-101538,2024-04-01,CUST-00049,Noah Martinez,,United Kingdom,Europe,Home & Kitchen,Coffee Maker,1,38.22,0.0,13.28,Gift Card,Returned
ORD-106917,2024-03-12,CUST-00541,,Consumer,Japan,Asia,Electronics,USB-C Cable,1,185.51,0.0,19.79,Credit Card,Completed
ORD-106825,2023-07-21,CUST-00148,Sofia Brown,Small Business,United States,North America,Home & Kitchen,Blender,1,52.75,0.2,21.65,PayPal,Returned
ORD-100588,2024-06-06,CUST-00351,Ines Muller,Consumer,Canada,North America,Home & Kitchen,Storage Bin,2,46.5,0.05,9.53,Gift Card,Completed
ORD-100626,2024-06-16,CUST-00823,Raj Costa,Consumer,Spain,Europe,Apparel,Baseball Cap,1,52.24,0.0,19.37,PayPal,Completed
ORD-105739,2023-09-18,CUST-00804,Noah Dubois,Small Business,Mexico,South America,Electronics,Smartphone Case,1,46.49,0.0,11.12,Credit Card,Completed
ORD-103227,2023-10-17,CUST-00222,Yuki Johnson,Consumer,India,Asia,Office,Desk Organizer,1,25.96,0.0,21.25,Credit Card,Completed
ORD-103773,2024-05-01,CUST-00404,David Rodriguez,Small Business,SINGAPORE,Asia,Apparel,Denim Jacket,1,51.44,0.0,12.3,Bank Transfer,Completed
ORD-103533,2023-08-30,CUST-00847,Elizabeth Smith,Consumer,Germany,Europe,Home & Kitchen,Blender,1,63.65,0.05,3.82,PayPal,Completed
ORD-102745,2024-03-10,CUST-00151,James Smith,Enterprise,India,Asia,Electronics,Smartphone Case,1,155.87,0.1,14.31,Bank Transfer,Completed
ORD-104152,2023-10-05,CUST-00098,Patricia Johnson,Enterprise,United States,North America,Home & Kitchen,Storage Bin,3,55.59,0.0,10.54,Bank Transfer,Completed
ORD-104671,2024-06-18,CUST-00298,James Nakamura,Consumer,United States,North America,Office,Pen Pack,1,27.41,0.0,24.46,PayPal,Returned
ORD-101058,2024-01-19,CUST-00319,Mary Dubois,Enterprise,Japan,Asia,Apparel,Wool Socks,4,21.8,0.0,16.93,Debit Card,Completed
ORD-101182,2024-04-03,CUST-00835,Hiro Nakamura,Small Business,Canada,North America,Office,Pen Pack,1,379.6591061723631,0.0,8.21,Credit Card,Completed
ORD-102012,2023-10-30,CUST-00056,Noah Davis,Small Business,Japan,Asia,Home & Kitchen,Coffee Maker,1,141.77,0.0,13.23,Debit Card,Completed
ORD-100422,2024-09-21,CUST-00497,Liam Rossi,Consumer,United States,North America,Office,Standing Desk Mat,1,62.13,0.0,16.67,Bank Transfer,Completed
ORD-100736,2024-06-10,CUST-00182,Fatima Nakamura,Consumer,Germany,Europe,Electronics,Smartphone Case,1,48.32,0.0,17.57,Credit Card,Completed
ORD-101138,2024-06-05,CUST-00433,Emma Johnson,Consumer,INDIA,Asia,Home & Kitchen,Blender,2,109.45,0.05,8.2,PayPal,Completed
ORD-103214,2024-08-12,CUST-00720,Ana Garcia,Consumer,United States,North America,Sports & Outdoors,Hiking Backpack,4,29.09,0.0,21.41,Credit Card,Completed
ORD-101786,2023-03-07,CUST-00662,Hiro Jones,Small Business,Brazil,South America,Apparel,Running Shoes,2,51.09,0.0,20.75,Credit Card,Completed
ORD-103442,2023-12-18,CUST-00466,Tom Brown,Consumer,Brazil,South America,Electronics,Laptop Stand,2,59.11,0.0,9.27,Credit Card,Completed
ORD-102245,2024-05-21,CUST-00328,John Costa,Small Business,Germany,Europe,Home & Kitchen,Blender,2,39.51,0.0,9.49,PayPal,Completed
ORD-106467,2024-07-07,CUST-00712,Wei Dubois,Consumer,France,Europe,Electronics,USB-C Cable,1,32.76,0.1,16.58,Credit Card,Completed
ORD-106640,2023-10-08,CUST-00575,Ines Tanaka,Consumer,Germany,Europe,Beauty,Face Serum,1,22.9,0.1,19.53,Gift Card,Completed
ORD-104836,2023-04-11,CUST-00359,Chen Rossi,Consumer,France,Europe,Apparel,Running Shoes,2,38.7,0.0,23.24,Debit Card,Cancelled
ORD-104016,2023-12-02,CUST-00204,Fatima Rodriguez,Consumer,Italy,Europe,Home & Kitchen,Cutting Board,1,32.1,0.0,2.5,Credit Card,Completed
ORD-103224,2024-05-19,CUST-00179,Wei Smith,Consumer,France,Europe,Electronics,Smartphone Case,2,116.63,0.0,10.79,Debit Card,Cancelled
ORD-103287,2024-10-27,CUST-00140,Chen Khan,Consumer,Brazil,South America,Beauty,Hair Dryer,1,31.55,0.0,5.56,Credit Card,Completed
ORD-106154,2024-07-29,CUST-00044,Jennifer Zhang,Consumer,Brazil,South America,Beauty,Shampoo,1,6.77,0.0,4.12,PayPal,Completed
ORD-105343,2023-10-30,CUST-00789,Patricia Muller,Small Business,Canada,North America,Beauty,Lip Balm,1,46.52,0.05,5.76,Credit Card,Completed
ORD-101339,2024-10-09,CUST-00517,Jennifer Miller,Consumer,United States,North America,Electronics,Laptop Stand,1,149.17,0.0,14.02,Debit Card,Completed
ORD-106536,2023-05-21,CUST-00366,Wei Rodriguez,Consumer,Japan,Asia,Electronics,Headphones,1,214.42,0.0,15.37,PayPal,Completed
ORD-103463,2024-03-20,CUST-00162,Lucas Miller,Consumer,United Kingdom,Europe,Electronics,Headphones,1,186.25,0.0,15.84,Gift Card,Returned
ORD-106453,2024-06-28,CUST-00613,Olivia Smith,Consumer,INDIA,Asia,Electronics,Smartphone Case,2,98.16,0.1,18.13,PayPal,Completed
ORD-100337,2023-08-29,CUST-00722,Chen Rodriguez,Small Business,Canada,North America,Office,Desk Organizer,2,48.66,0.05,18.06,Credit Card,Completed
ORD-100109,2024-02-20,CUST-00716,Robert Dubois,Consumer,Mexico,South America,Apparel,T-Shirt,1,43.45,0.0,21.27,PayPal,Completed
ORD-106043,2024-05-05,CUST-00178,John Tanaka,Consumer,Italy,Europe,Electronics,Laptop Stand,1,164.1,0.0,17.83,Credit Card,Completed
ORD-104117,2023-09-07,CUST-00582,Wei Nakamura,Small Business,Spain,Europe,Office,Wireless Mouse,1,69.2,0.0,8.72,PayPal,Cancelled
ORD-105665,2024-07-07,CUST-00802,Liam Rossi,Small Business,Canada,North America,Home & Kitchen,Throw Pillow,2,47.69,0.0,18.21,Credit Card,Completed
ORD-100280,2024-01-05,CUST-00617,Elizabeth Rodriguez,Small Business,Canada,North America,Electronics,Headphones,1,203.99,0.0,10.22,Credit Card,Completed
ORD-104593,2024-06-13,CUST-00387,Robert Rodriguez,Small Business,United States,North America,Home & Kitchen,Coffee Maker,1,45.52,0.0,14.36,Credit Card,Completed
ORD-101283,2023-10-20,CUST-00294,Olivia Zhang,Consumer,Spain,Europe,Apparel,Denim Jacket,3,55.08,0.0,2.71,Credit Card,Completed
ORD-104895,2024-02-29,CUST-00379,Patricia Nakamura,Consumer,Germany,Europe,Electronics,Smartphone Case,3,19.74,0.1,23.08,Debit Card,Completed
ORD-102792,2024-02-25,CUST-00521,Lucas Nakamura,Small Business,Australia,Oceania,Sports & Outdoors,Water Bottle,2,93.21,0.0,11.19,Debit Card,Returned
ORD-106949,2023-09-09,CUST-00743,Liam Tanaka,,United States,North America,Beauty,Shampoo,1,26.26,0.0,18.62,Bank Transfer,Returned
ORD-100877,2024-12-13,CUST-00645,Lucas Khan,Small Business,India,Asia,Electronics,Smartphone Case,3,202.14,0.0,8.99,Credit Card,Cancelled
ORD-106069,2024-01-30,CUST-00722,Chen Rodriguez,Small Business,Canada,North America,Home & Kitchen,Cutting Board,5,124.05,0.0,3.19,Debit Card,Completed
ORD-104873,2024-01-13,CUST-00166,Wei Kumar,Consumer,Spain,Europe,Beauty,Sunscreen SPF50,2,14.57,0.0,9.71,Credit Card,Completed
ORD-101821,2024-05-28,CUST-00176,Emma Davis,Enterprise,MEXICO,South America,Apparel,Baseball Cap,2,69.69,0.0,4.73,Gift Card,Completed
ORD-104288,2024-11-27,CUST-00711,Michael Jones,,Mexico,South America,Office,Wireless Mouse,1,5.01,0.0,21.39,Debit Card,Completed
ORD-104229,2023-06-27,CUST-00174,Sofia Costa,Small Business,United Kingdom,Europe,Apparel,Denim Jacket,2,45.03,0.0,20.09,Credit Card,Completed
ORD-106089,2023-07-24,CUST-00532,Ana Rodriguez,Small Business,India,Asia,Sports & Outdoors,Hiking Backpack,4,102.82,0.0,6.76,Gift Card,Returned
ORD-100139,2023-09-21,CUST-00008,Carlos Davis,Enterprise,Australia,Oceania,Apparel,T-Shirt,1,61.55,0.05,11.55,Credit Card,Completed
ORD-105024,2024-12-04,CUST-00352,Ana Williams,Consumer,Italy,Europe,Apparel,Baseball Cap,2,29.27,0.0,24.68,PayPal,Completed
ORD-101855,2023-11-24,CUST-00554,Linda Smith,,Spain,Europe,Home & Kitchen,Storage Bin,2,97.24,0.1,18.22,Debit Card,Completed
ORD-103793,2024-02-03,CUST-00082,Wei Kumar,Small Business,Australia,Oceania,Sports & Outdoors,Resistance Bands,2,123.01,0.0,22.76,Bank Transfer,Completed
ORD-101295,2024-01-13,CUST-00446,Hiro Rossi,Consumer,Spain,Europe,Office,Notebook Set,1,43.48,0.15,22.11,Debit Card,Returned
ORD-100505,2023-12-17,CUST-00144,Yuki Costa,Enterprise,Japan,Asia,Electronics,Laptop Stand,1,82.27,0.0,21.25,Debit Card,Completed
ORD-102601,2024-09-23,CUST-00189,Noah Silva,Small Business,India,Asia,Sports & Outdoors,Camping Tent,1,63.99,0.2,17.03,Debit Card,Completed
ORD-103127,2023-12-02,CUST-00343,Wei Dubois,Consumer,India,Asia,Electronics,Smartphone Case,1,169.08,0.15,12.45,Debit Card,Completed
ORD-103088,2024-04-08,CUST-00178,John Tanaka,Consumer,Italy,Europe,Office,Standing Desk Mat,2,60.5,0.05,15.37,Bank Transfer,Completed
ORD-103814,2024-08-15,CUST-00269,Linda Williams,Consumer,India,Asia,Sports & Outdoors,Yoga Mat,1,25.41,0.0,11.64,Credit Card,Completed
ORD-103647,2023-06-26,CUST-00392,Elizabeth Khan,Consumer,India,Asia,Home & Kitchen,Blender,1,110.94,0.2,7.41,PayPal,Completed
ORD-103170,2023-06-27,CUST-00197,Elizabeth Brown,Consumer,Brazil,South America,Home & Kitchen,Storage Bin,1,69.0,0.0,18.93,Debit Card,Completed
ORD-100914,2024-08-25,CUST-00436,Grace Dubois,Consumer,Italy,Europe,Sports & Outdoors,Camping Tent,1,15.67,0.0,15.47,Credit Card,Completed
ORD-106165,2023-11-17,CUST-00460,Grace Rossi,Small Business,Germany,Europe,Apparel,Denim Jacket,1,48.37,0.1,13.51,Bank Transfer,Cancelled
ORD-101652,2024-07-31,CUST-00792,Ana Garcia,Consumer,United States,North America,Office,Standing Desk Mat,1,4.38,0.0,12.08,Credit Card,Completed
ORD-106067,2024-09-05,CUST-00419,Ahmed Williams,Small Business,INDIA,Asia,Office,Desk Organizer,1,28.24,0.05,18.05,Credit Card,Returned
ORD-105566,2024-06-29,CUST-00743,Liam Tanaka,Consumer,United States,North America,Apparel,Denim Jacket,3,72.61,0.0,22.9,Gift Card,Completed
ORD-102318,2024-02-07,CUST-00580,David Jones,Consumer,Japan,Asia,Home & Kitchen,Throw Pillow,1,111.62,0.0,22.78,Gift Card,Completed
ORD-101448,2024-04-24,CUST-00555,Sofia Khan,Consumer,Brazil,South America,Home & Kitchen,Storage Bin,1,148.75,0.0,12.61,Credit Card,Completed
ORD-100121,2024-11-08,CUST-00173,Carlos Miller,Small Business,United States,North America,Apparel,T-Shirt,1,42.09,0.0,20.91,Credit Card,Completed
ORD-100388,2024-12-09,CUST-00235,Jennifer Brown,Small Business,United Kingdom,Europe,Sports & Outdoors,Yoga Mat,1,165.1,0.0,11.79,PayPal,Completed
ORD-101587,2024-05-15,CUST-00789,Patricia Muller,Small Business,Canada,North America,Beauty,Face Serum,2,5.76,0.0,8.32,Debit Card,Completed
ORD-103031,2024-03-11,CUST-00304,John Garcia,Small Business,Australia,Oceania,Sports & Outdoors,Yoga Mat,1,146.24,0.0,9.66,Gift Card,Completed
ORD-103325,2023-07-04,CUST-00569,Mia Martinez,Enterprise,United States,North America,Electronics,Laptop Stand,2,124.02,0.0,24.09,Debit Card,Completed
ORD-102687,2024-02-08,CUST-00274,Jennifer Garcia,,Spain,Europe,Apparel,Running Shoes,4,43.87,0.0,11.63,Debit Card,Completed
ORD-102795,2024-02-24,CUST-00170,Emma Costa,Consumer,United States,North America,Sports & Outdoors,Yoga Mat,2,152.31,0.0,16.21,Credit Card,Completed
ORD-100038,2024-05-13,CUST-00263,Ana Costa,Consumer,Japan,Asia,Electronics,Smartphone Case,4,19.97,0.0,4.92,Credit Card,Cancelled
ORD-101764,2024-08-22,CUST-00295,Olivia Dubois,Consumer,United States,North America,Electronics,Laptop Stand,1,203.05,0.0,10.84,Debit Card,Completed
ORD-104829,2024-07-06,CUST-00509,Jennifer Tanaka,Consumer,United Kingdom,Europe,Office,Desk Organizer,2,10.6,0.0,11.71,Credit Card,Completed
ORD-103956,2024-09-10,CUST-00007,Chen Costa,Small Business,INDIA,Asia,Sports & Outdoors,Hiking Backpack,1,61.58,0.0,10.95,Debit Card,Completed
ORD-102248,2024-04-25,CUST-00410,Fatima Martinez,Enterprise,United States,North America,Home & Kitchen,Coffee Maker,1,104.96,0.0,17.5,Credit Card,Completed
ORD-105461,2024-06-30,CUST-00409,Hiro Brown,Enterprise,Germany,Europe,Electronics,Bluetooth Speaker,2,27.99,0.0,20.95,Credit Card,Completed
ORD-101247,2024-06-14,CUST-00250,Ahmed Rodriguez,Small Business,Singapore,Asia,Beauty,Sunscreen SPF50,1,25.75,0.0,23.88,Credit Card,Completed
ORD-106314,2024-01-03,CUST-00253,Ana Miller,Enterprise,United States,North America,Electronics,USB-C Cable,2,98.66,0.0,22.71,Credit Card,Completed
ORD-102298,2023-05-14,CUST-00365,,Consumer,France,Europe,Electronics,Laptop Stand,1,68.33,0.15,6.03,Credit Card,Completed
ORD-106816,2024-04-18,CUST-00160,Hiro Silva,Small Business,United Kingdom,Europe,Beauty,Face Serum,1,17.59,0.0,20.76,Credit Card,Returned
ORD-105484,2024-10-26,CUST-00067,Mary Brown,Consumer,JAPAN,Asia,Apparel,Denim Jacket,1,82.32,0.0,5.41,PayPal,Completed
ORD-102095,2024-01-12,CUST-00719,Fatima Silva,Small Business,UNITED STATES,North America,Sports & Outdoors,Yoga Mat,1,19.61,0.0,14.21,PayPal,Completed
ORD-102752,2024-05-23,CUST-00752,David Zhang,Enterprise,France,Europe,Electronics,Headphones,4,187.7,0.2,7.21,PayPal,Returned
ORD-101245,2024-03-23,CUST-00181,Ines Nakamura,Consumer,Singapore,Asia,Electronics,USB-C Cable,1,133.21,0.0,22.48,Credit Card,Completed
ORD-101087,2023-10-14,CUST-00724,Ana Kumar,Consumer, canada ,North America,Apparel,Running Shoes,1,19.8,0.0,8.19,PayPal,Completed
ORD-104729,2024-04-16,CUST-00036,Linda Tanaka,Consumer,Canada,North America,Home & Kitchen,Cutting Board,1,32.56,0.0,11.32,Credit Card,Returned
ORD-100246,2024-03-09,CUST-00181,Ines Nakamura,Consumer, singapore ,Asia,Office,Wireless Mouse,3,8.3,0.0,13.59,Bank Transfer,Completed
ORD-104703,2024-02-02,CUST-00284,Wei Nakamura,Consumer,United States,North America,Office,Notebook Set,-1,66.91,0.0,16.56,PayPal,Completed
ORD-102864,2023-12-27,CUST-00391,Ahmed Davis,Small Business,Canada,North America,Home & Kitchen,Blender,1,104.66,0.0,19.69,PayPal,Completed
ORD-102882,2024-01-08,CUST-00195,Emma Williams,Consumer,Brazil,South America,Sports & Outdoors,Resistance Bands,1,107.73,0.0,9.55,Credit Card,Completed
ORD-101848,2024-10-02,CUST-00584,Patricia Rodriguez,Small Business,United States,North America,Electronics,Smartphone Case,1,4047.391510402945,0.05,7.14,PayPal,Completed
ORD-105725,2023-07-20,CUST-00083,Ana Silva,Consumer,United Kingdom,Europe,Electronics,Smartphone Case,1,156.1,0.0,9.29,Credit Card,Returned
ORD-106693,2024-10-14,CUST-00836,Chen Johnson,Enterprise,Brazil,South America,Electronics,USB-C Cable,5,30.52,0.15,7.05,Credit Card,Completed
ORD-106038,2024-11-19,CUST-00673,David Garcia,Consumer,Spain,Europe,Beauty,Face Serum,1,11.94,0.0,7.28,Credit Card,Returned
ORD-101522,2024-05-13,CUST-00832,Tom Dubois,Enterprise,France,Europe,Sports & Outdoors,Hiking Backpack,1,157.75,0.0,9.75,PayPal,Completed
ORD-104637,2024-08-20,CUST-00481,Mary Jones,Consumer,United States,North America,Home & Kitchen,Blender,1,10.11,0.0,4.66,Debit Card,Completed
ORD-103420,2024-04-20,CUST-00628,Olivia Silva,Consumer,India,Asia,Apparel,T-Shirt,1,39.27,0.0,24.61,Debit Card,Completed
ORD-103399,2024-09-14,CUST-00492,Olivia Martinez,Consumer,Germany,Europe,Beauty,Shampoo,1,15.34,0.0,14.0,Credit Card,Completed
ORD-104218,2024-02-07,CUST-00369,Linda Williams,Small Business,United States,North America,Sports & Outdoors,Camping Tent,1,43.33,0.0,20.16,Debit Card,Completed
ORD-101381,2024-07-21,CUST-00174,Sofia Costa,Small Business,United Kingdom,Europe,Apparel,Wool Socks,1,76.99,0.05,10.33,PayPal,Returned
ORD-100148,2024-12-22,CUST-00695,Carlos Muller,Consumer,Italy,Europe,Home & Kitchen,Coffee Maker,4,10.27,0.0,11.63,Debit Card,Returned
ORD-103407,2023-09-26,CUST-00817,Chen Zhang,,Italy,Europe,Home & Kitchen,Coffee Maker,5,19.96,0.0,3.15,PayPal,Completed
ORD-106233,2024-12-05,CUST-00416,Wei Garcia,Small Business,United States,North America,Home & Kitchen,Storage Bin,1,121.37,0.0,6.8,PayPal,Completed
ORD-103545,2024-02-17,CUST-00299,Liam Khan,Enterprise,Canada,North America,Apparel,Baseball Cap,1,30.7,0.0,2.17,Credit Card,Completed
ORD-106167,2023-09-19,CUST-00344,Priya Rodriguez,Consumer,India,Asia,Apparel,Baseball Cap,3,17.59,0.0,2.83,Debit Card,Completed
ORD-102456,2023-10-21,CUST-00665,Chen Miller,Consumer,Germany,Europe,Beauty,Hair Dryer,4,35.25,0.2,20.26,Credit Card,Completed
ORD-100194,2024-12-09,CUST-00848,James Rodriguez,Consumer,Canada,North America,Apparel,Running Shoes,1,14.92,0.0,15.57,Debit Card,Completed
ORD-106680,2024-04-10,CUST-00451,Raj Khan,Small Business,United Kingdom,Europe,Electronics,Headphones,1,163.54,0.2,24.68,Debit Card,Completed
ORD-104681,2023-10-25,CUST-00568,John Nakamura,Consumer,Spain,Europe,Apparel,Wool Socks,3,24.1,0.0,12.8,Credit Card,Completed
ORD-101727,2023-09-28,CUST-00068,Elizabeth Nakamura,Consumer,United States,North America,Electronics,USB-C Cable,1,196.46,0.0,19.35,PayPal,Completed
ORD-104900,2023-10-25,CUST-00055,Grace Jones,Consumer,France,Europe,Home & Kitchen,Blender,1,130.55,0.0,18.24,Credit Card,Completed
ORD-102831,2024-04-21,CUST-00387,Robert Rodriguez,Small Business,United States,North America,Electronics,USB-C Cable,1,44.69,0.0,13.18,Credit Card,Completed
ORD-104193,2024-06-20,CUST-00159,,Consumer,Germany,Europe,Electronics,Bluetooth Speaker,1,169.37,0.0,5.21,Debit Card,Completed
ORD-104157,2024-02-20,CUST-00596,Hiro Costa,Consumer,India,Asia,Electronics,USB-C Cable,1,168.11,0.0,18.98,PayPal,Completed
ORD-102110,2024-06-23,CUST-00716,Robert Dubois,Consumer,Mexico,South America,Home & Kitchen,Cutting Board,1,74.1,0.0,10.67,Credit Card,Completed
ORD-102884,2023-06-26,CUST-00146,Sofia Jones,Consumer,Germany,Europe,Apparel,Wool Socks,2,19.25,0.05,19.21,Credit Card,Completed
ORD-100036,2024-03-07,CUST-00710,Wei Miller,Consumer,United States,North America,Apparel,T-Shirt,1,84.32,0.0,12.53,Credit Card,Completed
ORD-106158,2024-07-05,CUST-00532,Ana Rodriguez,Small Business,India,Asia,Home & Kitchen,Throw Pillow,1,90.72,0.0,9.34,Credit Card,Completed
ORD-104189,2023-10-07,CUST-00441,Linda Martinez,Consumer,United States,North America,Home & Kitchen,Coffee Maker,2,114.1,0.1,3.55,Credit Card,Completed
ORD-100632,2023-11-20,CUST-00371,Tom Brown,Consumer,Spain,Europe,Electronics,Laptop Stand,1,204.39,0.1,4.54,Bank Transfer,Completed
ORD-106660,2024-11-30,CUST-00344,Priya Rodriguez,Consumer,India,Asia,Apparel,Running Shoes,1,86.87,0.15,15.26,Bank Transfer,Completed
ORD-101722,2023-07-26,CUST-00553,Ines Jones,Small Business,United Kingdom,Europe,Office,Wireless Mouse,1,41.31,0.1,4.78,Credit Card,Completed
ORD-106556,2024-03-26,CUST-00464,Priya Smith,Enterprise,Singapore,Asia,Home & Kitchen,Blender,1,25.4,0.0,14.88,Bank Transfer,Completed
ORD-104478,2024-07-29,CUST-00287,Mia Davis,Consumer,India,Asia,Apparel,Wool Socks,1,79.04,0.05,2.25,PayPal,Completed
ORD-106003,2023-05-17,CUST-00147,Noah Tanaka,Small Business,AUSTRALIA,Oceania,Apparel,Baseball Cap,1,42.03,0.0,6.32,Debit Card,Completed
ORD-103342,2024-03-16,CUST-00377,Hiro Muller,Enterprise,Mexico,South America,Electronics,Bluetooth Speaker,1,101.23,0.15,6.0,Gift Card,Completed
ORD-106250,2024-05-15,CUST-00241,,Consumer,United States,North America,Home & Kitchen,Coffee Maker,1,39.69,0.0,21.62,Credit Card,Completed
ORD-100729,2024-07-23,CUST-00145,Chen Muller,Small Business,United States,North America,Beauty,Lip Balm,1,45.1,0.0,20.66,Credit Card,Cancelled
ORD-105246,2023-12-17,CUST-00111,Jennifer Tanaka,Consumer,India,Asia,Sports & Outdoors,Water Bottle,1,69.78,0.0,8.77,Credit Card,Completed
ORD-103278,2024-09-04,CUST-00648,Olivia Martinez,Consumer,United States,North America,Apparel,Baseball Cap,1,13.76,0.0,12.28,Bank Transfer,Completed
ORD-102608,2024-04-08,CUST-00471,Noah Costa,Enterprise,Singapore,Asia,Beauty,Hair Dryer,1,25.05,0.0,6.53,Debit Card,Completed
ORD-106734,2024-06-18,CUST-00463,Michael Tanaka,Consumer,Brazil,South America,Office,Wireless Mouse,1,23.95,0.1,24.2,Debit Card,Completed
ORD-101395,2024-06-08,CUST-00814,Yuki Khan,Enterprise,United States,North America,Sports & Outdoors,Resistance Bands,1,47.35,0.0,19.11,Credit Card,Completed
ORD-105703,2024-10-27,CUST-00456,Tom Kumar,Consumer,United States,North America,Office,Standing Desk Mat,1,10.33,0.2,6.13,Debit Card,Completed
ORD-103635,2024-01-11,CUST-00802,Liam Rossi,Small Business,Canada,North America,Home & Kitchen,Storage Bin,1,16.38,0.1,5.94,PayPal,Completed
ORD-101548,2024-04-26,CUST-00161,John Rodriguez,Consumer,France,Europe,Sports & Outdoors,Hiking Backpack,1,150.63,0.05,10.39,Debit Card,Completed
ORD-106517,2024-08-07,CUST-00703,Ahmed Tanaka,Enterprise,UNITED KINGDOM,Europe,Home & Kitchen,Storage Bin,1,14.38,0.05,,Debit Card,Completed
ORD-101057,2024-05-17,CUST-00797,Wei Tanaka,Consumer, spain ,Europe,Home & Kitchen,Throw Pillow,1,137.22,0.0,4.68,Debit Card,Completed
ORD-102754,2024-06-24,CUST-00575,Ines Tanaka,Consumer,Germany,Europe,Apparel,Wool Socks,1,42.61,0.0,23.73,Debit Card,Completed
ORD-102537,2024-04-13,CUST-00097,Ines Kumar,,Singapore,Asia,Home & Kitchen,Coffee Maker,1,146.21,0.0,24.33,PayPal,Completed
ORD-101543,2023-04-09,CUST-00185,Elizabeth Brown,Enterprise,United States,North America,Beauty,Face Serum,2,17.5,0.15,5.88,Debit Card,Completed
ORD-101153,2024-06-19,CUST-00761,Liam Rodriguez,Consumer,United Kingdom,Europe,Apparel,Running Shoes,1,83.78,0.0,23.83,Credit Card,Completed
ORD-104024,2024-08-15,CUST-00595,Hiro Garcia,Consumer,Canada,North America,Home & Kitchen,Throw Pillow,1,97.29,0.0,6.35,Credit Card,Completed
ORD-102970,2023-06-20,CUST-00297,Elizabeth Brown,Small Business,United Kingdom,Europe,Office,Pen Pack,1,20.41,0.0,7.35,PayPal,Completed
ORD-101059,2023-05-20,CUST-00436,Grace Dubois,Consumer,Italy,Europe,Apparel,Running Shoes,1,89.58,0.2,4.9,Credit Card,Returned
ORD-105795,2023-10-10,CUST-00064,Priya Garcia,Enterprise,Canada,North America,Office,Pen Pack,1,26.44,0.0,24.49,Credit Card,Returned
ORD-103548,2023-10-14,CUST-00745,Sofia Johnson,Enterprise,India,Asia,Apparel,Denim Jacket,2,73.18,0.1,7.42,PayPal,Completed
ORD-103567,2024-08-31,CUST-00384,Michael Rossi,Consumer,Australia,Oceania,Apparel,Baseball Cap,3,36.4,0.0,23.56,Credit Card,Completed
ORD-102092,2024-05-16,CUST-00489,Jennifer Muller,Small Business,Germany,Europe,Apparel,Baseball Cap,1,74.39,0.0,16.75,Bank Transfer,Completed
ORD-102171,2023-08-25,CUST-00031,Tom Brown,,Germany,Europe,Sports & Outdoors,Resistance Bands,1,61.95,0.0,9.62,Credit Card,Completed
ORD-102497,2024-06-16,CUST-00475,Sofia Martinez,Consumer,United Kingdom,Europe,Beauty,Face Serum,1,11.58,0.05,23.38,PayPal,Completed
ORD-100449,2023-10-11,CUST-00519,Ines Jones,Small Business,Brazil,South America,Apparel,Wool Socks,1,29.1,0.2,21.87,PayPal,Completed
ORD-100208,2023-12-08,CUST-00193,Ahmed Dubois,Consumer,Australia,Oceania,Sports & Outdoors,Yoga Mat,1,100.9,0.0,13.75,Credit Card,Completed
ORD-105885,2024-11-06,CUST-00641,Raj Martinez,Consumer,Germany,Europe,Electronics,Laptop Stand,1,135.89,0.0,18.7,Credit Card,Completed
ORD-104365,2024-03-02,CUST-00176,Emma Davis,Enterprise,Mexico,South America,Electronics,Laptop Stand,1,213.84,0.0,17.13,PayPal,Completed
ORD-100982,2024-06-26,CUST-00049,Noah Martinez,Consumer,United Kingdom,Europe,Electronics,Smartphone Case,1,109.07,0.0,7.79,Credit Card,Completed
ORD-101577,2024-10-25,CUST-00353,Ines Dubois,Consumer,France,Europe,Beauty,Shampoo,2,58.12,0.1,18.69,PayPal,Returned
ORD-104801,2023-10-12,CUST-00317,Olivia Rossi,Consumer,FRANCE,Europe,Electronics,Smartphone Case,2,45.14,0.0,21.24,Debit Card,Completed
ORD-102196,2023-06-27,CUST-00846,,Small Business,UNITED KINGDOM,Europe,Office,Desk Organizer,2,65.97,0.0,23.47,PayPal,Completed
ORD-106735,2024-06-08,CUST-00773,David Brown,Small Business,Germany,Europe,Sports & Outdoors,Yoga Mat,1,28.68,0.0,9.79,PayPal,Completed
ORD-102426,2023-08-31,CUST-00711,Michael Jones,Small Business,Mexico,South America,Beauty,Face Serum,1,11.98,0.0,3.85,PayPal,Completed
ORD-106197,2023-06-28,CUST-00512,Fatima Tanaka,Consumer,Germany,Europe,Beauty,Lip Balm,1,57.4,0.0,,PayPal,Cancelled
ORD-104569,2023-04-23,CUST-00192,Emma Khan,Small Business,Germany,Europe,Home & Kitchen,Cutting Board,1,135.48,0.0,4.03,Debit Card,Completed
ORD-105083,2023-07-21,CUST-00033,Lucas Davis,Consumer,United States,North America,Beauty,Hair Dryer,1,16.61,0.0,24.48,PayPal,Completed
ORD-106903,2024-11-26,CUST-00399,Tom Rossi,Consumer,Canada,North America,Electronics,USB-C Cable,1,147.84,0.0,9.71,Debit Card,Completed
ORD-106625,2024-11-03,CUST-00267,Mia Tanaka,Small Business,India,Asia,Sports & Outdoors,Resistance Bands,1,176.83,0.0,19.18,Credit Card,Completed
ORD-105479,2023-09-19,CUST-00600,Linda Garcia,Consumer,Spain,Europe,Electronics,Smartphone Case,2,27.11,0.0,7.88,Debit Card,Completed
ORD-100596,2024-06-13,CUST-00301,Mary Martinez,Consumer,United States,North America,Sports & Outdoors,Yoga Mat,1,96.53,0.2,5.24,Credit Card,Completed
ORD-105585,2024-01-30,CUST-00365,Mia Garcia,,France,Europe,Electronics,Bluetooth Speaker,2,36.34,0.0,11.38,Bank Transfer,Completed
ORD-103861,2024-08-20,CUST-00721,Mia Rodriguez,Consumer,United Kingdom,Europe,Apparel,Baseball Cap,2,61.19,0.05,15.61,PayPal,Returned
ORD-104867,2024-02-09,CUST-00354,Noah Tanaka,Enterprise,Spain,Europe,Home & Kitchen,Throw Pillow,1,76.65,0.05,9.06,Bank Transfer,Completed
ORD-105429,2024-05-07,CUST-00810,Mary Muller,Small Business,India,Asia,Beauty,Hair Dryer,1,30.15,0.0,13.08,Debit Card,Returned
ORD-106350,2024-06-03,CUST-00788,Tom Johnson,Consumer,Australia,Oceania,Electronics,Bluetooth Speaker,1,59.74,0.2,7.17,Credit Card,Completed
ORD-104777,2024-08-04,CUST-00401,James Zhang,Consumer,Singapore,Asia,Home & Kitchen,Storage Bin,-2,18.05,0.0,9.39,Credit Card,Completed
ORD-104635,2023-07-08,CUST-00788,Tom Johnson,Consumer,Australia,Oceania,Apparel,Baseball Cap,1,22.24,0.0,17.4,PayPal,Returned
ORD-103847,2024-01-24,CUST-00076,Tom Dubois,Consumer,France,Europe,Apparel,T-Shirt,-1,75.37,0.0,18.94,Credit Card,Returned
ORD-104467,2024-01-16,CUST-00186,Lucas Jones,Consumer,Germany,Europe,Electronics,USB-C Cable,1,201.99,0.0,20.75,Credit Card,Completed
ORD-105163,2024-09-17,CUST-00292,Grace Davis,Small Business,Australia,Oceania,Electronics,USB-C Cable,1,18.3,0.0,22.9,Credit Card,Completed
ORD-105111,2024-08-02,CUST-00108,Chen Martinez,Consumer,France,Europe,Beauty,Face Serum,1,27.12,0.0,3.42,PayPal,Completed
ORD-106979,2024-07-25,CUST-00281,Tom Smith,Small Business,France,Europe,Home & Kitchen,Blender,4,31.85,0.0,9.55,Gift Card,Completed
ORD-101179,2024-06-30,CUST-00377,Hiro Muller,Enterprise,Mexico,South America,Office,Desk Organizer,1,57.78,0.0,22.4,Credit Card,Completed
ORD-104376,2024-08-14,CUST-00401,James Zhang,,Singapore,Asia,Beauty,Sunscreen SPF50,1,18.54,0.1,11.37,Credit Card,Completed
ORD-101586,2024-09-22,CUST-00630,Ahmed Brown,Small Business,Germany,Europe,Electronics,Laptop Stand,2,200.36,0.0,24.95,Debit Card,Returned
ORD-106521,2024-06-01,CUST-00196,Lucas Silva,Consumer,United Kingdom,Europe,Electronics,Bluetooth Speaker,2,71.73,0.0,2.09,Credit Card,Completed
ORD-100724,2023-05-03,CUST-00174,Sofia Costa,Small Business,United Kingdom,Europe,Sports & Outdoors,Hiking Backpack,3,155.69,0.0,20.12,Credit Card,Completed
ORD-104451,2024-07-21,CUST-00781,Elizabeth Brown,Consumer,India,Asia,Home & Kitchen,Blender,1,28.89,0.15,22.53,Credit Card,Completed
ORD-104981,2024-09-05,CUST-00183,Chen Davis,Consumer,India,Asia,Sports & Outdoors,Water Bottle,1,26.2,0.0,20.93,Credit Card,Completed
ORD-104492,2023-06-01,CUST-00418,Ana Williams,Consumer,Spain,Europe,Apparel,T-Shirt,1,73.37,0.0,20.48,Credit Card,Completed
ORD-104519,2024-10-02,CUST-00336,Liam Davis,Enterprise,United Kingdom,Europe,Beauty,Sunscreen SPF50,1,41.33,0.0,13.67,Debit Card,Completed
ORD-103191,2024-02-15,CUST-00416,Wei Garcia,Small Business,United States,North America,Apparel,Running Shoes,1,32.22,0.05,11.07,Bank Transfer,Completed
ORD-102686,2024-08-30,CUST-00298,James Nakamura,Consumer,UNITED STATES,North America,Electronics,Smartphone Case,2,197.05,0.2,2.82,PayPal,Completed
ORD-103378,2024-07-24,CUST-00268,Fatima Miller,Enterprise,Spain,Europe,Electronics,Bluetooth Speaker,2,211.67,0.1,22.87,Credit Card,Completed
ORD-104145,2023-09-18,CUST-00475,Sofia Martinez,Consumer,United Kingdom,Europe,Electronics,USB-C Cable,1,66.7,0.0,9.41,Credit Card,Completed
ORD-101936,2024-07-04,CUST-00435,Ana Khan,Consumer,Singapore,Asia,Electronics,Laptop Stand,1,156.2,0.15,21.29,Bank Transfer,Completed
ORD-106666,2024-07-04,CUST-00155,Linda Dubois,Consumer,France,Europe,Sports & Outdoors,Hiking Backpack,2,47.23,0.0,23.61,PayPal,Completed
ORD-104610,2024-10-21,CUST-00788,Tom Johnson,Consumer,Australia,Oceania,Apparel,Baseball Cap,1,9.65,0.0,13.31,PayPal,Completed
ORD-102552,2024-09-14,CUST-00364,Lucas Martinez,Consumer,Italy,Europe,Apparel,Denim Jacket,1,64.14,0.0,9.21,Gift Card,Cancelled
ORD-101336,2024-07-03,CUST-00073,,Consumer,Brazil,South America,Electronics,Bluetooth Speaker,5,70.19,0.2,9.43,Credit Card,Completed
ORD-102143,2024-03-29,CUST-00552,David Williams,Enterprise,United Kingdom,Europe,Electronics,Laptop Stand,2,207.49,0.0,12.09,PayPal,Completed
ORD-105580,2024-01-31,CUST-00185,Elizabeth Brown,Enterprise,United States,North America,Electronics,Smartphone Case,2,143.99,0.0,20.67,Debit Card,Cancelled
ORD-104198,2024-07-31,CUST-00389,James Williams,Small Business,Singapore,Asia,Electronics,Smartphone Case,2,106.02,0.0,10.02,PayPal,Completed
ORD-103177,2023-12-31,CUST-00400,Liam Muller,Consumer,India,Asia,Electronics,Bluetooth Speaker,1,207.81,0.0,,Credit Card,Completed
ORD-102153,2024-11-05,CUST-00097,Ines Kumar,Consumer,Singapore,Asia,Home & Kitchen,Cutting Board,2,47.82,0.15,14.33,Credit Card,Completed
ORD-100767,2023-12-24,CUST-00414,Robert Williams,Small Business,United Kingdom,Europe,Apparel,Wool Socks,1,51.18,0.0,23.67,Credit Card,Completed
ORD-101747,2024-07-23,CUST-00226,Mary Davis,Enterprise,Germany,Europe,Home & Kitchen,Blender,1,71.22,0.0,3.77,Bank Transfer,Completed
ORD-106190,2024-07-27,CUST-00025,Grace Rossi,Consumer,United States,North America,Beauty,Shampoo,2,19.59,0.0,23.77,Debit Card,Completed
ORD-104014,2024-05-06,CUST-00299,Liam Khan,Enterprise,Canada,North America,Beauty,Hair Dryer,5,13.02,0.1,23.83,Debit Card,Completed
ORD-104875,2024-06-21,CUST-00720,Ana Garcia,Consumer,United States,North America,Office,Desk Organizer,1,26.87,0.0,11.03,Credit Card,Completed
ORD-100623,2023-07-24,CUST-00118,Jennifer Brown,Consumer,France,Europe,Apparel,Baseball Cap,1,50.69,0.1,16.35,Bank Transfer,Completed
ORD-103132,2024-04-15,CUST-00796,David Khan,Enterprise,United States,North America,Apparel,Running Shoes,1,16.4,0.0,15.85,PayPal,Completed
ORD-103405,2024-10-29,CUST-00352,Ana Williams,Consumer,Italy,Europe,Electronics,Headphones,1,67.04,0.0,6.54,Credit Card,Cancelled
ORD-105526,2023-12-12,CUST-00471,Noah Costa,Enterprise,Singapore,Asia,Electronics,Bluetooth Speaker,1,182.56,0.1,10.51,Credit Card,Completed
ORD-102163,2024-09-24,CUST-00098,Patricia Johnson,Enterprise,United States,North America,Apparel,Denim Jacket,1,47.16,0.0,7.0,PayPal,Completed
ORD-106349,2024-10-06,CUST-00568,John Nakamura,Consumer,Spain,Europe,Electronics,Headphones,1,89.43,0.1,8.93,Credit Card,Completed
ORD-103064,2023-06-15,CUST-00299,Liam Khan,Enterprise,Canada,North America,Office,Notebook Set,3,67.71,0.2,21.11,Bank Transfer,Completed
ORD-102191,2024-11-13,CUST-00172,Robert Garcia,Consumer,United States,North America,Beauty,Lip Balm,2,47.65,0.15,18.92,Credit Card,Completed
ORD-105243,2024-08-29,CUST-00153,Priya Nakamura,Consumer,Japan,Asia,Sports & Outdoors,Hiking Backpack,2,42.53,0.1,15.73,PayPal,Completed
ORD-101719,2023-06-14,CUST-00042,Ana Rodriguez,Consumer,Germany,Europe,Electronics,Bluetooth Speaker,3,137.71,0.0,16.96,PayPal,Returned
ORD-104507,2023-10-23,CUST-00331,Mia Silva,Small Business,Japan,Asia,Electronics,USB-C Cable,1,26.02,0.0,6.5,Credit Card,Completed
ORD-103116,2024-05-04,CUST-00736,Patricia Zhang,Small Business,Germany,Europe,Home & Kitchen,Coffee Maker,2,40.58,0.15,10.05,Credit Card,Completed
ORD-103619,2024-06-01,CUST-00294,Olivia Zhang,Consumer,Spain,Europe,Electronics,Headphones,1,219.15,0.0,20.11,Credit Card,Completed
ORD-103152,2024-04-27,CUST-00651,Emma Nakamura,Consumer,India,Asia,Home & Kitchen,Cutting Board,1,111.65,0.2,21.39,Credit Card,Completed
ORD-100542,2023-08-07,CUST-00178,John Tanaka,Consumer,Italy,Europe,Electronics,Headphones,1,72.96,0.05,6.29,Bank Transfer,Completed
ORD-102958,2023-07-06,CUST-00664,Noah Brown,Consumer,Italy,Europe,Electronics,Bluetooth Speaker,3,63.84,0.0,24.61,PayPal,Completed
ORD-104462,2024-03-21,CUST-00799,Elizabeth Zhang,Enterprise,Canada,North America,Apparel,Baseball Cap,1,65.86,0.2,10.71,PayPal,Completed
ORD-100513,2023-10-01,CUST-00384,Michael Rossi,Consumer,Australia,Oceania,Apparel,T-Shirt,1,44.84,0.05,23.43,Credit Card,Completed
ORD-103775,2024-06-09,CUST-00247,Liam Davis,Consumer,United States,North America,Electronics,Bluetooth Speaker,4,150.05,0.0,20.46,PayPal,Completed
ORD-104471,2024-09-26,CUST-00365,Mia Garcia,Consumer,France,Europe,Beauty,Hair Dryer,3,26.8,0.0,6.38,Credit Card,Completed
ORD-101086,2024-09-10,CUST-00685,Robert Martinez,Small Business,United Kingdom,Europe,Apparel,Running Shoes,2,46.36,0.0,11.53,Credit Card,Completed
ORD-106490,2024-10-10,CUST-00083,Ana Silva,Consumer,United Kingdom,Europe,Home & Kitchen,Blender,1,69.59,0.0,15.88,Credit Card,Completed
ORD-105234,2024-09-17,CUST-00666,Ana Khan,Consumer,United Kingdom,Europe,Electronics,Laptop Stand,2,157.78,0.05,24.29,PayPal,Completed
ORD-103688,2024-07-16,CUST-00590,Robert Johnson,Consumer,SINGAPORE,Asia,Beauty,Face Serum,1,8.91,0.1,17.4,PayPal,Completed
ORD-105619,2024-04-15,CUST-00489,Jennifer Muller,Small Business,Germany,Europe,Electronics,Bluetooth Speaker,1,176.83,0.0,12.14,PayPal,Completed
ORD-103563,2023-09-06,CUST-00433,Emma Johnson,Consumer,India,Asia,Sports & Outdoors,Yoga Mat,2,98.41,0.0,9.02,Bank Transfer,Completed
ORD-101456,2024-04-21,CUST-00119,Liam Martinez,Consumer,India,Asia,Sports & Outdoors,Yoga Mat,1,112.76,0.0,19.42,Gift Card,Completed
ORD-102382,2023-12-08,CUST-00314,Carlos Williams,Consumer,Singapore,Asia,Apparel,Baseball Cap,3,46.02,0.05,9.7,Debit Card,Completed
ORD-100917,2024-05-18,CUST-00123,Ines Khan,Small Business,United Kingdom,Europe,Electronics,Headphones,4,77.82,0.1,4.34,Credit Card,Completed
ORD-102027,2024-04-25,CUST-00429,Priya Dubois,Enterprise,United Kingdom,Europe,Home & Kitchen,Storage Bin,4,56.25,0.0,17.63,PayPal,Returned
ORD-105344,2023-05-31,CUST-00097,Ines Kumar,Consumer,Singapore,Asia,Electronics,Smartphone Case,2,77.05,0.1,24.85,Credit Card,Completed
ORD-102585,2024-04-21,CUST-00367,David Rossi,Consumer,United States,North America,Apparel,Baseball Cap,1,52.39,0.0,16.18,Debit Card,Completed
ORD-105218,2023-04-19,CUST-00447,Tom Rossi,Consumer,United States,North America,Apparel,Running Shoes,1,26.46,0.1,10.44,Credit Card,Completed
ORD-103228,2023-10-16,CUST-00813,Mary Zhang,Small Business,Germany,Europe,Sports & Outdoors,Hiking Backpack,2,108.29,0.0,24.16,Credit Card,Completed
ORD-106331,2024-02-11,CUST-00614,Noah Tanaka,Consumer,France,Europe,Office,Notebook Set,3,25.42,0.0,5.37,Credit Card,Completed
ORD-104377,2024-06-23,CUST-00741,,Consumer, united kingdom ,Europe,Apparel,Running Shoes,5,62.38,0.0,24.44,Debit Card,Completed
ORD-103616,2024-05-31,CUST-00341,David Rossi,Small Business,Mexico,South America,Sports & Outdoors,Resistance Bands,2,125.42,0.0,16.14,Credit Card,Completed
ORD-106902,2024-08-12,CUST-00353,Ines Dubois,Consumer,France,Europe,Electronics,Laptop Stand,1,168.31,0.0,5.98,Debit Card,Returned
ORD-101115,2024-11-20,CUST-00604,Sofia Johnson,Consumer,Germany,Europe,Home & Kitchen,Blender,1,75.65,0.0,15.88,Debit Card,Completed
ORD-105380,2024-10-09,CUST-00198,Yuki Rodriguez,Consumer,SPAIN,Europe,Sports & Outdoors,Camping Tent,1,40.06,0.15,5.85,Credit Card,Completed
ORD-100799,2023-10-10,CUST-00680,Elizabeth Smith,Small Business, india ,Asia,Electronics,USB-C Cable,1,135.9,0.0,16.31,PayPal,Completed
ORD-105864,2024-02-19,CUST-00332,Fatima Jones,Enterprise,Germany,Europe,Beauty,Lip Balm,1,38.52,0.0,13.04,Bank Transfer,Completed
ORD-102863,2024-09-06,CUST-00760,Carlos Jones,Small Business,Italy,Europe,Home & Kitchen,Coffee Maker,1,110.0,0.05,23.33,Credit Card,Completed
ORD-105265,2024-01-20,CUST-00619,Liam Costa,Enterprise,Canada,North America,Electronics,Headphones,1,40.25,0.0,13.97,Credit Card,Completed
ORD-104374,2023-09-02,CUST-00102,Elizabeth Kumar,Small Business,Germany,Europe,Electronics,USB-C Cable,1,88.61,0.0,24.04,Gift Card,Completed
ORD-103363,2024-08-02,CUST-00493,Tom Rodriguez,Enterprise,Germany,Europe,Home & Kitchen,Coffee Maker,1,70.38,0.0,11.18,PayPal,Completed
ORD-104680,2024-05-02,CUST-00348,Elizabeth Muller,Small Business,Italy,Europe,Home & Kitchen,Blender,1,43.45,0.05,18.12,Bank Transfer,Completed
ORD-101756,2024-06-28,CUST-00578,Raj Johnson,Small Business,CANADA,North America,Beauty,Shampoo,1,11.46,0.0,19.85,PayPal,Completed
ORD-105139,2024-11-13,CUST-00100,Elizabeth Costa,Small Business,Italy,Europe,Sports & Outdoors,Resistance Bands,3,138.67,0.0,13.94,PayPal,Returned
ORD-103295,2024-07-07,CUST-00698,Patricia Rossi,Consumer,United States,North America,Apparel,Denim Jacket,2,47.3,0.1,6.35,Credit Card,Completed
ORD-101413,2023-10-05,CUST-00236,Mary Zhang,Small Business,Japan,Asia,Home & Kitchen,Coffee Maker,1,141.77,0.0,,Credit Card,Completed
ORD-103131,2023-06-25,CUST-00263,Ana Costa,Consumer,Japan,Asia,Home & Kitchen,Cutting Board,2,112.27,0.0,8.43,Credit Card,Completed
ORD-106222,2023-11-29,CUST-00467,Raj Zhang,Consumer,Germany,Europe,Apparel,Denim Jacket,1,71.18,0.0,8.61,Credit Card,Completed
ORD-106206,2023-12-30,CUST-00773,David Brown,Small Business,Germany,Europe,Sports & Outdoors,Resistance Bands,1,84.34,0.0,2.47,Credit Card,Completed
ORD-101311,2024-01-05,CUST-00101,Lucas Khan,,France,Europe,Apparel,Wool Socks,1,39.68,0.0,2.26,Gift Card,Cancelled
ORD-101675,2023-11-29,CUST-00047,Liam Khan,Consumer,Germany,Europe,Office,Pen Pack,1,17.48,0.0,20.74,Debit Card,Cancelled
ORD-103358,2024-01-25,CUST-00710,Wei Miller,Consumer,United States,North America,Sports & Outdoors,Yoga Mat,2,53.07,0.15,7.15,Credit Card,Completed
ORD-104135,2024-05-03,CUST-00310,Patricia Rossi,Consumer,India,Asia,Apparel,T-Shirt,2,21.39,0.0,11.67,Bank Transfer,Completed
ORD-100228,2023-11-06,CUST-00030,Yuki Martinez,Consumer, germany ,Europe,Office,Desk Organizer,1,32.68,0.0,11.14,PayPal,Returned
ORD-103625,2024-06-20,CUST-00409,Hiro Brown,Enterprise,Germany,Europe,Electronics,Laptop Stand,1,40.89,0.0,23.44,Debit Card,Completed
ORD-103350,2023-09-19,CUST-00641,Raj Martinez,Consumer,GERMANY,Europe,Apparel,Baseball Cap,1,71.69,0.1,18.3,Debit Card,Completed
ORD-101298,2024-03-13,CUST-00198,Yuki Rodriguez,Consumer,Spain,Europe,Office,Pen Pack,1,4.95,0.05,10.28,Bank Transfer,Completed
ORD-106462,2024-07-05,CUST-00201,Raj Martinez,Small Business, brazil ,South America,Sports & Outdoors,Hiking Backpack,1,37.21,0.0,8.67,Debit Card,Completed
ORD-106691,2024-10-19,CUST-00470,Jennifer Johnson,Small Business,India,Asia,Beauty,Lip Balm,2,9.84,0.0,24.26,Bank Transfer,Completed
ORD-103544,2024-01-22,CUST-00263,Ana Costa,Consumer,Japan,Asia,Home & Kitchen,Blender,3,100.1,0.0,19.06,PayPal,Completed
ORD-106516,2024-03-15,CUST-00717,Sofia Khan,Consumer,Italy,Europe,Apparel,T-Shirt,1,43.49,0.0,18.63,Debit Card,Returned
ORD-101380,2023-06-08,CUST-00356,Carlos Nakamura,Consumer,India,Asia,Office,Notebook Set,2,39.43,0.05,10.1,Debit Card,Cancelled
ORD-104421,2024-06-07,CUST-00489,Jennifer Muller,Small Business,Germany,Europe,Electronics,Smartphone Case,1,19.3,0.0,24.65,Credit Card,Completed
ORD-102076,2024-04-27,CUST-00462,,Enterprise,United States,North America,Home & Kitchen,Coffee Maker,1,14.5,0.0,7.12,Credit Card,Completed
ORD-105936,2024-07-29,CUST-00359,Chen Rossi,Consumer,France,Europe,Office,Notebook Set,1,24.04,0.1,8.12,Bank Transfer,Completed
ORD-102306,2024-02-25,CUST-00288,Mia Tanaka,Small Business,France,Europe,Home & Kitchen,Storage Bin,4,75.9,0.0,24.07,Credit Card,Completed
ORD-103580,2023-04-22,CUST-00172,Robert Garcia,Consumer,United States,North America,Apparel,Wool Socks,1,35.08,0.0,24.55,Debit Card,Completed
ORD-104167,2023-08-09,CUST-00607,Noah Martinez,Small Business,Brazil,South America,Sports & Outdoors,Camping Tent,1,55.91,0.0,9.03,Credit Card,Completed
ORD-104824,2023-11-13,CUST-00043,Jennifer Miller,Consumer,United States,North America,Beauty,Face Serum,2,24.17,0.0,19.41,PayPal,Completed
ORD-106909,2024-02-07,CUST-00519,Ines Jones,Small Business,Brazil,South America,Home & Kitchen,Blender,2,76.29,0.0,7.66,Gift Card,Completed
ORD-105551,2024-07-17,CUST-00466,Tom Brown,Consumer,Brazil,South America,Sports & Outdoors,Camping Tent,5,50.98,0.0,13.55,Gift Card,Completed
ORD-102538,2024-07-07,CUST-00299,Liam Khan,,Canada,North America,Apparel,T-Shirt,2,59.19,0.0,21.82,Debit Card,Completed
ORD-105729,2024-05-13,CUST-00240,Elizabeth Williams,Small Business,Brazil,South America,Electronics,Smartphone Case,3,85.64,0.0,14.39,Debit Card,Completed
ORD-106796,2024-06-28,CUST-00617,Elizabeth Rodriguez,Small Business,Canada,North America,Electronics,Headphones,1,29.94,0.1,15.12,Debit Card,Completed
ORD-104297,2024-05-06,CUST-00041,,Small Business,United States,North America,Sports & Outdoors,Resistance Bands,1,62.0,0.0,16.5,PayPal,Completed
ORD-103740,2024-06-07,CUST-00698,Patricia Rossi,Consumer,United States,North America,Home & Kitchen,Coffee Maker,1,122.0,0.05,6.61,PayPal,Completed
ORD-102700,2024-08-24,CUST-00097,,Consumer,Singapore,Asia,Sports & Outdoors,Camping Tent,1,81.58,0.0,24.44,Credit Card,Completed
ORD-105088,2024-09-04,CUST-00805,Liam Rodriguez,Consumer,Germany,Europe,Sports & Outdoors,Resistance Bands,1,133.97,0.0,18.06,Debit Card,Completed
ORD-103016,2023-09-15,CUST-00786,David Khan,Consumer,Germany,Europe,Sports & Outdoors,Yoga Mat,2,102.18,0.0,8.57,Credit Card,Completed
ORD-100314,2024-09-04,CUST-00331,Mia Silva,Small Business,Japan,Asia,Home & Kitchen,Storage Bin,-5,30.35,0.0,15.74,PayPal,Completed
ORD-105697,2023-11-03,CUST-00567,Sofia Nakamura,,Brazil,South America,Home & Kitchen,Throw Pillow,1,88.61,0.0,21.63,Credit Card,Completed
ORD-105116,2023-06-19,CUST-00826,Elizabeth Johnson,Consumer,UNITED STATES,North America,Office,Notebook Set,2,39.8,0.15,20.64,PayPal,Completed
ORD-100756,2024-03-01,CUST-00013,Sofia Williams,,Canada,North America,Sports & Outdoors,Camping Tent,1,128.73,0.05,13.66,Credit Card,Completed
ORD-106140,2023-08-16,CUST-00026,Chen Garcia,Consumer,Italy,Europe,Sports & Outdoors,Hiking Backpack,1,86.32,0.0,14.43,Credit Card,Completed
ORD-106874,2024-06-03,CUST-00541,Michael Jones,Consumer,Japan,Asia,Home & Kitchen,Blender,1,100.73,0.1,5.94,Bank Transfer,Completed
ORD-103960,2023-12-23,CUST-00505,Priya Silva,Small Business,Australia,Oceania,Electronics,USB-C Cable,1,59.06,0.1,5.51,Credit Card,Completed
ORD-104989,2023-12-16,CUST-00783,Grace Rossi,Small Business,United States,North America,Office,Wireless Mouse,1,23.23,0.05,20.67,PayPal,Completed
ORD-105389,2024-04-18,CUST-00726,Lucas Zhang,Consumer,Singapore,Asia,Beauty,Hair Dryer,2,27.46,0.2,5.53,PayPal,Completed
ORD-105262,2024-06-18,CUST-00611,Noah Martinez,Enterprise,Germany,Europe,Apparel,Baseball Cap,1,31.82,0.0,21.68,Bank Transfer,Completed
ORD-100127,2023-07-26,CUST-00077,John Silva,Consumer,United States,North America,Home & Kitchen,Coffee Maker,1,143.32,0.0,2.89,PayPal,Completed
ORD-103434,2023-08-22,CUST-00229,Tom Silva,Consumer, germany ,Europe,Apparel,Wool Socks,1,71.2,0.0,5.35,Credit Card,Completed
ORD-104077,2023-03-14,CUST-00249,Patricia Kumar,Consumer,United Kingdom,Europe,Apparel,Running Shoes,1,47.58,0.2,19.51,Credit Card,Completed
ORD-103018,2024-07-05,CUST-00802,Liam Rossi,Small Business, canada ,North America,Apparel,Denim Jacket,1,84.49,0.0,21.75,PayPal,Cancelled
ORD-104459,2023-10-06,CUST-00544,Noah Rodriguez,Consumer,Australia,Oceania,Electronics,USB-C Cable,2,99.99,0.0,9.2,Debit Card,Completed
ORD-105747,2024-06-04,CUST-00084,Ines Rodriguez,Small Business,Australia,Oceania,Sports & Outdoors,Hiking Backpack,2,32.18,0.0,11.42,Credit Card,Completed
ORD-102223,2024-05-31,CUST-00731,Tom Williams,Consumer,India,Asia,Beauty,Hair Dryer,1,38.18,0.05,2.74,Credit Card,Completed
ORD-103039,2024-08-03,CUST-00605,Fatima Tanaka,Consumer,Singapore,Asia,Apparel,Wool Socks,1,32.77,0.05,16.96,Debit Card,Completed
ORD-102671,2024-04-20,CUST-00524,Liam Martinez,Consumer,France,Europe,Electronics,USB-C Cable,1,22.93,0.1,15.21,Credit Card,Completed
ORD-101273,2024-04-04,CUST-00036,Linda Tanaka,Consumer, canada ,North America,Apparel,Running Shoes,2,66.31,0.0,2.9,Debit Card,Completed
ORD-100286,2024-06-05,CUST-00022,Robert Khan,Small Business,France,Europe,Sports & Outdoors,Hiking Backpack,-1,19.14,0.0,9.06,PayPal,Completed
ORD-102144,2024-05-31,CUST-00457,Olivia Brown,Consumer,United States,North America,Office,Pen Pack,5,51.97,0.0,17.6,Debit Card,Completed
ORD-101229,2023-11-14,CUST-00823,Raj Costa,Consumer, spain ,Europe,Electronics,Bluetooth Speaker,1,149.27,0.2,11.09,Credit Card,Returned
ORD-103417,2024-07-11,CUST-00512,Fatima Tanaka,Consumer,Germany,Europe,Electronics,Laptop Stand,1,63.0,0.0,24.14,Credit Card,Completed
ORD-103193,2023-03-12,CUST-00292,Grace Davis,Small Business, australia ,Oceania,Sports & Outdoors,Resistance Bands,1,132.04,0.0,22.86,Debit Card,Completed
ORD-104685,2024-10-26,CUST-00292,Grace Davis,Small Business,Australia,Oceania,Beauty,Lip Balm,3,28.22,0.2,14.28,Debit Card,Completed
ORD-102013,2024-07-07,CUST-00781,Elizabeth Brown,Consumer,India,Asia,Home & Kitchen,Coffee Maker,1,55.58,0.0,23.2,Gift Card,Cancelled
ORD-106184,2024-03-27,CUST-00028,Ahmed Rodriguez,Small Business,United States,North America,Electronics,Headphones,1,61.37,0.15,9.0,Debit Card,Completed
ORD-103095,2023-05-29,CUST-00526,,Small Business,Singapore,Asia,Electronics,Smartphone Case,1,135.48,0.1,11.31,Debit Card,Completed
ORD-100172,2023-08-02,CUST-00571,Emma Khan,Consumer,Mexico,South America,Sports & Outdoors,Yoga Mat,1,152.11,0.0,9.43,PayPal,Completed
ORD-103384,2023-07-27,CUST-00106,Ana Miller,Consumer,India,Asia,Office,Notebook Set,1,6.77,0.0,11.77,Bank Transfer,Completed
ORD-103601,2024-09-08,CUST-00138,John Muller,Consumer,Australia,Oceania,Apparel,Wool Socks,1,22.11,0.0,9.18,Credit Card,Completed
ORD-100220,2024-08-14,CUST-00462,Priya Nakamura,Enterprise,United States,North America,Sports & Outdoors,Camping Tent,1,134.67,0.05,17.67,Credit Card,Completed
ORD-105108,2024-08-01,CUST-00446,Hiro Rossi,Consumer, spain ,Europe,Sports & Outdoors,Resistance Bands,2,165.45,0.0,21.39,Credit Card,Returned
ORD-104172,2023-10-07,CUST-00670,David Williams,Consumer, india ,Asia,Electronics,Smartphone Case,1,207.59,0.1,21.36,Debit Card,Completed
ORD-105868,2024-02-09,CUST-00831,Ines Nakamura,,United States,North America,Beauty,Face Serum,1,8.52,0.0,20.19,Credit Card,Returned
ORD-100251,2023-11-04,CUST-00482,Ines Johnson,Consumer,France,Europe,Electronics,Bluetooth Speaker,2,109.84,0.05,11.4,PayPal,Completed
ORD-101668,2023-08-14,CUST-00694,Jennifer Smith,Consumer,United States,North America,Electronics,Bluetooth Speaker,-3,195.73,0.0,16.75,Credit Card,Completed
ORD-103513,2024-03-03,CUST-00198,Yuki Rodriguez,Consumer,Spain,Europe,Home & Kitchen,Blender,1,129.09,0.0,24.92,Credit Card,Completed
ORD-102090,2024-06-10,CUST-00619,Liam Costa,Enterprise,Canada,North America,Beauty,Lip Balm,1,7.04,0.1,18.0,Credit Card,Completed
ORD-100049,2024-06-08,CUST-00633,Linda Muller,Consumer,United States,North America,Electronics,Headphones,1,64.47,0.0,5.69,PayPal,Completed
ORD-100112,2024-09-17,CUST-00208,Tom Martinez,Enterprise,Germany,Europe,Apparel,Baseball Cap,1,36.21,0.0,20.38,PayPal,Returned
ORD-103932,2024-08-24,CUST-00402,Priya Tanaka,Consumer,United States,North America,Office,Pen Pack,1,10.84,0.0,16.13,PayPal,Completed
ORD-103842,2024-09-02,CUST-00341,David Rossi,Small Business,Mexico,South America,Apparel,Wool Socks,2,31.04,0.05,22.99,Credit Card,Returned
ORD-106363,2023-02-08,CUST-00499,Ines Rodriguez,Small Business,Australia,Oceania,Office,Desk Organizer,1,29.57,0.0,19.33,Credit Card,Completed
ORD-101465,2024-07-01,CUST-00651,Emma Nakamura,Consumer,India,Asia,Office,Desk Organizer,1,69.52,0.0,5.92,Debit Card,Completed
ORD-103339,2024-08-10,CUST-00779,Ana Rodriguez,Small Business,Australia,Oceania,Office,Standing Desk Mat,1,59.37,0.0,6.97,Bank Transfer,Completed
ORD-100613,2024-09-24,CUST-00758,Ines Silva,Small Business,Singapore,Asia,Beauty,Sunscreen SPF50,1,17.82,0.05,23.61,Credit Card,Completed
ORD-105903,2023-12-10,CUST-00434,Grace Davis,Consumer, france ,Europe,Electronics,Headphones,1,93.4,0.0,3.96,Credit Card,Completed
ORD-102115,2024-08-01,CUST-00149,James Garcia,Small Business,MEXICO,South America,Beauty,Lip Balm,1,9.71,0.1,24.93,PayPal,Completed
ORD-105026,2023-08-20,CUST-00788,Tom Johnson,Consumer,Australia,Oceania,Apparel,T-Shirt,2,52.44,0.0,22.63,PayPal,Completed
ORD-103208,2024-05-14,CUST-00841,Wei Brown,Consumer,United Kingdom,Europe,Electronics,Headphones,1,218.58,0.0,8.6,Credit Card,Completed
ORD-100673,2024-03-07,CUST-00560,,Small Business,France,Europe,Apparel,Denim Jacket,1,12.15,0.2,17.23,Credit Card,Completed
ORD-100882,2024-11-15,CUST-00758,Ines Silva,Small Business,Singapore,Asia,Electronics,USB-C Cable,1,178.13,0.0,16.61,Credit Card,Completed
ORD-106044,2024-09-18,CUST-00575,Ines Tanaka,Consumer,Germany,Europe,Office,Desk Organizer,1,43.06,0.0,22.53,Credit Card,Completed
ORD-103180,2024-12-02,CUST-00548,,Consumer,United States,North America,Electronics,Smartphone Case,2,26.05,0.0,6.23,Gift Card,Completed
ORD-105889,2023-11-17,CUST-00620,,Consumer,Canada,North America,Sports & Outdoors,Camping Tent,2,41.44,0.0,18.38,Debit Card,Completed
ORD-104022,2023-03-10,CUST-00479,Chen Jones,Enterprise,United States,North America,Apparel,Baseball Cap,1,86.88,0.05,18.71,Credit Card,Completed
ORD-103422,2024-09-25,CUST-00118,Jennifer Brown,Consumer,France,Europe,Electronics,USB-C Cable,2,23.63,0.05,7.72,PayPal,Completed
ORD-106297,2024-06-04,CUST-00767,Raj Smith,Small Business,Brazil,South America,Home & Kitchen,Storage Bin,2,66.93,0.1,23.77,Bank Transfer,Completed
ORD-104267,2024-05-19,CUST-00599,Mia Dubois,Consumer,France,Europe,Home & Kitchen,Cutting Board,1,145.37,0.15,,Bank Transfer,Completed
ORD-104735,2024-07-19,CUST-00691,Carlos Rossi,Consumer,Canada,North America,Home & Kitchen,Coffee Maker,1,39.57,0.0,12.51,Gift Card,Completed
ORD-102085,2023-12-30,CUST-00400,Liam Muller,,India,Asia,Office,Pen Pack,3,25.47,0.1,21.87,Credit Card,Completed
ORD-101309,2024-01-26,CUST-00640,John Tanaka,Consumer,Brazil,South America,Apparel,Baseball Cap,1,60.14,0.0,24.22,Credit Card,Completed
ORD-101603,2024-05-08,CUST-00487,Lucas Dubois,Consumer,Japan,Asia,Sports & Outdoors,Yoga Mat,3,174.7,0.0,24.55,Credit Card,Completed
ORD-103782,2023-12-18,CUST-00199,,Consumer,India,Asia,Home & Kitchen,Cutting Board,1,74.02,0.0,,Credit Card,Completed
ORD-105131,2024-05-16,CUST-00563,Elizabeth Kumar,Consumer,France,Europe,Electronics,Laptop Stand,1,176.44,0.0,18.87,Bank Transfer,Returned
ORD-105391,2024-08-12,CUST-00184,Mary Rodriguez,Consumer,United States,North America,Electronics,Smartphone Case,2,73.32,0.0,4.7,Bank Transfer,Completed
ORD-102685,2024-05-06,CUST-00655,Mia Zhang,Consumer,India,Asia,Office,Wireless Mouse,1,53.26,0.1,13.86,Debit Card,Completed
ORD-104550,2024-09-14,CUST-00417,Fatima Rossi,Enterprise,United States,North America,Office,Notebook Set,1,29.27,0.0,5.72,PayPal,Completed
ORD-102938,2024-06-09,CUST-00194,Priya Miller,Consumer,France,Europe,Apparel,Denim Jacket,1,64.44,0.0,21.02,PayPal,Completed
ORD-102909,2024-11-05,CUST-00816,Chen Zhang,Consumer,United Kingdom,Europe,Electronics,Bluetooth Speaker,1,131.43,0.0,19.51,PayPal,Completed
ORD-101441,2024-06-06,CUST-00835,Hiro Nakamura,Small Business,Canada,North America,Office,Notebook Set,1,28.73,0.0,15.13,PayPal,Completed
ORD-101338,2024-08-20,CUST-00376,Emma Zhang,Consumer,India,Asia,Home & Kitchen,Storage Bin,1,112.34,0.0,12.37,Bank Transfer,Cancelled
ORD-106103,2024-08-26,CUST-00402,Priya Tanaka,Consumer,United States,North America,Electronics,USB-C Cable,2,106.08,0.0,3.17,Bank Transfer,Completed
ORD-100960,2024-06-13,CUST-00714,Ana Costa,Enterprise,Germany,Europe,Sports & Outdoors,Yoga Mat,1,21.22,0.15,13.54,Credit Card,Completed
ORD-102969,2024-06-25,CUST-00323,Chen Nakamura,Consumer,France,Europe,Apparel,Baseball Cap,1,71.06,0.2,21.5,Gift Card,Completed
ORD-106454,2024-09-08,CUST-00802,Liam Rossi,Small Business,Canada,North America,Apparel,Wool Socks,1,80.9,0.0,21.35,Gift Card,Completed
ORD-105869,2023-11-13,CUST-00229,Tom Silva,Consumer,Germany,Europe,Home & Kitchen,Throw Pillow,1,112.68,0.1,24.4,PayPal,Completed
ORD-104064,2024-07-13,CUST-00619,,Enterprise,Canada,North America,Apparel,Running Shoes,2,22.57,0.0,7.67,Gift Card,Completed
ORD-100883,2024-06-20,CUST-00241,Hiro Kumar,Consumer,United States,North America,Home & Kitchen,Throw Pillow,4,73.0,0.0,22.71,Gift Card,Completed
ORD-100568,2023-11-08,CUST-00831,,Consumer,United States,North America,Sports & Outdoors,Yoga Mat,2,144.88,0.0,14.67,PayPal,Cancelled
ORD-103549,2024-12-22,CUST-00470,,Small Business,India,Asia,Home & Kitchen,Blender,1,19.99,0.0,10.91,Credit Card,Completed
ORD-104291,2024-06-09,CUST-00254,Liam Martinez,Small Business,United States,North America,Home & Kitchen,Coffee Maker,1,133.16,0.0,18.17,PayPal,Completed
ORD-106944,2024-05-08,CUST-00456,,Consumer,United States,North America,Sports & Outdoors,Water Bottle,1,37.65,0.0,4.14,Bank Transfer,Completed
ORD-103007,2024-07-04,CUST-00437,Grace Johnson,Enterprise, united kingdom ,Europe,Home & Kitchen,Cutting Board,2,10.08,0.0,7.81,Credit Card,Completed
ORD-102869,2023-09-12,CUST-00233,Grace Tanaka,,Italy,Europe,Sports & Outdoors,Water Bottle,2,107.26,0.1,15.53,Credit Card,Completed
ORD-100345,2023-07-11,CUST-00655,Mia Zhang,Consumer,India,Asia,Apparel,Denim Jacket,3,22.98,0.0,15.59,Credit Card,Completed
ORD-102317,2024-05-08,CUST-00388,Wei Muller,Small Business,United States,North America,Apparel,Running Shoes,1,58.86,0.0,10.02,Gift Card,Completed
ORD-105216,2024-08-01,CUST-00601,Sofia Silva,,United States,North America,Home & Kitchen,Cutting Board,1,123.31,0.0,8.52,Credit Card,Completed
ORD-100573,2024-05-26,CUST-00181,Ines Nakamura,Consumer,Singapore,Asia,Electronics,Headphones,1,123.29,0.0,11.83,PayPal,Completed
ORD-104192,2023-05-08,CUST-00794,Sofia Muller,Small Business,Canada,North America,Beauty,Hair Dryer,2,41.28,0.0,22.92,Bank Transfer,Completed
ORD-104061,2024-07-01,CUST-00448,Priya Costa,Consumer,France,Europe,Electronics,Bluetooth Speaker,1,194.32,0.0,10.99,Credit Card,Cancelled
ORD-102475,2024-02-13,CUST-00407,Mia Muller,Consumer,United States,North America,Home & Kitchen,Blender,2,148.9,0.0,19.31,Credit Card,Returned
ORD-101988,2024-02-22,CUST-00045,Grace Zhang,Consumer,Spain,Europe,Apparel,Baseball Cap,2,78.73,0.0,2.52,Gift Card,Completed
ORD-106040,2024-08-21,CUST-00127,Ana Davis,Small Business,France,Europe,Home & Kitchen,Cutting Board,1,18.3,0.0,24.25,Credit Card,Completed
ORD-105455,2024-05-07,CUST-00647,Yuki Jones,Consumer,Canada,North America,Home & Kitchen,Blender,1,57.22,0.0,2.92,Debit Card,Completed
ORD-106976,2024-04-27,CUST-00703,,Enterprise,United Kingdom,Europe,Office,Notebook Set,1,21.13,0.0,8.13,Debit Card,Returned
ORD-103562,2023-11-24,CUST-00136,Mary Rossi,Consumer,Singapore,Asia,Office,Desk Organizer,1,14.47,0.0,6.67,Credit Card,Completed
ORD-104196,2024-08-19,CUST-00377,Hiro Muller,Enterprise,Mexico,South America,Electronics,Headphones,2,92.15,0.0,4.61,Debit Card,Completed
ORD-105256,2024-07-25,CUST-00844,Linda Silva,Small Business,Spain,Europe,Sports & Outdoors,Water Bottle,1,80.78,0.1,15.92,PayPal,Completed
ORD-106417,2023-05-20,CUST-00022,Robert Khan,Small Business,France,Europe,Beauty,Sunscreen SPF50,1,44.91,0.0,8.81,Credit Card,Completed
ORD-102757,2024-04-21,CUST-00632,Jennifer Smith,Consumer,United States,North America,Sports & Outdoors,Resistance Bands,1,140.86,0.0,18.23,Credit Card,Returned
ORD-100930,2024-06-29,CUST-00343,Wei Dubois,Consumer,India,Asia,Beauty,Lip Balm,4,56.24,0.0,16.19,Debit Card,Completed
ORD-106449,2023-07-29,CUST-00107,Linda Garcia,Enterprise,Brazil,South America,Sports & Outdoors,Hiking Backpack,1,29.01,0.05,17.95,Credit Card,Returned
ORD-100749,2023-10-11,CUST-00380,Jennifer Rodriguez,,Italy,Europe,Apparel,Denim Jacket,2,16.39,0.0,11.3,Credit Card,Completed
ORD-101789,2023-12-31,CUST-00661,Tom Rossi,Consumer,Australia,Oceania,Apparel,Wool Socks,1,40.12,0.1,5.27,Credit Card,Completed
ORD-106741,2024-03-13,CUST-00052,Elizabeth Zhang,Consumer,Italy,Europe,Sports & Outdoors,Camping Tent,1,175.48,0.0,19.81,Credit Card,Completed
ORD-102573,2024-08-02,CUST-00623,Ahmed Dubois,Consumer,France,Europe,Beauty,Sunscreen SPF50,2,10.02,0.0,5.05,Bank Transfer,Completed
ORD-103341,2024-07-02,CUST-00225,Jennifer Nakamura,Small Business,Spain,Europe,Electronics,Laptop Stand,1,68.17,0.0,10.81,Credit Card,Completed
ORD-104337,2023-12-18,CUST-00233,Grace Tanaka,Consumer,Italy,Europe,Home & Kitchen,Storage Bin,1,55.5,0.0,20.8,Debit Card,Completed
ORD-102216,2023-08-24,CUST-00665,Chen Miller,Consumer,Germany,Europe,Apparel,Running Shoes,2,67.65,0.0,2.08,Debit Card,Completed
ORD-101065,2024-07-02,CUST-00840,James Jones,Consumer,United States,North America,Electronics,Smartphone Case,1,193.61,0.0,9.53,Debit Card,Completed
ORD-101382,2023-04-18,CUST-00379,Patricia Nakamura,Consumer,Germany,Europe,Beauty,Sunscreen SPF50,1,56.1,0.1,20.98,Gift Card,Completed
ORD-105025,2023-10-24,CUST-00837,Mary Kumar,Small Business,Germany,Europe,Beauty,Face Serum,1,59.66,0.0,11.19,Credit Card,Returned
ORD-100518,2024-06-08,CUST-00459,Ahmed Nakamura,Consumer,Italy,Europe,Home & Kitchen,Throw Pillow,1,86.13,0.0,16.34,PayPal,Completed
ORD-104925,2024-01-01,CUST-00338,Mia Zhang,Consumer,BRAZIL,South America,Apparel,Denim Jacket,2,83.78,0.15,15.32,Credit Card,Completed
ORD-105778,2024-08-11,CUST-00177,Sofia Khan,Consumer,India,Asia,Office,Standing Desk Mat,1,13.12,0.0,19.24,PayPal,Completed
ORD-100230,2024-07-07,CUST-00367,David Rossi,Consumer,United States,North America,Apparel,Running Shoes,1,34.5,0.0,14.63,PayPal,Completed
ORD-103053,2024-04-27,CUST-00539,Ana Costa,Consumer,United States,North America,Beauty,Lip Balm,1,16.71,0.2,4.61,Bank Transfer,Completed
ORD-102176,2023-07-14,CUST-00350,John Khan,Small Business,Canada,North America,Home & Kitchen,Coffee Maker,2,95.49,0.15,11.73,PayPal,Completed
ORD-104009,2024-06-03,CUST-00660,Olivia Dubois,Small Business,United States,North America,Electronics,Headphones,-1,120.49,0.15,6.22,PayPal,Completed
ORD-103307,2024-06-15,CUST-00368,,Small Business,Singapore,Asia,Sports & Outdoors,Camping Tent,2,46.14,0.05,18.77,Gift Card,Completed
ORD-106730,2024-09-05,CUST-00315,Lucas Brown,Consumer,Germany,Europe,Apparel,Denim Jacket,2,46.42,0.05,23.39,Debit Card,Completed
ORD-105317,2024-02-25,CUST-00844,Linda Silva,Small Business,Spain,Europe,Electronics,Smartphone Case,2,176.55,0.0,21.73,PayPal,Completed
ORD-102078,2024-05-12,CUST-00348,Elizabeth Muller,Small Business,Italy,Europe,Beauty,Shampoo,1,58.78,0.0,20.21,Credit Card,Completed
ORD-104106,2023-12-06,CUST-00508,Elizabeth Kumar,Enterprise,India,Asia,Electronics,Headphones,1,16.31,0.05,10.81,PayPal,Completed
ORD-102968,2023-11-29,CUST-00274,Jennifer Garcia,Consumer,Spain,Europe,Beauty,Hair Dryer,2,13.35,0.15,,Credit Card,Completed
ORD-106407,2024-01-29,CUST-00449,Mia Nakamura,Small Business,Germany,Europe,Home & Kitchen,Storage Bin,2,79.33,0.0,13.89,Debit Card,Completed
ORD-104073,2024-03-26,CUST-00132,James Muller,Consumer,Germany,Europe,Electronics,USB-C Cable,1,137.67,0.0,10.53,Credit Card,Completed
ORD-105827,2024-05-11,CUST-00449,Mia Nakamura,Small Business,GERMANY,Europe,Beauty,Face Serum,3,5.45,0.1,3.17,Credit Card,Completed
ORD-103838,2024-06-18,CUST-00726,Lucas Zhang,Consumer,Singapore,Asia,Home & Kitchen,Storage Bin,1,111.31,0.0,21.21,Credit Card,Completed
ORD-105250,2023-04-14,CUST-00355,Ana Garcia,Small Business,United Kingdom,Europe,Apparel,Running Shoes,2,1938.7720077681809,0.05,12.84,Gift Card,Completed
ORD-106468,2024-08-20,CUST-00565,Hiro Jones,Small Business,Italy,Europe,Apparel,Denim Jacket,1,67.13,0.0,19.7,Bank Transfer,Cancelled
ORD-106246,2024-01-23,CUST-00256,Robert Smith,Consumer,United States,North America,Apparel,Wool Socks,4,37.41,0.0,21.6,PayPal,Completed
ORD-103085,2024-08-23,CUST-00356,Carlos Nakamura,,India,Asia,Electronics,USB-C Cable,1,40.03,0.05,13.57,PayPal,Completed
ORD-101255,2024-02-15,CUST-00816,Chen Zhang,Consumer,United Kingdom,Europe,Apparel,Baseball Cap,1,49.69,0.0,18.56,PayPal,Completed
ORD-105043,2024-02-02,CUST-00131,Raj Silva,Consumer,France,Europe,Beauty,Hair Dryer,1,35.12,0.15,5.71,Debit Card,Completed
ORD-106418,2023-10-14,CUST-00705,Hiro Brown,Small Business,United States,North America,Electronics,USB-C Cable,1,158.66,0.0,3.3,Bank Transfer,Cancelled
ORD-105831,2023-03-24,CUST-00557,Emma Johnson,Small Business,United Kingdom,Europe,Beauty,Shampoo,2,51.4,0.0,24.02,Bank Transfer,Completed
ORD-100007,2023-09-13,CUST-00418,Ana Williams,Consumer, spain ,Europe,Apparel,T-Shirt,2,27.07,0.0,22.39,Debit Card,Completed
ORD-105416,2023-08-03,CUST-00356,Carlos Nakamura,Consumer,India,Asia,Electronics,USB-C Cable,2,32.93,0.0,12.68,Debit Card,Completed
ORD-105788,2024-06-18,CUST-00746,Ahmed Rossi,Consumer,United Kingdom,Europe,Beauty,Sunscreen SPF50,1,25.59,0.0,16.9,Debit Card,Returned
ORD-101581,2024-10-18,CUST-00589,Jennifer Williams,Consumer,Mexico,South America,Office,Pen Pack,1,13.5,0.1,17.53,PayPal,Completed
ORD-103071,2024-03-03,CUST-00747,Tom Davis,Consumer,United Kingdom,Europe,Apparel,Running Shoes,1,87.06,0.0,2.55,Credit Card,Completed
ORD-104339,2023-10-22,CUST-00056,Noah Davis,Small Business,Japan,Asia,Home & Kitchen,Storage Bin,-2,59.2,0.0,9.53,Credit Card,Completed
ORD-102856,2024-08-20,CUST-00768,Elizabeth Khan,Consumer,Germany,Europe,Electronics,Laptop Stand,1,200.59,0.0,20.74,Credit Card,Completed
ORD-100281,2024-01-30,CUST-00321,Priya Kumar,Consumer,United States,North America,Apparel,Running Shoes,5,49.47,0.0,13.22,Credit Card,Completed
ORD-103482,2024-05-01,CUST-00242,Tom Nakamura,Consumer,United States,North America,Beauty,Lip Balm,1,36.45,0.0,24.12,Gift Card,Completed
ORD-106780,2024-07-29,CUST-00075,Emma Muller,,United Kingdom,Europe,Apparel,T-Shirt,1,51.51,0.15,21.79,Gift Card,Completed
ORD-104364,2024-08-06,CUST-00648,Olivia Martinez,Consumer,United States,North America,Office,Notebook Set,1,27.25,0.0,23.27,PayPal,Completed
ORD-101130,2024-06-29,CUST-00410,Fatima Martinez,Enterprise,United States,North America,Apparel,Running Shoes,1,20.5,0.0,18.86,Credit Card,Completed
ORD-104371,2024-08-01,CUST-00495,Ana Zhang,Consumer,Spain,Europe,Home & Kitchen,Throw Pillow,1,121.61,0.15,10.43,Debit Card,Completed
ORD-104134,2024-10-30,CUST-00399,Tom Rossi,Consumer,Canada,North America,Office,Pen Pack,1,69.65,0.0,3.89,Debit Card,Cancelled
ORD-102218,2024-02-22,CUST-00574,Tom Costa,Consumer,Canada,North America,Beauty,Sunscreen SPF50,2,31.86,0.05,19.58,PayPal,Cancelled
ORD-101703,2024-08-14,CUST-00048,Yuki Martinez,Enterprise,France,Europe,Office,Standing Desk Mat,1,63.78,0.0,4.33,Credit Card,Completed
ORD-103554,2024-09-18,CUST-00845,Emma Muller,Consumer,Brazil,South America,Home & Kitchen,Throw Pillow,1,92.2,0.0,22.75,Bank Transfer,Completed
ORD-106335,2023-08-19,CUST-00010,Liam Smith,Consumer,India,Asia,Sports & Outdoors,Yoga Mat,1,57.18,0.0,18.48,Credit Card,Completed
ORD-100181,2024-07-19,CUST-00752,David Zhang,Enterprise,France,Europe,Office,Pen Pack,2,23.47,0.0,16.07,Bank Transfer,Completed
ORD-103550,2024-07-12,CUST-00098,Patricia Johnson,Enterprise,United States,North America,Electronics,Bluetooth Speaker,1,192.43,0.0,2.54,Credit Card,Completed
ORD-105012,2023-09-05,CUST-00464,Priya Smith,Enterprise,Singapore,Asia,Office,Notebook Set,1,50.28,0.0,,Credit Card,Completed
ORD-104633,2024-08-31,CUST-00435,Ana Khan,Consumer,Singapore,Asia,Home & Kitchen,Cutting Board,2,108.53,0.0,5.6,Credit Card,Completed
ORD-102576,2023-12-10,CUST-00123,,Small Business,United Kingdom,Europe,Apparel,T-Shirt,2,71.73,0.0,20.25,Credit Card,Completed
ORD-101783,2023-02-17,CUST-00528,John Miller,Consumer,Canada,North America,Home & Kitchen,Coffee Maker,1,53.46,0.0,3.44,Credit Card,Completed
ORD-100432,2024-03-07,CUST-00789,Patricia Muller,Small Business,Canada,North America,Apparel,T-Shirt,3,16.95,0.0,10.94,PayPal,Completed
ORD-102886,2024-11-15,CUST-00590,Robert Johnson,Consumer,Singapore,Asia,Sports & Outdoors,Resistance Bands,1,172.95,0.2,9.02,Credit Card,Completed
ORD-100570,2024-10-20,CUST-00216,Linda Rossi,Consumer,France,Europe,Home & Kitchen,Coffee Maker,1,75.52,0.0,24.16,Bank Transfer,Cancelled
ORD-106585,2023-05-23,CUST-00028,Ahmed Rodriguez,Small Business,United States,North America,Beauty,Sunscreen SPF50,2,56.22,0.0,11.26,Credit Card,Completed
ORD-100088,2024-02-12,CUST-00068,Elizabeth Nakamura,Consumer, united states ,North America,Home & Kitchen,Cutting Board,3,83.45,0.0,13.98,Credit Card,Completed
ORD-106810,2023-05-14,CUST-00021,Sofia Muller,Consumer,France,Europe,Electronics,Laptop Stand,1,104.4,0.0,17.69,Bank Transfer,Completed
ORD-102719,2024-07-03,CUST-00466,Tom Brown,Consumer,Brazil,South America,Beauty,Lip Balm,3,22.85,0.05,21.59,Debit Card,Completed
ORD-106481,2023-11-05,CUST-00494,Emma Martinez,Consumer,United States,North America,Apparel,Running Shoes,2,11.86,0.0,3.68,Gift Card,Completed
ORD-104807,2024-06-11,CUST-00724,Ana Kumar,Consumer,Canada,North America,Electronics,Bluetooth Speaker,4,69.85,0.05,12.97,PayPal,Completed
ORD-101950,2024-04-14,CUST-00421,,Consumer,UNITED KINGDOM,Europe,Electronics,Laptop Stand,1,50.92,0.1,8.66,Credit Card,Completed
ORD-101826,2023-09-18,CUST-00005,Hiro Silva,Small Business,Germany,Europe,Sports & Outdoors,Yoga Mat,2,30.74,0.0,15.32,Credit Card,Completed
ORD-105316,2024-02-09,CUST-00603,Lucas Johnson,Consumer,United Kingdom,Europe,Electronics,USB-C Cable,1,152.44,0.0,16.27,Bank Transfer,Completed
ORD-103770,2023-09-29,CUST-00474,Michael Nakamura,Small Business,Germany,Europe,Office,Notebook Set,1,62.0,0.05,3.69,Credit Card,Completed
ORD-106205,2024-07-19,CUST-00130,Chen Nakamura,Consumer,Australia,Oceania,Apparel,Wool Socks,2,9.87,0.0,8.25,PayPal,Completed
ORD-101343,2024-04-05,CUST-00135,Ana Khan,Consumer,Mexico,South America,Electronics,Laptop Stand,2,24.38,0.1,5.74,PayPal,Completed
ORD-104187,2024-10-15,CUST-00599,Mia Dubois,Consumer,France,Europe,Electronics,Bluetooth Speaker,1,213.44,0.05,12.88,Debit Card,Returned
ORD-102841,2024-02-25,CUST-00797,Wei Tanaka,Consumer,Spain,Europe,Electronics,Headphones,1,125.16,0.0,3.51,Debit Card,Completed
ORD-105646,2023-09-20,CUST-00436,Grace Dubois,Consumer,Italy,Europe,Home & Kitchen,Cutting Board,1,34.31,0.0,,PayPal,Completed
ORD-101700,2024-08-19,CUST-00044,Jennifer Zhang,Consumer,Brazil,South America,Apparel,Denim Jacket,1,69.49,0.15,3.78,Credit Card,Completed
ORD-105189,2023-05-14,CUST-00243,Mary Jones,Consumer,Germany,Europe,Apparel,Running Shoes,2,67.9,0.0,14.66,Debit Card,Completed
ORD-105744,2024-05-03,CUST-00522,Fatima Dubois,Small Business,Germany,Europe,Electronics,Bluetooth Speaker,2,49.48,0.0,7.3,Bank Transfer,Completed
ORD-104411,2024-10-10,CUST-00669,Jennifer Williams,Enterprise,Germany,Europe,Beauty,Sunscreen SPF50,1,15.06,0.15,6.41,Credit Card,Completed
ORD-106956,2024-06-02,CUST-00224,,Consumer,France,Europe,Apparel,Baseball Cap,3,77.73,0.05,17.1,Debit Card,Completed
ORD-102514,2024-02-03,CUST-00024,Wei Rodriguez,Consumer,United Kingdom,Europe,Home & Kitchen,Storage Bin,1,26.54,0.0,24.61,Credit Card,Completed
ORD-106892,2024-05-19,CUST-00636,Michael Rodriguez,Consumer,United States,North America,Beauty,Lip Balm,1,51.16,0.05,8.38,PayPal,Completed
ORD-101784,2023-09-16,CUST-00136,Mary Rossi,Consumer,Singapore,Asia,Home & Kitchen,Cutting Board,1,139.11,0.0,17.29,PayPal,Completed
ORD-102634,2023-10-22,CUST-00621,Mia Zhang,Enterprise,Mexico,South America,Electronics,Bluetooth Speaker,1,91.33,0.0,14.31,Debit Card,Completed
ORD-100856,2023-05-27,CUST-00479,Chen Jones,Enterprise,United States,North America,Home & Kitchen,Storage Bin,3,15.25,0.05,24.59,Bank Transfer,Completed
ORD-100265,2024-04-13,CUST-00722,,Small Business,Canada,North America,Beauty,Shampoo,2,20.77,0.0,20.11,Credit Card,Completed
ORD-106708,2024-05-10,CUST-00799,Elizabeth Zhang,Enterprise,Canada,North America,Electronics,USB-C Cable,1,118.41,0.0,7.46,Credit Card,Completed
ORD-102567,2024-06-03,CUST-00159,Tom Garcia,Consumer,Germany,Europe,Beauty,Lip Balm,1,24.88,0.0,19.61,Debit Card,Completed
ORD-104048,2024-07-25,CUST-00227,Wei Williams,Consumer,United States,North America,Sports & Outdoors,Water Bottle,1,80.49,0.0,,PayPal,Completed
ORD-106334,2024-10-20,CUST-00441,Linda Martinez,Consumer,United States,North America,Electronics,Bluetooth Speaker,1,39.29,0.1,4.07,PayPal,Returned
ORD-100487,2023-10-04,CUST-00468,Grace Johnson,Enterprise,United Kingdom,Europe,Home & Kitchen,Cutting Board,1,137.7,0.2,7.55,Debit Card,Completed
ORD-104186,2024-12-18,CUST-00729,Ines Kumar,Consumer,Japan,Asia,Electronics,Bluetooth Speaker,1,171.4,0.0,3.25,Gift Card,Completed
ORD-106808,2024-08-24,CUST-00429,Priya Dubois,Enterprise,United Kingdom,Europe,Apparel,Baseball Cap,1,12.48,0.0,15.32,Credit Card,Completed
ORD-105400,2024-04-29,CUST-00214,James Rossi,Small Business,Japan,Asia,Electronics,USB-C Cable,1,172.91,0.0,23.61,Bank Transfer,Completed
ORD-101585,2023-05-29,CUST-00252,Ines Martinez,Small Business,Canada,North America,Beauty,Sunscreen SPF50,3,24.88,0.15,21.46,PayPal,Returned
ORD-101375,2023-12-02,CUST-00578,Raj Johnson,Small Business,Canada,North America,Sports & Outdoors,Resistance Bands,1,89.37,0.05,10.82,Credit Card,Completed
ORD-105906,2023-09-26,CUST-00550,Jennifer Khan,Enterprise,Japan,Asia,Beauty,Lip Balm,1,38.93,0.15,22.5,Debit Card,Completed
ORD-104102,2023-10-31,CUST-00532,Ana Rodriguez,Small Business,India,Asia,Electronics,Smartphone Case,4,20.01,0.0,24.65,PayPal,Completed
ORD-103447,2024-08-28,CUST-00328,John Costa,Small Business,Germany,Europe,Electronics,USB-C Cable,1,19.46,0.05,22.04,Debit Card,Completed
ORD-103151,2024-08-04,CUST-00703,Ahmed Tanaka,Enterprise,United Kingdom,Europe,Office,Wireless Mouse,1,56.22,0.0,5.63,Credit Card,Completed
ORD-105728,2024-08-17,CUST-00339,Emma Miller,Consumer,Italy,Europe,Electronics,Laptop Stand,3,182.38,0.15,2.69,Gift Card,Completed
ORD-103747,2023-08-10,CUST-00121,John Dubois,Consumer,United States,North America,Sports & Outdoors,Camping Tent,1,72.07,0.2,21.08,PayPal,Returned
ORD-102355,2024-01-05,CUST-00677,,Consumer,United States,North America,Electronics,USB-C Cable,2,37.5,0.1,12.93,Credit Card,Completed
ORD-106192,2024-01-11,CUST-00718,John Smith,Small Business,Japan,Asia,Home & Kitchen,Cutting Board,2,98.38,0.1,22.1,Credit Card,Completed
ORD-100842,2023-07-02,CUST-00377,Hiro Muller,Enterprise,Mexico,South America,Electronics,Smartphone Case,1,33.54,0.0,8.95,Credit Card,Returned
ORD-100232,2023-12-18,CUST-00152,Ahmed Brown,,United States,North America,Apparel,Running Shoes,1,34.73,0.0,3.22,Credit Card,Completed
ORD-101904,2024-06-14,CUST-00380,Jennifer Rodriguez,Consumer,Italy,Europe,Home & Kitchen,Blender,3,32.69,0.0,6.88,Credit Card,Completed
ORD-102180,2023-08-28,CUST-00281,Tom Smith,Small Business,France,Europe,Beauty,Lip Balm,1,20.71,0.0,23.6,Bank Transfer,Completed
ORD-105981,2024-06-08,CUST-00617,Elizabeth Rodriguez,Small Business,Canada,North America,Beauty,Lip Balm,1,51.02,0.0,23.27,Credit Card,Completed
ORD-103713,2024-07-11,CUST-00467,Raj Zhang,Consumer,Germany,Europe,Electronics,Smartphone Case,1,63.24,0.05,2.48,PayPal,Completed
ORD-101638,2024-10-02,CUST-00739,Hiro Dubois,Consumer, united states ,North America,Electronics,Headphones,2,130.08,0.0,14.17,PayPal,Completed
ORD-102294,2024-05-25,CUST-00565,Hiro Jones,,Italy,Europe,Office,Standing Desk Mat,1,30.83,0.0,13.08,Credit Card,Completed
ORD-102225,2023-11-25,CUST-00192,Emma Khan,Small Business,Germany,Europe,Office,Wireless Mouse,1,27.98,0.0,5.16,Credit Card,Completed
ORD-104179,2024-06-25,CUST-00649,John Costa,Enterprise,United States,North America,Electronics,Smartphone Case,1,169.71,0.0,13.74,Debit Card,Returned
ORD-104240,2024-03-09,CUST-00095,Raj Jones,Consumer,France,Europe,Electronics,Laptop Stand,3,151.44,0.0,17.82,Debit Card,Completed
ORD-102361,2023-02-13,CUST-00301,,Consumer,United States,North America,Apparel,Baseball Cap,1,8.12,0.0,14.59,PayPal,Completed
ORD-103382,2023-05-24,CUST-00316,Jennifer Jones,Small Business,Australia,Oceania,Home & Kitchen,Coffee Maker,2,66.6,0.0,10.07,Bank Transfer,Completed
ORD-101768,2024-10-05,CUST-00570,Olivia Rodriguez,Small Business,United Kingdom,Europe,Office,Pen Pack,1,53.38,0.1,13.96,Credit Card,Completed
ORD-101292,2024-09-07,CUST-00658,Ines Nakamura,Small Business, united kingdom ,Europe,Home & Kitchen,Storage Bin,1,96.25,0.0,13.27,PayPal,Completed
ORD-102806,2024-09-06,CUST-00373,Tom Williams,Small Business,Canada,North America,Electronics,USB-C Cable,2,135.62,0.0,16.41,PayPal,Completed
ORD-105073,2024-02-08,CUST-00526,Carlos Jones,,Singapore,Asia,Apparel,Wool Socks,1,69.92,0.0,23.88,Credit Card,Completed
ORD-101991,2024-05-22,CUST-00058,Lucas Kumar,Consumer,Brazil,South America,Beauty,Sunscreen SPF50,1,27.88,0.05,18.6,Credit Card,Returned
ORD-104047,2024-06-23,CUST-00798,Wei Khan,Consumer,United States,North America,Home & Kitchen,Blender,1,107.09,0.0,19.61,Bank Transfer,Completed
ORD-103324,2024-05-04,CUST-00071,Ines Muller,,UNITED STATES,North America,Apparel,Wool Socks,2,73.75,0.0,11.56,Debit Card,Completed
ORD-104245,2024-06-05,CUST-00636,Michael Rodriguez,Consumer,United States,North America,Apparel,T-Shirt,1,83.26,0.05,17.27,Debit Card,Completed
ORD-101678,2023-09-29,CUST-00032,,,Spain,Europe,Electronics,USB-C Cable,1,120.03,0.0,20.36,Credit Card,Completed
ORD-103226,2024-07-20,CUST-00256,Robert Smith,Consumer,United States,North America,Electronics,USB-C Cable,1,211.73,0.0,11.83,Credit Card,Completed
ORD-100119,2024-09-28,CUST-00440,Robert Smith,Small Business,Australia,Oceania,Apparel,Wool Socks,1,64.95,0.0,9.37,Bank Transfer,Completed
ORD-102929,2024-04-06,CUST-00683,,Consumer,United States,North America,Beauty,Lip Balm,1,48.9,0.05,7.61,Credit Card,Completed
ORD-103410,2024-11-23,CUST-00126,Tom Williams,Enterprise,Germany,Europe,Home & Kitchen,Throw Pillow,1,48.83,0.0,15.69,Bank Transfer,Completed
ORD-104151,2024-09-22,CUST-00625,Linda Nakamura,Enterprise,BRAZIL,South America,Apparel,Running Shoes,1,70.8,0.0,21.28,Credit Card,Completed
ORD-104446,2023-07-07,CUST-00532,Ana Rodriguez,Small Business,India,Asia,Home & Kitchen,Throw Pillow,3,113.81,0.1,,PayPal,Completed
ORD-104784,2024-09-23,CUST-00277,Chen Rossi,Consumer,Spain,Europe,Office,Standing Desk Mat,3,7.69,0.0,9.78,Credit Card,Completed
ORD-103416,2023-10-31,CUST-00542,Hiro Johnson,,India,Asia,Sports & Outdoors,Camping Tent,1,113.41,0.0,17.97,PayPal,Completed
ORD-104276,2024-09-16,CUST-00720,Ana Garcia,Consumer,United States,North America,Home & Kitchen,Cutting Board,1,109.27,0.0,21.79,Bank Transfer,Completed
ORD-106175,2024-01-09,CUST-00664,Noah Brown,Consumer,Italy,Europe,Apparel,Denim Jacket,1,29.96,0.0,14.93,Credit Card,Completed
ORD-105855,2023-10-22,CUST-00321,Priya Kumar,Consumer,United States,North America,Electronics,USB-C Cable,1,142.45,0.0,7.33,Credit Card,Completed
ORD-101852,2024-08-09,CUST-00442,Olivia Khan,Consumer,Australia,Oceania,Home & Kitchen,Throw Pillow,1,147.03,0.0,22.92,Bank Transfer,Completed
ORD-100589,2024-06-05,CUST-00609,Grace Tanaka,Consumer,France,Europe,Electronics,Headphones,1,71.72,0.0,6.94,Debit Card,Completed
ORD-103573,2023-04-29,CUST-00521,Lucas Nakamura,Small Business,Australia,Oceania,Office,Pen Pack,1,67.81,0.0,19.61,PayPal,Completed
ORD-104310,2023-12-24,CUST-00648,Olivia Martinez,Consumer,United States,North America,Beauty,Face Serum,1,24.48,0.0,7.96,PayPal,Returned
ORD-101611,2024-08-23,CUST-00366,Wei Rodriguez,Consumer,Japan,Asia,Electronics,Bluetooth Speaker,2,23.17,0.2,4.18,Gift Card,Completed
ORD-101630,2024-04-24,CUST-00604,Sofia Johnson,Consumer, germany ,Europe,Office,Standing Desk Mat,1,17.22,0.0,20.92,Credit Card,Completed
ORD-106964,2024-05-20,CUST-00058,Lucas Kumar,Consumer,Brazil,South America,Electronics,USB-C Cable,1,116.87,0.0,13.13,Debit Card,Completed
ORD-100682,2023-09-05,CUST-00570,Olivia Rodriguez,Small Business,United Kingdom,Europe,Apparel,Wool Socks,2,71.7,0.0,4.93,Debit Card,Completed
ORD-100709,2024-01-31,CUST-00235,Jennifer Brown,,United Kingdom,Europe,Apparel,T-Shirt,2,46.52,0.2,10.74,Credit Card,Completed
ORD-103017,2024-05-01,CUST-00811,Mary Costa,Small Business,France,Europe,Electronics,Headphones,1,178.67,0.0,21.29,PayPal,Completed
ORD-105669,2024-06-06,CUST-00093,Fatima Miller,Consumer, australia ,Oceania,Electronics,Bluetooth Speaker,3,213.13,0.1,4.96,Debit Card,Returned
ORD-105452,2024-09-20,CUST-00459,Ahmed Nakamura,Consumer,Italy,Europe,Electronics,Bluetooth Speaker,1,40.86,0.0,24.32,PayPal,Completed
ORD-102461,2023-11-25,CUST-00205,Ahmed Nakamura,Enterprise,UNITED KINGDOM,Europe,Electronics,Laptop Stand,1,29.94,0.0,24.98,Bank Transfer,Completed
ORD-101707,2023-02-20,CUST-00540,Olivia Zhang,Enterprise,United States,North America,Beauty,Sunscreen SPF50,2,40.9,0.15,19.34,Debit Card,Completed
ORD-103413,2024-04-16,CUST-00336,Liam Davis,Enterprise,United Kingdom,Europe,Sports & Outdoors,Water Bottle,1,141.99,0.0,5.04,PayPal,Completed
ORD-100978,2024-07-15,CUST-00217,Linda Muller,Consumer,United Kingdom,Europe,Apparel,T-Shirt,1,68.36,0.0,24.24,Credit Card,Completed
ORD-104871,2024-04-14,CUST-00587,Jennifer Dubois,Enterprise,United Kingdom,Europe,Electronics,USB-C Cable,4,200.8,0.0,9.27,Bank Transfer,Completed
ORD-101547,2024-08-09,CUST-00522,Fatima Dubois,Small Business,Germany,Europe,Beauty,Shampoo,1,59.29,0.0,10.7,Debit Card,Completed
ORD-106116,2023-10-04,CUST-00591,Ana Zhang,Small Business, spain ,Europe,Sports & Outdoors,Hiking Backpack,1,104.95,0.0,8.2,Debit Card,Completed
ORD-104699,2024-04-25,CUST-00567,Sofia Nakamura,Small Business,Brazil,South America,Apparel,Wool Socks,1,41.59,0.05,24.23,Credit Card,Completed
ORD-104122,2024-08-09,CUST-00360,Carlos Martinez,Small Business,United Kingdom,Europe,Electronics,Laptop Stand,2,80.29,0.0,24.85,PayPal,Returned
ORD-105034,2024-02-01,CUST-00542,Hiro Johnson,Consumer,India,Asia,Apparel,Denim Jacket,1,41.42,0.0,14.07,Credit Card,Completed
ORD-103985,2024-02-29,CUST-00413,Ahmed Jones,Consumer,United States,North America,Sports & Outdoors,Water Bottle,2,142.64,0.0,9.84,Debit Card,Completed
ORD-103621,2024-08-24,CUST-00288,Mia Tanaka,Small Business,France,Europe,Electronics,Smartphone Case,1,137.88,0.0,16.0,Credit Card,Completed
ORD-104473,2024-03-05,CUST-00480,Priya Kumar,Enterprise,Mexico,South America,Electronics,Laptop Stand,1,113.29,0.0,20.2,PayPal,Completed
ORD-103726,2024-09-21,CUST-00064,Priya Garcia,Enterprise,Canada,North America,Beauty,Sunscreen SPF50,1,12.66,0.1,,PayPal,Completed
ORD-106393,2024-09-15,CUST-00553,Ines Jones,Small Business,United Kingdom,Europe,Home & Kitchen,Blender,1,117.59,0.1,13.57,Credit Card,Completed
ORD-105284,2023-12-29,CUST-00123,Ines Khan,Small Business,United Kingdom,Europe,Beauty,Lip Balm,1,30.66,0.0,17.56,Credit Card,Completed
ORD-103599,2024-07-05,CUST-00724,Ana Kumar,Consumer,Canada,North America,Home & Kitchen,Coffee Maker,5,119.14,0.0,12.25,PayPal,Completed
ORD-101144,2024-04-21,CUST-00547,Robert Jones,Small Business,India,Asia,Office,Desk Organizer,1,41.4,0.15,7.12,Credit Card,Completed
ORD-104154,2023-10-13,CUST-00136,Mary Rossi,Consumer,Singapore,Asia,Beauty,Sunscreen SPF50,1,26.47,0.0,7.53,PayPal,Completed
ORD-105336,2024-01-02,CUST-00592,Ahmed Rossi,Small Business,FRANCE,Europe,Electronics,Laptop Stand,1,146.11,0.0,2.95,PayPal,Completed
ORD-100357,2024-06-09,CUST-00166,Wei Kumar,Consumer,Spain,Europe,Electronics,Headphones,1,116.11,0.0,3.84,Bank Transfer,Completed
ORD-104453,2023-08-08,CUST-00101,Lucas Khan,Consumer,France,Europe,Electronics,Smartphone Case,2,209.11,0.0,12.87,PayPal,Completed
ORD-101324,2024-05-24,CUST-00101,Lucas Khan,Consumer,France,Europe,Home & Kitchen,Cutting Board,1,103.25,0.0,7.8,Debit Card,Completed
ORD-105726,2024-02-05,CUST-00368,Mary Miller,Small Business,Singapore,Asia,Home & Kitchen,Throw Pillow,2,24.97,0.0,17.4,Credit Card,Completed
ORD-103751,2024-06-09,CUST-00263,Ana Costa,Consumer,Japan,Asia,Beauty,Shampoo,1,40.88,0.0,,Bank Transfer,Completed
ORD-101833,2024-08-13,CUST-00288,Mia Tanaka,Small Business,France,Europe,Apparel,Denim Jacket,2,32.89,0.0,8.59,Gift Card,Completed
ORD-105228,2024-06-29,CUST-00380,Jennifer Rodriguez,Consumer,Italy,Europe,Beauty,Lip Balm,2,15.82,0.05,2.4,PayPal,Completed
ORD-101460,2023-04-24,CUST-00059,Jennifer Brown,Consumer,GERMANY,Europe,Sports & Outdoors,Camping Tent,1,31.37,0.15,8.94,Credit Card,Cancelled
ORD-106055,2023-07-18,CUST-00256,Robert Smith,Consumer,United States,North America,Sports & Outdoors,Water Bottle,3,85.9,0.0,22.78,Bank Transfer,Completed
ORD-101816,2024-05-27,CUST-00792,Ana Garcia,Consumer,United States,North America,Electronics,Laptop Stand,2,155.69,0.0,16.03,Debit Card,Completed
ORD-104080,2024-10-15,CUST-00068,Elizabeth Nakamura,Consumer,United States,North America,Sports & Outdoors,Yoga Mat,2,101.09,0.0,16.16,Credit Card,Completed
ORD-104115,2023-10-22,CUST-00706,Robert Dubois,Consumer,United States,North America,Apparel,T-Shirt,1,51.25,0.2,2.91,Debit Card,Completed
ORD-106444,2023-11-10,CUST-00506,Carlos Garcia,Consumer,Brazil,South America,Apparel,Running Shoes,1,36.73,0.0,12.37,PayPal,Completed
ORD-104236,2024-09-24,CUST-00303,Yuki Martinez,Consumer,Canada,North America,Beauty,Face Serum,2,24.95,0.0,18.06,Debit Card,Completed
ORD-105092,2024-04-23,CUST-00435,Ana Khan,Consumer,Singapore,Asia,Apparel,Baseball Cap,1,50.68,0.15,17.39,Credit Card,Completed
ORD-106193,2024-08-14,CUST-00138,John Muller,Consumer,Australia,Oceania,Electronics,USB-C Cable,1,211.27,0.0,8.51,Gift Card,Completed
ORD-105481,2024-03-21,CUST-00342,Sofia Kumar,Small Business,United Kingdom,Europe,Beauty,Lip Balm,2,58.71,0.0,13.51,PayPal,Completed
ORD-100400,2023-07-28,CUST-00641,Raj Martinez,Consumer,Germany,Europe,Beauty,Face Serum,2,38.66,0.05,9.51,Bank Transfer,Completed
ORD-100639,2023-03-04,CUST-00093,,Consumer,Australia,Oceania,Beauty,Lip Balm,2,27.83,0.0,2.06,Credit Card,Completed
ORD-102119,2023-10-19,CUST-00260,Sofia Brown,Small Business,Australia,Oceania,Apparel,Denim Jacket,1,31.23,0.0,16.86,Credit Card,Completed
ORD-106327,2024-08-25,CUST-00010,Liam Smith,Consumer,India,Asia,Apparel,Wool Socks,1,27.45,0.0,20.36,PayPal,Completed
ORD-104460,2023-10-30,CUST-00557,Emma Johnson,Small Business,United Kingdom,Europe,Beauty,Face Serum,1,11.42,0.2,16.12,PayPal,Completed
ORD-101262,2024-01-24,CUST-00402,Priya Tanaka,Consumer,United States,North America,Beauty,Lip Balm,1,40.62,0.0,23.54,Credit Card,Completed
ORD-100581,2023-07-24,CUST-00375,Carlos Costa,Consumer,Germany,Europe,Electronics,Headphones,2,210.29,0.0,6.61,Gift Card,Completed
ORD-100918,2024-05-14,CUST-00126,Tom Williams,Enterprise,Germany,Europe,Apparel,T-Shirt,1,31.86,0.0,23.52,Credit Card,Completed
ORD-104097,2023-04-29,CUST-00413,Ahmed Jones,Consumer,United States,North America,Sports & Outdoors,Hiking Backpack,2,150.63,0.1,12.77,Credit Card,Completed
ORD-103622,2023-12-27,CUST-00454,Olivia Brown,Small Business,United Kingdom,Europe,Apparel,Wool Socks,1,81.98,0.0,20.38,Credit Card,Completed
ORD-100888,2023-09-24,CUST-00339,Emma Miller,,Italy,Europe,Home & Kitchen,Storage Bin,2,106.59,0.0,24.01,Bank Transfer,Completed
ORD-102055,2024-08-06,CUST-00481,Mary Jones,Consumer,United States,North America,Electronics,Laptop Stand,1,104.16,0.0,22.15,Credit Card,Completed
ORD-105415,2023-12-19,CUST-00586,Grace Zhang,Consumer,Mexico,South America,Apparel,Baseball Cap,1,73.15,0.0,19.63,Credit Card,Completed
ORD-102568,2024-07-08,CUST-00473,Elizabeth Kumar,Consumer,Australia,Oceania,Sports & Outdoors,Water Bottle,1,11.85,0.0,19.63,Credit Card,Completed
ORD-100268,2023-11-18,CUST-00747,Tom Davis,Consumer,United Kingdom,Europe,Electronics,USB-C Cable,1,191.03,0.0,18.44,Credit Card,Completed
ORD-101500,2023-10-21,CUST-00429,Priya Dubois,Enterprise,United Kingdom,Europe,Home & Kitchen,Blender,1,121.73,0.0,9.63,Bank Transfer,Completed
ORD-101314,2024-10-18,CUST-00157,John Williams,Consumer,United Kingdom,Europe,Office,Pen Pack,1,46.17,0.15,4.82,Credit Card,Completed
ORD-102372,2024-04-30,CUST-00528,John Miller,Consumer,Canada,North America,Electronics,Headphones,1,111.06,0.0,13.72,Bank Transfer,Returned
ORD-103749,2023-06-01,CUST-00196,Lucas Silva,Consumer,United Kingdom,Europe,Home & Kitchen,Coffee Maker,1,65.71,0.05,15.08,Debit Card,Completed
ORD-103672,2024-09-04,CUST-00177,Sofia Khan,Consumer,India,Asia,Home & Kitchen,Storage Bin,1,73.26,0.0,2.19,Debit Card,Returned
ORD-105225,2024-10-12,CUST-00610,Yuki Martinez,Enterprise,Germany,Europe,Sports & Outdoors,Camping Tent,1,151.86,0.05,7.44,Debit Card,Completed
ORD-102922,2024-11-20,CUST-00722,Chen Rodriguez,Small Business,Canada,North America,Apparel,Wool Socks,1,11.52,0.0,23.51,Credit Card,Returned
ORD-101748,2023-11-25,CUST-00343,Wei Dubois,Consumer,India,Asia,Home & Kitchen,Cutting Board,2,55.14,0.0,8.07,Credit Card,Completed
ORD-104326,2023-12-13,CUST-00315,Lucas Brown,Consumer,Germany,Europe,Electronics,Bluetooth Speaker,1,187.92,0.0,3.08,PayPal,Completed
ORD-100942,2024-03-17,CUST-00722,Chen Rodriguez,Small Business,CANADA,North America,Office,Standing Desk Mat,2,67.7,0.0,18.47,Credit Card,Completed
ORD-100793,2024-03-04,CUST-00392,Elizabeth Khan,Consumer,India,Asia,Apparel,Denim Jacket,4,10.28,0.0,5.24,Credit Card,Completed
ORD-103144,2024-09-17,CUST-00531,Michael Brown,Consumer,Brazil,South America,Office,Notebook Set,1,55.35,0.05,8.2,Bank Transfer,Completed
ORD-101374,2024-03-12,CUST-00261,David Garcia,Enterprise,Germany,Europe,Beauty,Face Serum,1,19.24,0.0,11.27,Credit Card,Completed
ORD-104964,2023-05-21,CUST-00329,Chen Brown,Enterprise,United Kingdom,Europe,Home & Kitchen,Cutting Board,4,92.48,0.0,7.6,Credit Card,Completed
ORD-106366,2023-07-04,CUST-00433,Emma Johnson,Consumer,India,Asia,Apparel,T-Shirt,1,51.79,0.15,4.84,Bank Transfer,Completed
ORD-100645,2023-09-10,CUST-00260,Sofia Brown,Small Business,Australia,Oceania,Electronics,Laptop Stand,3,25.4,0.1,20.57,Credit Card,Completed
ORD-106226,2024-02-04,CUST-00071,Ines Muller,Consumer,UNITED STATES,North America,Beauty,Hair Dryer,1,37.8,0.0,,Credit Card,Completed
ORD-102282,2024-05-24,CUST-00336,Liam Davis,Enterprise,United Kingdom,Europe,Home & Kitchen,Cutting Board,1,58.7,0.0,10.71,Bank Transfer,Completed
ORD-106550,2024-07-02,CUST-00341,David Rossi,Small Business,Mexico,South America,Apparel,T-Shirt,1,73.62,0.0,20.48,PayPal,Returned
ORD-100052,2023-12-31,CUST-00645,Lucas Khan,Small Business,India,Asia,Sports & Outdoors,Resistance Bands,2,139.55,0.0,18.31,Bank Transfer,Completed
ORD-102411,2023-06-07,CUST-00481,Mary Jones,Consumer,United States,North America,Home & Kitchen,Throw Pillow,1,25.14,0.0,,Debit Card,Completed
ORD-104903,2024-06-22,CUST-00629,Fatima Miller,Consumer,United States,North America,Apparel,Wool Socks,2,49.16,0.1,20.3,PayPal,Completed
ORD-101896,2024-10-30,CUST-00597,Mia Rossi,Consumer,India,Asia,Office,Wireless Mouse,1,18.22,0.0,20.86,PayPal,Completed
ORD-106487,2024-05-20,CUST-00227,Wei Williams,Consumer,United States,North America,Electronics,Bluetooth Speaker,1,30.81,0.1,8.27,Debit Card,Completed
ORD-105967,2024-03-31,CUST-00781,Elizabeth Brown,Consumer,India,Asia,Apparel,T-Shirt,1,79.59,0.2,8.71,Credit Card,Completed
ORD-101779,2024-07-15,CUST-00431,Priya Martinez,Small Business,France,Europe,Sports & Outdoors,Yoga Mat,1,152.5,0.0,9.27,Debit Card,Completed
ORD-102056,2024-03-26,CUST-00219,Ahmed Rossi,Consumer,Australia,Oceania,Apparel,Wool Socks,1,20.59,0.0,7.17,Debit Card,Completed
ORD-100675,2024-07-11,CUST-00646,Mary Williams,Consumer,Spain,Europe,Electronics,Bluetooth Speaker,3,163.95,0.0,6.51,Debit Card,Completed
ORD-104920,2023-10-30,CUST-00657,Emma Martinez,Consumer,United Kingdom,Europe,Sports & Outdoors,Water Bottle,2,138.53,0.05,17.25,Debit Card,Completed
ORD-105385,2024-03-25,CUST-00612,Olivia Brown,Consumer,United States,North America,Electronics,Laptop Stand,4,28.28,0.1,9.34,PayPal,Completed
ORD-106564,2024-07-18,CUST-00821,Grace Rossi,Small Business,United States,North America,Beauty,Hair Dryer,1,56.02,0.05,24.26,Bank Transfer,Completed
ORD-100213,2024-09-03,CUST-00263,Ana Costa,Consumer,Japan,Asia,Apparel,T-Shirt,1,42.01,0.2,6.02,Credit Card,Completed
ORD-103709,2024-10-19,CUST-00263,Ana Costa,Consumer,Japan,Asia,Electronics,Bluetooth Speaker,1,86.69,0.0,11.6,Bank Transfer,Completed
ORD-106143,2024-03-12,CUST-00279,Emma Tanaka,Consumer,India,Asia,Home & Kitchen,Coffee Maker,1,30.02,0.0,11.83,Bank Transfer,Completed
ORD-101628,2023-09-24,CUST-00748,Chen Johnson,Consumer,Canada,North America,Sports & Outdoors,Water Bottle,1,106.82,0.0,22.85,Gift Card,Completed
ORD-105904,2024-10-09,CUST-00844,Linda Silva,Small Business,Spain,Europe,Home & Kitchen,Throw Pillow,1,87.85,0.0,21.71,Credit Card,Completed
ORD-102227,2024-05-03,CUST-00658,Ines Nakamura,Small Business,United Kingdom,Europe,Sports & Outdoors,Yoga Mat,1,102.65,0.0,3.86,PayPal,Completed
ORD-102109,2024-11-29,CUST-00652,Carlos Nakamura,Enterprise,Mexico,South America,Sports & Outdoors,Camping Tent,1,121.04,0.1,19.58,PayPal,Cancelled
ORD-104433,2024-09-24,CUST-00341,David Rossi,Small Business,Mexico,South America,Apparel,Baseball Cap,2,23.06,0.15,24.03,Bank Transfer,Completed
ORD-106247,2024-08-31,CUST-00682,David Dubois,Enterprise,United States,North America,Beauty,Face Serum,2,50.17,0.0,11.77,Credit Card,Completed
ORD-100397,2024-08-10,CUST-00475,Sofia Martinez,Consumer,United Kingdom,Europe,Home & Kitchen,Blender,2,28.45,0.0,3.29,Credit Card,Completed
ORD-100279,2023-08-22,CUST-00416,Wei Garcia,Small Business,United States,North America,Sports & Outdoors,Camping Tent,1,56.7,0.0,15.86,Credit Card,Completed
ORD-106962,2024-04-16,CUST-00790,Fatima Rodriguez,Consumer,France,Europe,Apparel,Wool Socks,1,65.98,0.0,8.88,Gift Card,Completed
ORD-104576,2024-05-22,CUST-00448,Priya Costa,Consumer,France,Europe,Sports & Outdoors,Water Bottle,1,104.15,0.0,24.31,Credit Card,Completed
ORD-103114,2024-08-11,CUST-00435,Ana Khan,Consumer,Singapore,Asia,Home & Kitchen,Throw Pillow,2,137.94,0.0,9.86,Credit Card,Completed
ORD-105724,2024-02-06,CUST-00604,Sofia Johnson,Consumer,Germany,Europe,Electronics,Bluetooth Speaker,1,184.15,0.1,8.04,Credit Card,Completed
ORD-104116,2024-07-31,CUST-00305,Hiro Dubois,Enterprise,Mexico,South America,Apparel,Wool Socks,2,59.75,0.05,5.03,Credit Card,Completed
ORD-103049,2024-06-29,CUST-00264,Patricia Silva,Consumer,United Kingdom,Europe,Beauty,Face Serum,1,11.7,0.0,24.77,Debit Card,Completed
ORD-100423,2024-07-12,CUST-00428,Yuki Rodriguez,Consumer,Spain,Europe,Sports & Outdoors,Camping Tent,2,166.28,0.0,8.29,PayPal,Completed
ORD-101061,2023-11-25,CUST-00102,Elizabeth Kumar,Small Business,Germany,Europe,Home & Kitchen,Blender,1,64.89,0.0,10.91,Credit Card,Completed
ORD-105377,2024-09-05,CUST-00396,Mary Costa,Consumer,Mexico,South America,Apparel,Baseball Cap,1,81.93,0.0,15.8,Credit Card,Completed
ORD-100662,2023-04-02,CUST-00309,Emma Brown,Consumer,United States,North America,Sports & Outdoors,Yoga Mat,1,37.53,0.0,8.43,PayPal,Completed
ORD-105707,2024-10-22,CUST-00330,Noah Johnson,Consumer,Japan,Asia,Sports & Outdoors,Yoga Mat,2,56.74,0.0,23.9,PayPal,Completed
ORD-104628,2024-08-10,CUST-00237,Mia Rodriguez,Consumer,Mexico,South America,Electronics,Smartphone Case,1,110.68,0.1,21.46,Credit Card,Completed
ORD-104537,2024-09-01,CUST-00251,Emma Garcia,Consumer,Canada,North America,Electronics,Laptop Stand,3,127.98,0.0,4.87,Credit Card,Cancelled
ORD-100063,2024-10-21,CUST-00374,Liam Rossi,Small Business,United States,North America,Home & Kitchen,Coffee Maker,2,45.73,0.0,12.38,PayPal,Completed
ORD-106974,2024-07-17,CUST-00507,Fatima Brown,Consumer,United Kingdom,Europe,Beauty,Lip Balm,-2,6.91,0.05,20.0,Credit Card,Completed
ORD-101272,2024-07-27,CUST-00547,Robert Jones,Small Business,India,Asia,Electronics,Smartphone Case,1,129.35,0.0,7.62,Credit Card,Completed
ORD-104687,2024-10-02,CUST-00546,John Rodriguez,Consumer,Brazil,South America,Apparel,T-Shirt,2,87.53,0.0,10.93,Credit Card,Cancelled
ORD-100078,2023-08-17,CUST-00669,Jennifer Williams,Enterprise,Germany,Europe,Apparel,Running Shoes,2,36.33,0.1,12.87,Bank Transfer,Completed
ORD-105661,2024-03-04,CUST-00530,Grace Zhang,Consumer,United States,North America,Electronics,Headphones,3,208.02,0.0,9.06,PayPal,Completed
ORD-101257,2024-05-23,CUST-00446,Hiro Rossi,Consumer,Spain,Europe,Office,Notebook Set,1,24.9,0.1,12.41,Debit Card,Completed
ORD-101047,2023-08-11,CUST-00420,Patricia Costa,Consumer,Mexico,South America,Beauty,Shampoo,1,21.27,0.0,,Credit Card,Returned
ORD-100824,2024-03-25,CUST-00180,Liam Brown,Consumer,Singapore,Asia,Home & Kitchen,Coffee Maker,1,74.35,0.0,24.46,Credit Card,Completed
ORD-104125,2023-08-15,CUST-00696,Priya Garcia,Consumer,United Kingdom,Europe,Apparel,Wool Socks,1,62.74,0.1,7.54,PayPal,Returned
ORD-106177,2024-03-16,CUST-00804,Noah Dubois,Small Business,Mexico,South America,Office,Notebook Set,3,34.98,0.0,21.92,Debit Card,Completed
ORD-102235,2024-01-27,CUST-00239,David Khan,Consumer,France,Europe,Apparel,T-Shirt,2,73.9,0.0,20.59,PayPal,Completed
ORD-105785,2024-09-05,CUST-00235,Jennifer Brown,Small Business,United Kingdom,Europe,Home & Kitchen,Coffee Maker,1,83.61,0.05,19.09,Credit Card,Completed
ORD-102887,2024-08-10,CUST-00327,Emma Kumar,Consumer,Mexico,South America,Electronics,Smartphone Case,1,127.34,0.0,22.14,PayPal,Completed
ORD-100547,2023-02-09,CUST-00488,Patricia Kumar,Consumer,United Kingdom,Europe,Electronics,USB-C Cable,2,51.94,0.0,6.08,Debit Card,Completed
ORD-104160,2024-05-16,CUST-00388,Wei Muller,Small Business,United States,North America,Apparel,Denim Jacket,3,60.08,0.0,6.64,Credit Card,Completed
ORD-102645,2023-10-21,CUST-00475,Sofia Martinez,Consumer,United Kingdom,Europe,Electronics,Bluetooth Speaker,1,25.51,0.0,4.36,Gift Card,Completed
ORD-105082,2024-04-20,CUST-00285,Ines Rossi,Enterprise,United States,North America,Home & Kitchen,Blender,1,58.81,0.1,13.5,Credit Card,Completed
ORD-100768,2024-05-06,CUST-00395,Ana Johnson,Consumer,United States,North America,Electronics,Laptop Stand,1,56.94,0.0,24.39,Gift Card,Completed
ORD-106533,2024-02-16,CUST-00395,Ana Johnson,Consumer,United States,North America,Electronics,Laptop Stand,1,213.88,0.0,16.43,PayPal,Cancelled
ORD-105794,2023-06-19,CUST-00651,Emma Nakamura,Consumer,India,Asia,Electronics,Bluetooth Speaker,2,129.49,0.0,7.05,Bank Transfer,Returned
ORD-102972,2024-04-04,CUST-00410,Fatima Martinez,Enterprise,United States,North America,Electronics,Bluetooth Speaker,1,198.37,0.2,2.73,Debit Card,Completed
ORD-102436,2023-05-27,CUST-00162,Lucas Miller,Consumer,United Kingdom,Europe,Office,Wireless Mouse,2,33.72,0.0,21.49,PayPal,Completed
ORD-103340,2024-07-26,CUST-00261,David Garcia,Enterprise,Germany,Europe,Apparel,Running Shoes,1,89.73,0.0,23.66,PayPal,Completed
ORD-103124,2024-03-25,CUST-00380,Jennifer Rodriguez,Consumer,Italy,Europe,Electronics,Headphones,1,144.72,0.15,16.22,Credit Card,Completed
ORD-100952,2024-02-22,CUST-00053,Patricia Garcia,Small Business,India,Asia,Apparel,Running Shoes,1,16.76,0.0,13.46,Credit Card,Completed
ORD-105219,2023-12-18,CUST-00308,Fatima Costa,Small Business,France,Europe,Apparel,Denim Jacket,1,10.38,0.0,12.72,Bank Transfer,Completed
ORD-101013,2024-12-09,CUST-00564,Chen Davis,Small Business,Brazil,South America,Sports & Outdoors,Yoga Mat,1,80.93,0.0,18.59,PayPal,Completed
ORD-105802,2024-03-11,CUST-00467,Raj Zhang,Consumer,Germany,Europe,Home & Kitchen,Storage Bin,1,71.55,0.0,6.34,PayPal,Completed
ORD-103254,2024-10-28,CUST-00187,Grace Zhang,Consumer,United States,North America,Apparel,T-Shirt,3,60.76,0.0,16.16,PayPal,Completed
ORD-103453,2024-03-17,CUST-00384,Michael Rossi,Consumer,Australia,Oceania,Electronics,Bluetooth Speaker,2,164.31,0.0,3.12,Credit Card,Completed
ORD-103835,2024-11-22,CUST-00619,Liam Costa,Enterprise,Canada,North America,Apparel,T-Shirt,2,73.77,0.2,21.77,Credit Card,Completed
ORD-100361,2024-07-13,CUST-00645,Lucas Khan,Small Business,India,Asia,Electronics,USB-C Cable,2,38.41,0.0,13.95,Bank Transfer,Completed
ORD-101558,2024-11-18,CUST-00832,Tom Dubois,Enterprise,France,Europe,Beauty,Lip Balm,1,13.73,0.15,3.25,PayPal,Completed
ORD-100585,2024-01-28,CUST-00443,Grace Davis,Consumer,Canada,North America,Office,Standing Desk Mat,1,6.02,0.0,18.13,Credit Card,Completed
ORD-101906,2024-07-04,CUST-00339,Emma Miller,Consumer,Italy,Europe,Electronics,Smartphone Case,1,29.87,0.0,17.84,PayPal,Completed
ORD-103633,2024-07-17,CUST-00485,Mia Rossi,Enterprise,United Kingdom,Europe,Office,Pen Pack,1,30.96,0.0,13.52,Credit Card,Completed
ORD-105599,2024-01-11,CUST-00473,Elizabeth Kumar,Consumer,AUSTRALIA,Oceania,Apparel,Wool Socks,3,14.87,0.15,20.5,Gift Card,Completed
ORD-103092,2024-07-13,CUST-00760,Carlos Jones,Small Business,Italy,Europe,Electronics,Laptop Stand,3,101.19,0.0,9.13,Debit Card,Returned
ORD-106039,2024-12-01,CUST-00085,David Martinez,Consumer,CANADA,North America,Home & Kitchen,Coffee Maker,2,90.42,0.0,12.49,Debit Card,Completed
ORD-102956,2024-03-07,CUST-00384,Michael Rossi,Consumer,Australia,Oceania,Electronics,Laptop Stand,1,90.14,0.15,18.73,Credit Card,Completed
ORD-105441,2023-09-09,CUST-00803,Emma Zhang,Consumer,United Kingdom,Europe,Office,Notebook Set,1,60.61,0.0,7.49,Credit Card,Completed
ORD-100668,2024-08-21,CUST-00486,Patricia Johnson,Consumer,GERMANY,Europe,Electronics,Laptop Stand,2,153.92,0.0,22.12,Credit Card,Completed
ORD-105031,2023-09-17,CUST-00276,Jennifer Smith,Consumer,Canada,North America,Office,Notebook Set,3,33.74,0.0,10.25,Debit Card,Cancelled
ORD-104410,2024-05-08,CUST-00530,Grace Zhang,Consumer,United States,North America,Beauty,Hair Dryer,1,10.73,0.05,22.72,PayPal,Completed
ORD-105606,2024-10-31,CUST-00621,Mia Zhang,Enterprise,Mexico,South America,Beauty,Shampoo,2,12.23,0.0,11.28,PayPal,Completed
ORD-102769,2024-07-27,CUST-00043,Jennifer Miller,Consumer,United States,North America,Office,Notebook Set,1,37.52,0.0,12.75,PayPal,Completed
ORD-104006,2024-04-22,CUST-00240,Elizabeth Williams,Small Business,Brazil,South America,Apparel,T-Shirt,2,28.07,0.0,4.75,Credit Card,Completed
ORD-105155,2024-10-11,CUST-00377,Hiro Muller,Enterprise,Mexico,South America,Sports & Outdoors,Camping Tent,2,20.69,0.0,2.32,PayPal,Completed
ORD-105877,2024-01-30,CUST-00443,Grace Davis,Consumer,Canada,North America,Home & Kitchen,Coffee Maker,1,140.93,0.0,22.83,Debit Card,Completed
ORD-100424,2024-04-24,CUST-00358,Tom Silva,Consumer,Brazil,South America,Apparel,Baseball Cap,1,36.55,0.0,4.97,Gift Card,Completed
ORD-106769,2024-08-20,CUST-00814,Yuki Khan,Enterprise,United States,North America,Home & Kitchen,Cutting Board,2,122.84,0.1,,Bank Transfer,Returned
ORD-100140,2024-01-12,CUST-00233,Grace Tanaka,Consumer,Italy,Europe,Electronics,Smartphone Case,1,19.13,0.0,16.48,Bank Transfer,Completed
ORD-102718,2023-09-29,CUST-00063,Ahmed Davis,Consumer,India,Asia,Electronics,Smartphone Case,1,69.2,0.0,18.87,PayPal,Completed
ORD-100415,2024-06-29,CUST-00564,Chen Davis,Small Business,Brazil,South America,Beauty,Shampoo,2,8.26,0.0,10.96,Credit Card,Completed
ORD-102977,2024-08-27,CUST-00642,Hiro Davis,Consumer,United States,North America,Electronics,Bluetooth Speaker,1,105.01,0.0,9.62,Bank Transfer,Completed
ORD-101424,2024-07-04,CUST-00428,Yuki Rodriguez,Consumer,Spain,Europe,Home & Kitchen,Cutting Board,1,127.68,0.0,22.33,Debit Card,Returned
ORD-102790,2024-06-30,CUST-00555,Sofia Khan,Consumer,Brazil,South America,Apparel,Baseball Cap,1,63.94,0.0,,Gift Card,Completed
ORD-105081,2024-04-24,CUST-00077,John Silva,Consumer,United States,North America,Apparel,Wool Socks,1,59.57,0.2,9.6,Debit Card,Completed
ORD-106312,2024-01-18,CUST-00465,Ines Williams,Consumer,Singapore,Asia,Sports & Outdoors,Hiking Backpack,-1,96.17,0.0,12.28,Gift Card,Returned
ORD-103450,2023-05-28,CUST-00469,Hiro Brown,Consumer,Mexico,South America,Home & Kitchen,Storage Bin,2,86.57,0.1,6.71,Debit Card,Completed
ORD-102300,2024-07-30,CUST-00751,Yuki Kumar,Small Business,United Kingdom,Europe,Beauty,Shampoo,3,19.77,0.05,21.93,Credit Card,Completed
ORD-105090,2024-08-17,CUST-00284,Wei Nakamura,Consumer,United States,North America,Electronics,Headphones,1,97.48,0.0,15.73,Credit Card,Completed
ORD-102706,2024-08-13,CUST-00108,Chen Martinez,Consumer,FRANCE,Europe,Electronics,Laptop Stand,2,170.81,0.0,13.36,Credit Card,Completed
ORD-100504,2023-08-17,CUST-00385,Ines Johnson,Consumer,France,Europe,Office,Pen Pack,2,57.4,0.05,6.79,PayPal,Completed
ORD-104215,2024-06-23,CUST-00752,David Zhang,Enterprise,France,Europe,Electronics,Laptop Stand,1,115.17,0.0,9.7,Gift Card,Completed
ORD-100157,2024-06-02,CUST-00096,Tom Rodriguez,Consumer,United Kingdom,Europe,Office,Notebook Set,1,66.5,0.0,9.26,Credit Card,Completed
ORD-105303,2024-08-23,CUST-00042,Ana Rodriguez,Consumer,GERMANY,Europe,Home & Kitchen,Cutting Board,3,72.61,0.05,16.73,Credit Card,Completed
ORD-106905,2024-02-11,CUST-00620,Carlos Garcia,Consumer,Canada,North America,Beauty,Hair Dryer,1,56.51,0.0,10.56,Gift Card,Completed
ORD-103595,2024-03-27,CUST-00287,Mia Davis,,India,Asia,Home & Kitchen,Blender,1,67.66,0.0,4.25,Credit Card,Completed
ORD-102541,2024-10-08,CUST-00498,Fatima Costa,Small Business,Japan,Asia,Sports & Outdoors,Camping Tent,2,139.61,0.05,13.78,PayPal,Completed
ORD-103167,2023-09-20,CUST-00503,Mary Tanaka,Consumer,United States,North America,Electronics,USB-C Cable,2,2901.7535058126564,0.05,2.8,Debit Card,Completed
ORD-103084,2024-08-27,CUST-00026,Chen Garcia,Consumer,Italy,Europe,Electronics,Smartphone Case,2,212.13,0.0,14.24,Credit Card,Completed
ORD-102744,2024-05-12,CUST-00329,Chen Brown,Enterprise,United Kingdom,Europe,Home & Kitchen,Coffee Maker,1,89.97,0.0,6.45,Credit Card,Completed
ORD-103784,2024-02-06,CUST-00540,Olivia Zhang,Enterprise,United States,North America,Office,Pen Pack,1,22.82,0.0,3.46,Debit Card,Completed
ORD-101125,2024-07-15,CUST-00189,Noah Silva,Small Business,India,Asia,Home & Kitchen,Coffee Maker,1,134.83,0.15,5.24,PayPal,Completed
ORD-106470,2024-10-10,CUST-00155,Linda Dubois,Consumer,France,Europe,Electronics,Smartphone Case,1,58.62,0.0,20.94,PayPal,Completed
ORD-104127,2024-05-30,CUST-00379,Patricia Nakamura,Consumer,Germany,Europe,Sports & Outdoors,Hiking Backpack,1,68.77,0.05,24.24,Credit Card,Completed
ORD-102117,2024-01-31,CUST-00384,Michael Rossi,Consumer,Australia,Oceania,Beauty,Lip Balm,1,27.61,0.1,10.37,Credit Card,Completed
ORD-100941,2024-09-13,CUST-00522,Fatima Dubois,Small Business,Germany,Europe,Beauty,Lip Balm,4,20.87,0.0,13.89,Credit Card,Completed
ORD-103728,2024-03-06,CUST-00284,Wei Nakamura,Consumer,United States,North America,Home & Kitchen,Throw Pillow,1,45.42,0.0,21.83,PayPal,Completed
ORD-103686,2024-10-06,CUST-00849,John Kumar,Consumer,Mexico,South America,Beauty,Face Serum,1,22.11,0.0,10.25,Credit Card,Returned
ORD-105027,2024-04-05,CUST-00218,Yuki Rossi,Small Business,Canada,North America,Apparel,T-Shirt,1,45.09,0.0,3.4,Debit Card,Completed
ORD-106284,2024-05-16,CUST-00398,Ines Davis,Small Business,Mexico,South America,Apparel,T-Shirt,4,28.02,0.0,17.05,Bank Transfer,Completed
ORD-102562,2024-09-10,CUST-00642,Hiro Davis,Consumer,United States,North America,Electronics,USB-C Cable,2,173.05,0.0,11.43,Debit Card,Cancelled
ORD-106220,2023-06-14,CUST-00831,Ines Nakamura,Consumer,United States,North America,Beauty,Face Serum,2,51.75,0.0,11.02,Credit Card,Completed
ORD-104985,2023-07-14,CUST-00053,Patricia Garcia,Small Business,India,Asia,Home & Kitchen,Blender,1,84.68,0.05,6.39,Debit Card,Completed
ORD-100669,2023-12-01,CUST-00812,Liam Miller,Small Business,Brazil,South America,Home & Kitchen,Throw Pillow,3,61.51,0.0,17.97,Debit Card,Completed
ORD-102609,2024-03-22,CUST-00526,Carlos Jones,Small Business,Singapore,Asia,Electronics,Headphones,1,130.3,0.0,7.66,Credit Card,Completed
ORD-103899,2024-10-04,CUST-00345,Olivia Kumar,Enterprise,United Kingdom,Europe,Home & Kitchen,Storage Bin,2,65.9,0.0,18.31,Debit Card,Returned
ORD-101910,2024-01-13,CUST-00019,Liam Tanaka,Small Business,Germany,Europe,Office,Desk Organizer,1,45.59,0.0,23.95,Credit Card,Completed
ORD-101112,2024-05-06,CUST-00571,Emma Khan,Consumer,Mexico,South America,Home & Kitchen,Cutting Board,1,98.0,0.15,11.42,Credit Card,Completed
ORD-103746,2024-01-08,CUST-00297,Elizabeth Brown,Small Business,United Kingdom,Europe,Office,Notebook Set,1,33.18,0.05,8.25,PayPal,Completed
ORD-101877,2024-08-10,CUST-00685,Robert Martinez,Small Business, united kingdom ,Europe,Beauty,Hair Dryer,1,38.8,0.0,2.67,Credit Card,Completed
ORD-105770,2023-05-26,CUST-00524,Liam Martinez,Consumer,France,Europe,Apparel,Wool Socks,1,28.96,0.0,13.8,Credit Card,Completed
ORD-104043,2024-06-11,CUST-00107,Linda Garcia,Enterprise,Brazil,South America,Apparel,T-Shirt,1,15.91,0.0,,Bank Transfer,Completed
ORD-102452,2023-10-05,CUST-00428,Yuki Rodriguez,Consumer,Spain,Europe,Beauty,Face Serum,1,8.67,0.2,12.95,PayPal,Completed
ORD-101547,2024-08-09,CUST-00522,Fatima Dubois,Small Business,Germany,Europe,Beauty,Shampoo,1,59.29,0.0,10.7,Debit Card,Completed
ORD-103667,2024-03-24,CUST-00504,Olivia Tanaka,Consumer,United States,North America,Sports & Outdoors,Resistance Bands,1,3786.0876721466625,0.0,10.59,Debit Card,Returned
ORD-100076,2024-07-07,CUST-00671,Patricia Smith,Consumer,United States,North America,Electronics,USB-C Cable,1,147.86,0.0,4.58,PayPal,Completed
ORD-102450,2024-05-21,CUST-00282,Ahmed Rodriguez,Consumer,Australia,Oceania,Office,Notebook Set,2,56.59,0.0,18.8,PayPal,Completed
ORD-103169,2023-04-19,CUST-00313,Lucas Dubois,,Australia,Oceania,Electronics,Laptop Stand,3,73.51,0.15,8.23,PayPal,Cancelled
ORD-103304,2024-09-19,CUST-00143,Tom Jones,Small Business,United States,North America,Sports & Outdoors,Resistance Bands,2,93.8,0.0,10.84,Credit Card,Completed
ORD-101494,2023-06-20,CUST-00204,Fatima Rodriguez,Consumer,Italy,Europe,Apparel,Denim Jacket,4,25.1,0.0,15.76,PayPal,Completed
ORD-104976,2024-02-28,CUST-00436,Grace Dubois,Consumer,Italy,Europe,Apparel,Baseball Cap,1,76.05,0.0,21.92,Credit Card,Returned
ORD-102934,2024-08-26,CUST-00510,Hiro Martinez,Consumer,Canada,North America,Sports & Outdoors,Water Bottle,1,126.3,0.0,7.2,Credit Card,Completed
ORD-103041,2024-05-19,CUST-00198,Yuki Rodriguez,Consumer,Spain,Europe,Home & Kitchen,Coffee Maker,2,33.23,0.0,15.21,Credit Card,Completed
ORD-101646,2024-05-29,CUST-00556,Lucas Rossi,Small Business,Canada,North America,Apparel,Baseball Cap,2,59.06,0.15,2.94,Credit Card,Completed
ORD-106422,2024-05-04,CUST-00319,Mary Dubois,Enterprise,Japan,Asia,Electronics,USB-C Cable,2,180.92,0.0,11.07,Credit Card,Completed
ORD-101880,2024-03-31,CUST-00707,Tom Williams,Consumer,Canada,North America,Electronics,USB-C Cable,4,36.14,0.0,24.23,Debit Card,Completed
ORD-100599,2023-10-06,CUST-00666,Ana Khan,Consumer,United Kingdom,Europe,Beauty,Face Serum,1,21.81,0.0,6.94,PayPal,Completed
ORD-103091,2023-03-21,CUST-00001,Robert Khan,Consumer,Australia,Oceania,Apparel,Running Shoes,2,63.96,0.0,15.15,Debit Card,Returned
ORD-101259,2024-09-30,CUST-00395,Ana Johnson,Consumer,United States,North America,Apparel,Baseball Cap,1,30.69,0.0,,Credit Card,Completed
ORD-102689,2024-05-11,CUST-00572,Liam Rossi,Consumer,Japan,Asia,Beauty,Face Serum,1,15.55,0.05,3.53,Credit Card,Completed
ORD-105578,2023-09-14,CUST-00744,Patricia Muller,Consumer, italy ,Europe,Beauty,Sunscreen SPF50,3,15.25,0.0,9.0,Debit Card,Completed
ORD-104078,2024-06-19,CUST-00597,Mia Rossi,Consumer,India,Asia,Apparel,Running Shoes,1,19.39,0.2,19.21,PayPal,Completed
ORD-102828,2024-09-02,CUST-00093,Fatima Miller,Consumer,Australia,Oceania,Beauty,Hair Dryer,1,8.78,0.0,7.91,Debit Card,Completed
ORD-104434,2023-06-03,CUST-00132,James Muller,,Germany,Europe,Electronics,USB-C Cable,1,153.12,0.0,2.29,Credit Card,Completed
ORD-102020,2023-11-14,CUST-00739,Hiro Dubois,Consumer,United States,North America,Electronics,Bluetooth Speaker,1,125.61,0.0,10.51,Bank Transfer,Completed
ORD-104065,2024-02-20,CUST-00329,Chen Brown,Enterprise,United Kingdom,Europe,Electronics,Bluetooth Speaker,3,28.92,0.0,3.42,Debit Card,Returned
ORD-104630,2024-07-22,CUST-00406,Patricia Kumar,Consumer,France,Europe,Home & Kitchen,Blender,2,39.47,0.0,22.72,Debit Card,Completed
ORD-104713,2024-08-11,CUST-00388,Wei Muller,Small Business,United States,North America,Electronics,Smartphone Case,1,169.61,0.15,5.54,Bank Transfer,Completed
ORD-100790,2023-09-29,CUST-00757,Robert Tanaka,Small Business,SPAIN,Europe,Beauty,Hair Dryer,2,52.13,0.0,3.11,Bank Transfer,Completed
ORD-106099,2024-04-13,CUST-00304,John Garcia,Small Business,Australia,Oceania,Home & Kitchen,Throw Pillow,1,23.19,0.0,21.11,Credit Card,Completed
ORD-104909,2024-10-07,CUST-00302,James Martinez,Enterprise,Italy,Europe,Electronics,Headphones,-1,26.2,0.0,11.77,Bank Transfer,Completed
ORD-100295,2024-01-31,CUST-00571,Emma Khan,Consumer,Mexico,South America,Beauty,Lip Balm,1,34.86,0.0,5.92,PayPal,Completed
ORD-105207,2024-07-15,CUST-00279,Emma Tanaka,Consumer,India,Asia,Sports & Outdoors,Hiking Backpack,1,120.13,0.1,7.23,PayPal,Completed
ORD-101633,2023-03-09,CUST-00433,Emma Johnson,Consumer,India,Asia,Electronics,Smartphone Case,1,139.17,0.0,20.85,Credit Card,Completed
ORD-102676,2023-10-11,CUST-00565,Hiro Jones,Small Business,Italy,Europe,Home & Kitchen,Coffee Maker,3,21.44,0.0,7.21,Gift Card,Returned
ORD-103978,2024-11-29,CUST-00530,,Consumer,United States,North America,Apparel,Running Shoes,1,35.53,0.05,20.54,PayPal,Completed
ORD-104259,2024-08-29,CUST-00777,Patricia Zhang,Consumer,France,Europe,Apparel,Wool Socks,1,60.28,0.0,,Credit Card,Completed
ORD-100937,2023-12-22,CUST-00365,Mia Garcia,Consumer,France,Europe,Apparel,Wool Socks,1,26.03,0.0,9.77,Credit Card,Completed
ORD-101352,2023-10-13,CUST-00549,Jennifer Brown,Consumer,United Kingdom,Europe,Apparel,Wool Socks,1,83.19,0.0,3.05,PayPal,Completed
ORD-105397,2023-10-14,CUST-00103,Hiro Davis,Small Business, canada ,North America,Home & Kitchen,Throw Pillow,1,46.3,0.0,22.89,Credit Card,Completed
ORD-106296,2023-06-15,CUST-00748,Chen Johnson,Consumer,Canada,North America,Beauty,Lip Balm,5,39.5,0.0,5.01,Bank Transfer,Completed
ORD-106347,2023-06-25,CUST-00551,Mia Garcia,Consumer,Canada,North America,Home & Kitchen,Throw Pillow,1,82.95,0.05,23.15,Debit Card,Completed
ORD-106675,2024-09-26,CUST-00618,Linda Dubois,Consumer,India,Asia,Home & Kitchen,Storage Bin,1,72.62,0.0,10.52,PayPal,Completed
ORD-102121,2023-09-01,CUST-00555,Sofia Khan,Consumer,Brazil,South America,Sports & Outdoors,Yoga Mat,1,112.32,0.0,4.84,Debit Card,Returned
ORD-104523,2024-02-11,CUST-00228,Wei Jones,Consumer,Germany,Europe,Home & Kitchen,Blender,2,128.13,0.0,17.85,Debit Card,Completed
ORD-103171,2024-05-06,CUST-00700,Noah Martinez,Consumer, canada ,North America,Sports & Outdoors,Resistance Bands,1,29.36,0.0,10.09,Debit Card,Completed
ORD-101146,2023-05-12,CUST-00226,Mary Davis,Enterprise,Germany,Europe,Electronics,Laptop Stand,1,176.02,0.0,22.24,Credit Card,Completed
ORD-101961,2024-07-10,CUST-00076,Tom Dubois,Consumer,FRANCE,Europe,Beauty,Shampoo,1,37.06,0.05,11.27,Credit Card,Completed
ORD-106544,2023-07-02,CUST-00682,David Dubois,Enterprise,United States,North America,Apparel,Denim Jacket,2,49.72,0.0,4.83,Bank Transfer,Completed
ORD-104887,2023-08-14,CUST-00100,Elizabeth Costa,Small Business,ITALY,Europe,Home & Kitchen,Coffee Maker,1,46.58,0.0,14.58,Credit Card,Completed
ORD-100003,2024-12-12,CUST-00390,Noah Kumar,Small Business,United States,North America,Electronics,Laptop Stand,2,129.3,0.1,14.54,PayPal,Completed
ORD-106496,2024-06-10,CUST-00144,Yuki Costa,Enterprise,Japan,Asia,Apparel,Running Shoes,1,72.46,0.0,22.99,Credit Card,Completed
ORD-100965,2024-07-24,CUST-00089,Ines Dubois,Consumer,United Kingdom,Europe,Beauty,Shampoo,1,46.09,0.2,3.25,Debit Card,Completed
ORD-106209,2024-09-06,CUST-00472,Wei Dubois,Consumer,Japan,Asia,Beauty,Face Serum,1,59.6,0.0,7.92,PayPal,Completed
ORD-106459,2024-01-25,CUST-00327,Emma Kumar,,Mexico,South America,Office,Desk Organizer,1,57.25,0.0,8.25,Credit Card,Completed
ORD-102749,2023-10-26,CUST-00206,Fatima Tanaka,Small Business,United Kingdom,Europe,Home & Kitchen,Blender,1,83.83,0.0,20.69,Credit Card,Completed
ORD-100654,2024-11-07,CUST-00477,Olivia Khan,Consumer,Brazil,South America,Apparel,Running Shoes,1,8.65,0.1,16.84,Debit Card,Completed
ORD-103480,2023-05-02,CUST-00122,Carlos Johnson,Small Business,United Kingdom,Europe,Office,Wireless Mouse,1,43.92,0.0,18.94,Debit Card,Completed
ORD-106592,2024-06-08,CUST-00660,Olivia Dubois,Small Business,UNITED STATES,North America,Beauty,Face Serum,2,22.74,0.2,12.81,PayPal,Completed
ORD-102380,2024-06-24,CUST-00205,Ahmed Nakamura,,United Kingdom,Europe,Sports & Outdoors,Camping Tent,2,110.78,0.0,15.03,PayPal,Completed
ORD-104356,2024-02-21,CUST-00377,Hiro Muller,Enterprise,Mexico,South America,Home & Kitchen,Storage Bin,4,123.39,0.0,3.28,Bank Transfer,Completed
ORD-105319,2024-01-08,CUST-00504,Olivia Tanaka,Consumer,United States,North America,Apparel,Denim Jacket,1,74.49,0.0,17.43,Credit Card,Completed
ORD-100745,2024-02-11,CUST-00406,Patricia Kumar,Consumer,France,Europe,Beauty,Lip Balm,1,50.57,0.0,18.21,Debit Card,Completed
ORD-100260,2024-06-06,CUST-00788,Tom Johnson,Consumer,Australia,Oceania,Home & Kitchen,Blender,2,130.38,0.0,17.99,Credit Card,Cancelled
ORD-102590,2024-08-09,CUST-00277,Chen Rossi,Consumer,Spain,Europe,Sports & Outdoors,Water Bottle,1,95.73,0.0,2.72,Credit Card,Completed
ORD-103074,2024-07-17,CUST-00757,Robert Tanaka,Small Business,Spain,Europe,Beauty,Lip Balm,1,36.75,0.0,14.54,Debit Card,Completed
ORD-100534,2023-12-13,CUST-00625,Linda Nakamura,Enterprise,BRAZIL,South America,Electronics,Bluetooth Speaker,1,22.56,0.15,15.23,PayPal,Completed
ORD-102617,2024-06-05,CUST-00294,,Consumer,Spain,Europe,Sports & Outdoors,Resistance Bands,1,57.08,0.0,2.22,Gift Card,Completed
ORD-100634,2024-02-25,CUST-00672,Michael Rodriguez,Consumer, france ,Europe,Electronics,Headphones,1,95.9,0.05,21.17,Debit Card,Completed
ORD-100557,2024-10-11,CUST-00541,Michael Jones,Consumer,Japan,Asia,Home & Kitchen,Storage Bin,2,55.02,0.1,23.02,Credit Card,Completed
ORD-105367,2024-02-25,CUST-00770,Noah Rodriguez,Consumer,Australia,Oceania,Home & Kitchen,Blender,3,32.07,0.0,9.94,Credit Card,Completed
ORD-100591,2023-05-13,CUST-00640,John Tanaka,Consumer,Brazil,South America,Electronics,Laptop Stand,2,117.49,0.0,2.4,Credit Card,Completed
ORD-104248,2023-11-27,CUST-00743,Liam Tanaka,Consumer,United States,North America,Electronics,Bluetooth Speaker,3,17.16,0.05,18.06,Debit Card,Completed
ORD-100887,2024-03-19,CUST-00263,Ana Costa,Consumer,Japan,Asia,Office,Pen Pack,1,47.06,0.0,18.0,Credit Card,Completed
ORD-104798,2023-11-21,CUST-00503,Mary Tanaka,,United States,North America,Home & Kitchen,Cutting Board,1,123.02,0.0,14.54,Credit Card,Completed
ORD-105174,2024-01-21,CUST-00408,James Jones,Enterprise,Italy,Europe,Electronics,Bluetooth Speaker,1,107.57,0.0,23.3,PayPal,Cancelled
ORD-100496,2024-08-29,CUST-00637,Sofia Costa,Enterprise,United States,North America,Electronics,Bluetooth Speaker,1,15.26,0.0,24.46,Credit Card,Completed
ORD-103642,2024-02-28,CUST-00646,Mary Williams,Consumer,Spain,Europe,Office,Desk Organizer,1,62.48,0.0,11.4,PayPal,Completed
ORD-100363,2024-08-07,CUST-00313,Lucas Dubois,Consumer,Australia,Oceania,Apparel,T-Shirt,2,14.12,0.05,14.04,Debit Card,Completed
ORD-102028,2023-07-11,CUST-00667,James Costa,Consumer,Singapore,Asia,Home & Kitchen,Storage Bin,1,109.67,0.0,9.31,Credit Card,Cancelled
ORD-106594,2024-04-14,CUST-00748,Chen Johnson,Consumer,Canada,North America,Beauty,Hair Dryer,1,21.53,0.0,9.93,Credit Card,Cancelled
ORD-101151,2024-07-27,CUST-00023,Robert Zhang,Consumer,United States,North America,Sports & Outdoors,Water Bottle,1,172.23,0.1,19.6,Debit Card,Completed
ORD-100829,2023-05-09,CUST-00480,Priya Kumar,,Mexico,South America,Home & Kitchen,Cutting Board,1,32.0,0.2,6.16,Credit Card,Completed
ORD-105768,2024-02-01,CUST-00272,Olivia Zhang,Consumer,Australia,Oceania,Office,Desk Organizer,1,61.22,0.0,19.16,Debit Card,Completed
ORD-105297,2024-05-29,CUST-00512,Fatima Tanaka,Consumer,Germany,Europe,Sports & Outdoors,Resistance Bands,1,110.45,0.1,6.3,PayPal,Completed
ORD-105288,2024-08-02,CUST-00298,James Nakamura,Consumer,United States,North America,Home & Kitchen,Storage Bin,1,121.98,0.0,11.84,Credit Card,Completed
ORD-101017,2024-09-11,CUST-00162,Lucas Miller,Consumer,United Kingdom,Europe,Beauty,Shampoo,2,34.19,0.1,10.97,Debit Card,Completed
ORD-100663,2024-09-16,CUST-00209,Elizabeth Nakamura,Consumer,Japan,Asia,Home & Kitchen,Throw Pillow,1,84.03,0.2,11.06,PayPal,Returned
ORD-100994,2023-11-22,CUST-00844,Linda Silva,Small Business,Spain,Europe,Beauty,Hair Dryer,1,10.72,0.0,5.92,Debit Card,Completed
ORD-100649,2024-01-12,CUST-00227,Wei Williams,Consumer,United States,North America,Electronics,Headphones,4,94.1,0.0,11.88,PayPal,Completed
ORD-102083,2024-05-11,CUST-00230,Raj Nakamura,Small Business,France,Europe,Sports & Outdoors,Water Bottle,1,90.27,0.0,16.55,Debit Card,Completed
ORD-102168,2024-10-14,CUST-00079,Jennifer Dubois,Small Business,Germany,Europe,Electronics,Smartphone Case,2,210.15,0.05,19.8,Credit Card,Completed
ORD-101713,2024-06-09,CUST-00636,Michael Rodriguez,Consumer,United States,North America,Apparel,Wool Socks,1,84.16,0.15,11.91,Debit Card,Returned
ORD-100071,2023-12-08,CUST-00532,Ana Rodriguez,Small Business,India,Asia,Apparel,Baseball Cap,1,22.25,0.0,18.72,Gift Card,Completed
ORD-105690,2023-08-22,CUST-00467,Raj Zhang,Consumer,Germany,Europe,Electronics,Headphones,1,143.37,0.1,15.63,Debit Card,Completed
ORD-104461,2024-04-18,CUST-00284,Wei Nakamura,Consumer,United States,North America,Beauty,Sunscreen SPF50,1,43.97,0.0,9.01,Debit Card,Completed
ORD-105517,2024-01-29,CUST-00287,Mia Davis,Consumer,India,Asia,Office,Desk Organizer,2,45.4,0.0,10.38,PayPal,Cancelled
ORD-102627,2023-08-28,CUST-00801,Lucas Zhang,Small Business,India,Asia,Apparel,Running Shoes,1,17.63,0.1,12.42,Gift Card,Completed
ORD-103668,2024-10-23,CUST-00648,Olivia Martinez,Consumer,United States,North America,Home & Kitchen,Cutting Board,3,138.64,0.0,23.86,PayPal,Completed
ORD-101687,2024-07-14,CUST-00092,Ahmed Zhang,Small Business,United Kingdom,Europe,Electronics,Smartphone Case,5,212.15,0.0,11.23,Credit Card,Completed
ORD-102928,2024-07-17,CUST-00292,Grace Davis,Small Business,Australia,Oceania,Apparel,Running Shoes,1,46.25,0.0,17.4,Gift Card,Completed
ORD-101313,2024-03-29,CUST-00101,Lucas Khan,Consumer,France,Europe,Electronics,Headphones,4,45.79,0.0,7.96,Debit Card,Completed
ORD-103886,2024-10-04,CUST-00078,Ana Rodriguez,Enterprise,SPAIN,Europe,Apparel,Wool Socks,1,63.84,0.0,19.73,Credit Card,Completed
ORD-106138,2024-02-13,CUST-00826,Elizabeth Johnson,Consumer,United States,North America,Home & Kitchen,Coffee Maker,1,89.87,0.0,21.95,Gift Card,Completed
ORD-106035,2023-08-31,CUST-00574,Tom Costa,Consumer,Canada,North America,Home & Kitchen,Coffee Maker,1,18.15,0.05,20.18,PayPal,Completed
ORD-102222,2023-12-05,CUST-00424,Emma Martinez,Enterprise,United Kingdom,Europe,Sports & Outdoors,Hiking Backpack,1,112.84,0.0,18.83,Credit Card,Completed
ORD-100907,2024-05-19,CUST-00617,Elizabeth Rodriguez,Small Business,Canada,North America,Office,Notebook Set,1,40.32,0.0,,PayPal,Completed
ORD-105129,2024-03-13,CUST-00495,Ana Zhang,Consumer,SPAIN,Europe,Electronics,Headphones,1,173.57,0.0,5.55,Credit Card,Completed
ORD-102290,2024-03-05,CUST-00622,Patricia Kumar,Small Business,Australia,Oceania,Sports & Outdoors,Hiking Backpack,2,142.23,0.0,12.98,Credit Card,Completed
ORD-104483,2023-12-02,CUST-00636,Michael Rodriguez,Consumer,United States,North America,Apparel,Baseball Cap,1,84.44,0.1,13.53,Credit Card,Completed
ORD-105929,2024-04-06,CUST-00079,Jennifer Dubois,Small Business,Germany,Europe,Electronics,Bluetooth Speaker,1,219.37,0.0,6.15,PayPal,Completed
ORD-104494,2024-03-31,CUST-00542,Hiro Johnson,Consumer,India,Asia,Beauty,Hair Dryer,1,14.77,0.05,19.57,Bank Transfer,Cancelled
ORD-104203,2024-09-01,CUST-00259,Liam Smith,Small Business,Spain,Europe,Sports & Outdoors,Resistance Bands,3,27.33,0.1,16.89,Credit Card,Completed
ORD-102845,2024-05-17,CUST-00152,Ahmed Brown,Consumer,United States,North America,Home & Kitchen,Blender,1,84.45,0.0,24.18,Credit Card,Completed
ORD-106959,2024-03-12,CUST-00061,Chen Rossi,,France,Europe,Electronics,Smartphone Case,1,199.16,0.0,3.57,Credit Card,Completed
ORD-105000,2024-03-28,CUST-00118,Jennifer Brown,Consumer,France,Europe,Beauty,Hair Dryer,2,9.01,0.0,20.11,Credit Card,Completed
ORD-104885,2024-02-08,CUST-00313,Lucas Dubois,Consumer,Australia,Oceania,Home & Kitchen,Blender,1,112.88,0.0,4.35,Credit Card,Completed
ORD-105750,2024-06-22,CUST-00091,Carlos Johnson,Consumer,United States,North America,Electronics,USB-C Cable,1,92.08,0.0,21.43,Credit Card,Completed
ORD-105289,2024-09-13,CUST-00672,Michael Rodriguez,Consumer,France,Europe,Sports & Outdoors,Camping Tent,2,157.62,0.15,5.6,PayPal,Completed
ORD-102444,2024-01-10,CUST-00003,Ana Khan,Small Business,United States,North America,Beauty,Lip Balm,1,19.76,0.0,12.74,PayPal,Completed
ORD-105624,2024-03-17,CUST-00607,Noah Martinez,Small Business,Brazil,South America,Sports & Outdoors,Yoga Mat,1,143.29,0.1,19.36,Debit Card,Completed
ORD-100010,2024-09-27,CUST-00501,Hiro Muller,Enterprise,United Kingdom,Europe,Beauty,Lip Balm,1,33.65,0.0,6.81,Debit Card,Completed
ORD-102454,2024-06-10,CUST-00136,Mary Rossi,Consumer,Singapore,Asia,Electronics,Bluetooth Speaker,2,159.51,0.0,21.34,Credit Card,Completed
ORD-100874,2024-06-25,CUST-00421,Sofia Smith,Consumer,United Kingdom,Europe,Home & Kitchen,Storage Bin,1,80.95,0.0,13.92,Credit Card,Cancelled
ORD-104399,2023-12-20,CUST-00738,Ana Martinez,Small Business,Germany,Europe,Apparel,Baseball Cap,1,39.03,0.0,20.93,Credit Card,Completed
ORD-106619,2024-11-22,CUST-00695,Carlos Muller,Consumer,Italy,Europe,Sports & Outdoors,Water Bottle,2,155.57,0.0,12.54,PayPal,Completed
ORD-103679,2024-06-04,CUST-00301,Mary Martinez,,United States,North America,Beauty,Lip Balm,1,54.22,0.0,22.54,PayPal,Completed
ORD-106950,2023-09-20,CUST-00386,David Johnson,Consumer,United States,North America,Apparel,T-Shirt,2,45.99,0.1,14.16,Bank Transfer,Completed
ORD-106554,2024-04-25,CUST-00337,Ahmed Tanaka,Consumer,Italy,Europe,Apparel,Wool Socks,3,69.23,0.15,17.36,Credit Card,Completed
ORD-105916,2024-06-17,CUST-00663,Patricia Garcia,Small Business,Mexico,South America,Office,Notebook Set,1,62.58,0.15,2.25,PayPal,Completed
ORD-104292,2024-08-12,CUST-00182,Fatima Nakamura,Consumer,Germany,Europe,Apparel,Running Shoes,1,72.62,0.0,11.1,Credit Card,Completed
ORD-106738,2023-11-12,CUST-00515,Wei Davis,Consumer,Germany,Europe,Sports & Outdoors,Yoga Mat,1,91.49,0.1,21.47,Bank Transfer,Completed
ORD-106455,2024-10-25,CUST-00328,John Costa,Small Business,Germany,Europe,Apparel,Denim Jacket,1,8.28,0.0,19.11,Credit Card,Completed
ORD-105577,2024-06-02,CUST-00003,Ana Khan,Small Business,United States,North America,Electronics,USB-C Cable,3,75.56,0.0,4.18,Bank Transfer,Completed
ORD-106132,2023-07-13,CUST-00140,Chen Khan,Consumer,Brazil,South America,Office,Desk Organizer,1,6.69,0.0,22.27,Credit Card,Returned
ORD-104882,2024-09-12,CUST-00629,Fatima Miller,Consumer,United States,North America,Sports & Outdoors,Water Bottle,2,166.11,0.0,10.93,Credit Card,Completed
ORD-102731,2024-07-25,CUST-00273,Robert Rossi,Consumer,Spain,Europe,Beauty,Shampoo,1,23.33,0.0,19.0,Credit Card,Completed
ORD-106743,2023-06-12,CUST-00413,Ahmed Jones,Consumer,United States,North America,Sports & Outdoors,Resistance Bands,1,154.08,0.15,10.43,Credit Card,Completed
ORD-105017,2024-03-07,CUST-00079,Jennifer Dubois,Small Business,Germany,Europe,Electronics,USB-C Cable,2,205.18,0.0,2.92,Credit Card,Completed
ORD-100285,2023-12-28,CUST-00730,Elizabeth Zhang,Consumer,Brazil,South America,Apparel,T-Shirt,1,76.61,0.0,19.33,Bank Transfer,Completed
ORD-102037,2024-03-02,CUST-00031,Tom Brown,Small Business,Germany,Europe,Office,Wireless Mouse,2,65.24,0.0,12.9,Credit Card,Completed
ORD-104084,2024-11-02,CUST-00492,Olivia Martinez,Consumer,Germany,Europe,Home & Kitchen,Throw Pillow,3,138.19,0.05,7.93,Credit Card,Completed
ORD-103683,2024-10-06,CUST-00803,Emma Zhang,Consumer,United Kingdom,Europe,Apparel,T-Shirt,1,56.41,0.0,11.8,Bank Transfer,Completed
ORD-106790,2023-06-24,CUST-00545,Emma Silva,Small Business,Mexico,South America,Beauty,Shampoo,1,17.75,0.05,6.62,Debit Card,Returned
ORD-101898,2023-01-31,CUST-00278,Jennifer Zhang,Consumer,Italy,Europe,Electronics,Headphones,3,159.89,0.0,19.97,Debit Card,Cancelled
ORD-102999,2023-10-12,CUST-00511,Linda Miller,Consumer,France,Europe,Office,Wireless Mouse,2,19.51,0.0,6.62,Credit Card,Completed
ORD-105793,2024-11-13,CUST-00251,Emma Garcia,Consumer,Canada,North America,Sports & Outdoors,Hiking Backpack,2,42.82,0.0,2.66,Debit Card,Cancelled
ORD-103344,2023-12-10,CUST-00119,Liam Martinez,Consumer,India,Asia,Office,Wireless Mouse,3,5.01,0.05,5.37,Credit Card,Returned
ORD-106277,2023-11-01,CUST-00216,Linda Rossi,Consumer,France,Europe,Apparel,Baseball Cap,2,23.41,0.0,15.37,Bank Transfer,Completed
ORD-104535,2024-06-08,CUST-00347,Sofia Rodriguez,Consumer,United States,North America,Home & Kitchen,Cutting Board,2,62.93,0.2,6.53,Credit Card,Completed
ORD-104286,2024-04-19,CUST-00411,Wei Jones,Consumer,United States,North America,Sports & Outdoors,Water Bottle,1,103.4,0.0,4.86,Credit Card,Cancelled
ORD-102197,2023-11-18,CUST-00045,Grace Zhang,Consumer,Spain,Europe,Sports & Outdoors,Camping Tent,1,126.34,0.0,20.78,Credit Card,Completed
ORD-102311,2023-06-07,CUST-00607,Noah Martinez,Small Business,Brazil,South America,Beauty,Sunscreen SPF50,1,44.77,0.1,5.04,Bank Transfer,Completed
ORD-100499,2023-08-25,CUST-00227,Wei Williams,Consumer,United States,North America,Electronics,Smartphone Case,1,143.31,0.05,22.4,Bank Transfer,Completed
ORD-102547,2024-01-01,CUST-00164,Wei Zhang,, italy ,Europe,Office,Notebook Set,1,48.27,0.05,22.66,PayPal,Completed
ORD-102783,2023-11-10,CUST-00196,Lucas Silva,Consumer,United Kingdom,Europe,Beauty,Lip Balm,1,40.77,0.2,23.82,Credit Card,Completed
ORD-102406,2024-09-27,CUST-00559,Patricia Khan,Enterprise,India,Asia,Sports & Outdoors,Resistance Bands,1,11.51,0.15,14.94,PayPal,Completed
ORD-105946,2024-06-23,CUST-00436,Grace Dubois,Consumer, italy ,Europe,Office,Notebook Set,1,34.26,0.2,10.81,Credit Card,Completed
ORD-106946,2023-08-15,CUST-00351,Ines Muller,Consumer,Canada,North America,Electronics,Smartphone Case,3,183.03,0.0,14.99,PayPal,Completed
ORD-104423,2023-04-04,CUST-00746,Ahmed Rossi,Consumer,United Kingdom,Europe,Apparel,Wool Socks,1,18.44,0.0,5.57,Credit Card,Completed
ORD-100380,2024-04-19,CUST-00068,Elizabeth Nakamura,Consumer,United States,North America,Home & Kitchen,Coffee Maker,1,107.21,0.05,8.59,PayPal,Completed
ORD-106309,2023-11-14,CUST-00267,Mia Tanaka,Small Business,India,Asia,Home & Kitchen,Coffee Maker,5,80.91,0.05,22.42,Credit Card,Completed
ORD-105078,2024-02-18,CUST-00440,Robert Smith,Small Business,Australia,Oceania,Apparel,Wool Socks,1,34.78,0.1,14.83,Credit Card,Completed
ORD-103139,2023-03-09,CUST-00502,Olivia Rodriguez,Small Business,Germany,Europe,Home & Kitchen,Storage Bin,2,89.29,0.15,15.33,Gift Card,Completed
ORD-101687,2024-07-14,CUST-00092,Ahmed Zhang,Small Business,United Kingdom,Europe,Electronics,Smartphone Case,5,212.15,0.0,11.23,Credit Card,Completed
ORD-101053,2023-11-11,CUST-00440,Robert Smith,Small Business,Australia,Oceania,Home & Kitchen,Blender,1,72.94,0.0,17.09,PayPal,Returned
ORD-100191,2024-09-27,CUST-00493,Tom Rodriguez,Enterprise,Germany,Europe,Home & Kitchen,Throw Pillow,2,124.37,0.0,11.73,Debit Card,Completed
ORD-102789,2024-09-12,CUST-00729,Ines Kumar,Consumer,Japan,Asia,Sports & Outdoors,Camping Tent,1,126.65,0.0,24.01,PayPal,Completed
ORD-103499,2023-06-04,CUST-00707,Tom Williams,Consumer,Canada,North America,Home & Kitchen,Cutting Board,1,145.49,0.0,8.88,PayPal,Completed
ORD-102388,2024-04-25,CUST-00225,Jennifer Nakamura,Small Business,Spain,Europe,Electronics,Bluetooth Speaker,2,21.32,0.1,7.55,Credit Card,Completed
ORD-101721,2024-11-14,CUST-00635,James Costa,Consumer,Spain,Europe,Electronics,Smartphone Case,1,201.83,0.0,14.5,PayPal,Completed
ORD-103680,2024-08-05,CUST-00384,Michael Rossi,Consumer,Australia,Oceania,Beauty,Hair Dryer,1,15.23,0.0,16.05,PayPal,Completed
ORD-103558,2023-12-28,CUST-00558,,Small Business,United States,North America,Sports & Outdoors,Yoga Mat,1,162.24,0.0,7.43,PayPal,Completed
ORD-100021,2024-01-03,CUST-00765,Olivia Silva,Consumer,United Kingdom,Europe,Apparel,T-Shirt,1,35.4,0.0,6.18,PayPal,Completed
ORD-106076,2024-07-07,CUST-00679,Ana Williams,Small Business,Brazil,South America,Electronics,Bluetooth Speaker,1,65.32,0.0,6.01,Debit Card,Completed
ORD-103516,2024-03-22,CUST-00249,Patricia Kumar,Consumer,United Kingdom,Europe,Electronics,Laptop Stand,2,154.7,0.0,20.73,PayPal,Completed
ORD-102535,2024-04-07,CUST-00662,Hiro Jones,Small Business,Brazil,South America,Beauty,Shampoo,2,9.9,0.0,6.03,PayPal,Completed
ORD-106202,2023-11-03,CUST-00807,John Johnson,Enterprise,United States,North America,Electronics,Headphones,1,183.67,0.0,4.9,Debit Card,Completed
ORD-106865,2024-07-24,CUST-00615,Grace Brown,Enterprise,United States,North America,Home & Kitchen,Blender,3,62.08,0.0,10.81,Credit Card,Completed
ORD-104658,2024-08-29,CUST-00806,Wei Williams,Consumer, france ,Europe,Home & Kitchen,Blender,-2,72.16,0.0,13.02,Credit Card,Completed
ORD-102021,2023-12-27,CUST-00519,Ines Jones,,Brazil,South America,Sports & Outdoors,Resistance Bands,1,150.03,0.0,17.69,PayPal,Completed
ORD-106873,2024-12-05,CUST-00554,Linda Smith,Consumer,Spain,Europe,Beauty,Sunscreen SPF50,3,14.8,0.05,15.79,Credit Card,Completed
ORD-104287,2023-09-19,CUST-00744,Patricia Muller,Consumer,Italy,Europe,Electronics,Headphones,1,176.53,0.05,11.64,Debit Card,Returned
ORD-104877,2024-06-21,CUST-00047,Liam Khan,Consumer,Germany,Europe,Electronics,Laptop Stand,1,26.38,0.0,6.79,PayPal,Completed
ORD-105268,2023-11-14,CUST-00670,David Williams,Consumer,India,Asia,Home & Kitchen,Throw Pillow,3,47.31,0.0,14.49,PayPal,Completed
ORD-100209,2023-11-18,CUST-00438,Patricia Dubois,Consumer,United States,North America,Apparel,Wool Socks,1,39.1,0.0,7.45,Credit Card,Completed
ORD-105657,2023-10-08,CUST-00570,Olivia Rodriguez,Small Business,United Kingdom,Europe,Sports & Outdoors,Resistance Bands,1,45.02,0.0,9.67,Credit Card,Completed
ORD-106679,2024-10-21,CUST-00635,James Costa,Consumer,Spain,Europe,Office,Standing Desk Mat,1,4.04,0.0,22.22,Credit Card,Completed
ORD-100190,2023-10-18,CUST-00239,David Khan,Consumer,France,Europe,Apparel,T-Shirt,1,77.39,0.0,12.7,Bank Transfer,Completed
ORD-104942,2024-09-30,CUST-00266,Ana Miller,Consumer,United States,North America,Apparel,Denim Jacket,2,73.71,0.0,5.31,Credit Card,Completed
ORD-105022,2023-11-03,CUST-00453,Tom Kumar,Consumer,India,Asia,Electronics,Laptop Stand,1,114.97,0.0,8.8,Credit Card,Completed
ORD-100151,2024-08-28,CUST-00365,Mia Garcia,Consumer,France,Europe,Beauty,Face Serum,1,34.17,0.0,20.7,Gift Card,Completed
ORD-100023,2023-05-03,CUST-00656,Carlos Johnson,,Singapore,Asia,Electronics,Bluetooth Speaker,2,163.42,0.0,22.29,Debit Card,Completed
ORD-106259,2024-01-24,CUST-00360,Carlos Martinez,Small Business,United Kingdom,Europe,Sports & Outdoors,Camping Tent,1,56.78,0.0,14.38,Credit Card,Completed
ORD-103703,2024-02-29,CUST-00663,Patricia Garcia,Small Business,Mexico,South America,Office,Wireless Mouse,1,47.66,0.0,16.82,PayPal,Completed
ORD-106654,2024-07-29,CUST-00007,Chen Costa,Small Business,India,Asia,Electronics,USB-C Cable,1,170.57,0.0,5.51,Bank Transfer,Completed
ORD-101332,2023-11-06,CUST-00548,,Consumer,United States,North America,Electronics,Headphones,1,134.49,0.15,16.11,Credit Card,Cancelled
ORD-103953,2024-08-07,CUST-00256,Robert Smith,Consumer,United States,North America,Sports & Outdoors,Camping Tent,2,53.33,0.05,10.22,Bank Transfer,Cancelled
ORD-100658,2024-06-27,CUST-00302,James Martinez,Enterprise,Italy,Europe,Apparel,Baseball Cap,1,39.96,0.0,10.3,PayPal,Completed
ORD-105620,2024-09-10,CUST-00025,Grace Rossi,Consumer,United States,North America,Beauty,Hair Dryer,1,35.34,0.0,12.79,PayPal,Completed
ORD-103476,2024-07-12,CUST-00152,Ahmed Brown,Consumer,United States,North America,Beauty,Lip Balm,1,40.78,0.2,9.72,Credit Card,Completed
ORD-101383,2024-09-11,CUST-00755,Fatima Martinez,Consumer,France,Europe,Office,Wireless Mouse,1,13.69,0.0,19.72,Gift Card,Completed
ORD-101808,2024-05-23,CUST-00032,John Davis,Consumer,Spain,Europe,Office,Notebook Set,1,51.47,0.0,20.4,Credit Card,Completed
ORD-104495,2024-09-16,CUST-00662,Hiro Jones,Small Business,Brazil,South America,Beauty,Lip Balm,1,33.85,0.2,24.2,PayPal,Completed
ORD-102799,2024-01-10,CUST-00121,John Dubois,Consumer,United States,North America,Office,Desk Organizer,1,55.33,0.0,22.98,Debit Card,Completed
ORD-101963,2024-06-21,CUST-00545,Emma Silva,Small Business,Mexico,South America,Office,Desk Organizer,1,49.55,0.15,19.33,Credit Card,Cancelled
ORD-106935,2024-06-03,CUST-00297,Elizabeth Brown,Small Business,United Kingdom,Europe,Sports & Outdoors,Yoga Mat,2,147.79,0.0,,PayPal,Returned
ORD-103118,2024-10-13,CUST-00618,Linda Dubois,Consumer,India,Asia,Beauty,Face Serum,2,34.42,0.0,2.58,PayPal,Completed
ORD-100551,2024-07-29,CUST-00064,Priya Garcia,Enterprise,Canada,North America,Electronics,Bluetooth Speaker,1,105.98,0.05,24.18,Gift Card,Completed
ORD-106845,2024-02-25,CUST-00585,James Rossi,Small Business,United Kingdom,Europe,Office,Notebook Set,1,41.61,0.1,4.45,PayPal,Completed
ORD-106871,2024-01-13,CUST-00074,Robert Davis,Consumer,Germany,Europe,Home & Kitchen,Cutting Board,1,29.95,0.2,4.65,Debit Card,Completed
ORD-103077,2023-08-01,CUST-00482,,Consumer,France,Europe,Office,Pen Pack,1,69.18,0.0,2.2,Credit Card,Completed
ORD-102980,2024-02-23,CUST-00578,Raj Johnson,Small Business,Canada,North America,Office,Standing Desk Mat,1,50.46,0.0,4.18,PayPal,Completed
ORD-105165,2024-09-22,CUST-00008,,Enterprise,Australia,Oceania,Electronics,Bluetooth Speaker,1,24.96,0.1,13.14,Credit Card,Completed
ORD-103332,2024-05-31,CUST-00191,Raj Miller,Small Business,Germany,Europe,Electronics,Smartphone Case,1,79.73,0.0,17.55,Gift Card,Completed
ORD-100940,2024-09-23,CUST-00488,Patricia Kumar,Consumer,United Kingdom,Europe,Office,Notebook Set,1,52.98,0.1,,Credit Card,Returned
ORD-102470,2023-06-07,CUST-00094,Hiro Rossi,Consumer,United States,North America,Electronics,Headphones,1,184.4,0.0,23.71,PayPal,Completed
ORD-102818,2024-02-16,CUST-00364,Lucas Martinez,,Italy,Europe,Electronics,USB-C Cable,1,197.74,0.0,8.81,PayPal,Completed
ORD-106941,2024-08-06,CUST-00172,Robert Garcia,Consumer,United States,North America,Apparel,Denim Jacket,4,46.78,0.0,11.14,Bank Transfer,Completed
ORD-104385,2024-10-14,CUST-00083,Ana Silva,Consumer,United Kingdom,Europe,Electronics,USB-C Cable,1,112.95,0.2,15.02,Debit Card,Cancelled
ORD-102911,2023-04-29,CUST-00622,Patricia Kumar,Small Business,Australia,Oceania,Electronics,Bluetooth Speaker,2,60.25,0.0,23.74,PayPal,Completed
ORD-104819,2024-09-12,CUST-00689,Noah Rodriguez,Enterprise,Germany,Europe,Office,Standing Desk Mat,1,57.19,0.1,14.12,PayPal,Completed
ORD-102104,2024-12-29,CUST-00711,Michael Jones,Small Business,Mexico,South America,Electronics,Headphones,2,155.49,0.0,7.86,PayPal,Completed
ORD-101528,2024-03-16,CUST-00839,Carlos Jones,Small Business, united states ,North America,Apparel,Wool Socks,4,21.05,0.0,11.34,Credit Card,Completed
ORD-100341,2024-07-21,CUST-00515,Wei Davis,Consumer,Germany,Europe,Home & Kitchen,Coffee Maker,1,101.24,0.0,12.13,Debit Card,Completed
ORD-102415,2024-07-12,CUST-00703,Ahmed Tanaka,Enterprise,United Kingdom,Europe,Office,Pen Pack,1,20.26,0.0,20.1,Credit Card,Completed
ORD-103535,2024-10-30,CUST-00751,Yuki Kumar,Small Business,United Kingdom,Europe,Sports & Outdoors,Yoga Mat,2,50.3,0.0,21.03,PayPal,Completed
ORD-105948,2023-05-17,CUST-00681,,Small Business,Spain,Europe,Beauty,Face Serum,1,5.55,0.0,12.55,PayPal,Completed
ORD-100421,2024-11-02,CUST-00383,Linda Tanaka,,Germany,Europe,Apparel,Denim Jacket,2,46.5,0.0,11.83,Credit Card,Completed
ORD-100762,2024-07-02,CUST-00813,Mary Zhang,Small Business,Germany,Europe,Beauty,Sunscreen SPF50,1,33.88,0.05,16.04,PayPal,Completed
ORD-102390,2024-03-31,CUST-00333,David Silva,Consumer,Mexico,South America,Electronics,USB-C Cable,1,216.37,0.0,2.56,PayPal,Returned
ORD-103321,2023-06-07,CUST-00544,Noah Rodriguez,Consumer,Australia,Oceania,Apparel,Wool Socks,2,43.81,0.1,3.5,Bank Transfer,Completed
ORD-104233,2024-09-06,CUST-00048,Yuki Martinez,Enterprise,France,Europe,Office,Standing Desk Mat,1,15.28,0.1,21.8,Debit Card,Completed
ORD-100865,2023-10-23,CUST-00608,Ines Martinez,Consumer,Spain,Europe,Home & Kitchen,Cutting Board,1,134.4,0.1,14.78,Credit Card,Completed
ORD-101869,2023-11-21,CUST-00099,Chen Costa,Enterprise,Mexico,South America,Electronics,Laptop Stand,1,192.58,0.1,22.2,PayPal,Completed
ORD-102389,2023-10-19,CUST-00292,Grace Davis,,Australia,Oceania,Office,Standing Desk Mat,4,8.08,0.0,9.3,Credit Card,Completed
ORD-103542,2024-04-27,CUST-00224,Hiro Rodriguez,Consumer,France,Europe,Electronics,Laptop Stand,2,113.79,0.0,16.61,Credit Card,Completed
ORD-104638,2024-02-18,CUST-00421,Sofia Smith,Consumer,UNITED KINGDOM,Europe,Home & Kitchen,Throw Pillow,5,130.17,0.0,3.42,Credit Card,Completed
ORD-103676,2024-06-07,CUST-00771,,Consumer,United Kingdom,Europe,Electronics,Laptop Stand,2,177.7,0.15,23.62,Credit Card,Returned
ORD-100770,2023-04-04,CUST-00839,Carlos Jones,Small Business,UNITED STATES,North America,Electronics,Headphones,4,89.8,0.0,19.36,Credit Card,Completed
ORD-100885,2023-07-15,CUST-00295,Olivia Dubois,Consumer,United States,North America,Electronics,Bluetooth Speaker,1,175.34,0.05,5.74,Credit Card,Returned
ORD-105412,2023-09-24,CUST-00358,Tom Silva,Consumer,Brazil,South America,Beauty,Hair Dryer,1,54.35,0.0,7.74,Gift Card,Cancelled
ORD-106033,2024-09-24,CUST-00724,Ana Kumar,Consumer,Canada,North America,Beauty,Lip Balm,4,28.21,0.0,20.05,PayPal,Completed
ORD-106728,2024-02-26,CUST-00836,Chen Johnson,Enterprise,Brazil,South America,Home & Kitchen,Throw Pillow,1,59.18,0.0,22.45,Credit Card,Completed
ORD-102527,2024-05-28,CUST-00108,Chen Martinez,Consumer,France,Europe,Beauty,Lip Balm,1,49.85,0.1,15.8,Bank Transfer,Completed
ORD-104088,2023-12-11,CUST-00442,Olivia Khan,Consumer,Australia,Oceania,Electronics,USB-C Cable,2,139.9,0.0,24.16,Credit Card,Completed
ORD-105278,2024-05-06,CUST-00344,Priya Rodriguez,Consumer,India,Asia,Apparel,Running Shoes,1,20.28,0.0,15.92,Credit Card,Completed
ORD-101287,2024-10-22,CUST-00275,Patricia Garcia,Small Business,Singapore,Asia,Home & Kitchen,Storage Bin,3,91.88,0.0,21.9,Bank Transfer,Completed
ORD-105954,2024-09-16,CUST-00510,Hiro Martinez,Consumer,Canada,North America,Home & Kitchen,Cutting Board,1,131.97,0.0,19.61,Credit Card,Completed
ORD-104034,2024-08-08,CUST-00347,Sofia Rodriguez,Consumer,United States,North America,Beauty,Lip Balm,1,39.05,0.0,6.49,Debit Card,Completed
ORD-100711,2023-08-19,CUST-00563,Elizabeth Kumar,Consumer,France,Europe,Electronics,Headphones,2,171.83,0.0,3.23,Debit Card,Completed
ORD-106559,2024-08-11,CUST-00155,Linda Dubois,Consumer,FRANCE,Europe,Apparel,Denim Jacket,4,48.88,0.0,12.87,Credit Card,Completed
ORD-106618,2024-10-06,CUST-00646,Mary Williams,Consumer,Spain,Europe,Electronics,Laptop Stand,2,124.41,0.0,21.93,Credit Card,Completed
ORD-100099,2023-12-02,CUST-00767,Raj Smith,Small Business,Brazil,South America,Electronics,USB-C Cable,1,130.2,0.0,2.16,PayPal,Completed
ORD-100891,2024-04-29,CUST-00382,Ines Costa,Consumer,United Kingdom,Europe,Sports & Outdoors,Water Bottle,1,42.65,0.0,6.01,Debit Card,Completed
ORD-105361,2023-07-21,CUST-00587,Jennifer Dubois,Enterprise,United Kingdom,Europe,Apparel,Running Shoes,1,72.28,0.1,8.68,PayPal,Completed
ORD-101983,2024-05-03,CUST-00733,James Johnson,Consumer,Canada,North America,Apparel,Running Shoes,1,75.44,0.0,23.68,Bank Transfer,Completed
ORD-102973,2024-09-02,CUST-00592,Ahmed Rossi,Small Business,France,Europe,Electronics,USB-C Cable,1,19.5,0.0,2.33,Bank Transfer,Completed
ORD-104121,2024-05-17,CUST-00191,Raj Miller,Small Business,Germany,Europe,Sports & Outdoors,Water Bottle,1,90.76,0.0,5.68,Credit Card,Completed
ORD-103438,2023-10-24,CUST-00202,Emma Tanaka,Enterprise,Japan,Asia,Home & Kitchen,Throw Pillow,1,32.97,0.0,16.37,Credit Card,Completed
ORD-101040,2024-03-31,CUST-00597,Mia Rossi,Consumer,India,Asia,Home & Kitchen,Blender,2,48.99,0.0,20.7,Credit Card,Completed
ORD-104963,2024-05-19,CUST-00835,Hiro Nakamura,Small Business,Canada,North America,Electronics,Smartphone Case,1,89.79,0.0,24.93,Debit Card,Completed
ORD-106561,2023-12-28,CUST-00099,Chen Costa,Enterprise,Mexico,South America,Electronics,USB-C Cable,1,103.82,0.05,,Credit Card,Completed
ORD-102596,2023-09-05,CUST-00334,,Consumer,Germany,Europe,Electronics,Bluetooth Speaker,4,52.04,0.05,14.17,PayPal,Completed
ORD-105042,2024-03-17,CUST-00213,Ines Muller,Small Business,Japan,Asia,Apparel,Baseball Cap,1,21.93,0.0,10.43,PayPal,Returned
ORD-101063,2023-03-30,CUST-00242,,Consumer,United States,North America,Apparel,Running Shoes,2,43.21,0.0,16.52,Credit Card,Completed
ORD-103446,2024-08-25,CUST-00202,Emma Tanaka,Enterprise,Japan,Asia,Beauty,Lip Balm,2,29.82,0.05,,Debit Card,Completed
ORD-101251,2024-08-14,CUST-00106,Ana Miller,Consumer,India,Asia,Electronics,Smartphone Case,1,129.02,0.0,2.83,Credit Card,Completed
ORD-105181,2024-09-06,CUST-00510,Hiro Martinez,Consumer,Canada,North America,Sports & Outdoors,Resistance Bands,1,105.04,0.15,17.26,Credit Card,Returned
ORD-101466,2024-01-31,CUST-00784,Elizabeth Smith,Consumer, australia ,Oceania,Office,Standing Desk Mat,1,11.94,0.0,14.34,Debit Card,Completed
ORD-104971,2023-07-12,CUST-00595,Hiro Garcia,Consumer, canada ,North America,Sports & Outdoors,Resistance Bands,1,146.99,0.0,4.17,PayPal,Completed
ORD-105708,2023-04-20,CUST-00640,John Tanaka,Consumer,Brazil,South America,Apparel,Baseball Cap,1,68.29,0.0,16.15,Credit Card,Completed
ORD-101992,2024-07-31,CUST-00725,Priya Kumar,,United Kingdom,Europe,Office,Notebook Set,3,24.4,0.1,19.11,Bank Transfer,Completed
ORD-105974,2024-12-02,CUST-00263,Ana Costa,Consumer,Japan,Asia,Electronics,Headphones,3,21.44,0.0,8.59,PayPal,Completed
ORD-101399,2024-04-21,CUST-00424,Emma Martinez,Enterprise,United Kingdom,Europe,Apparel,Wool Socks,1,54.28,0.0,19.37,Credit Card,Completed
ORD-100671,2024-02-09,CUST-00387,Robert Rodriguez,Small Business,United States,North America,Apparel,Denim Jacket,2,8.15,0.0,5.22,PayPal,Completed
ORD-101263,2024-02-11,CUST-00848,James Rodriguez,Consumer,Canada,North America,Beauty,Lip Balm,2,5.77,0.0,24.99,PayPal,Completed
ORD-105271,2023-10-16,CUST-00581,Hiro Jones,Consumer,United States,North America,Apparel,Baseball Cap,1,75.8,0.05,14.23,Credit Card,Completed
ORD-102762,2024-04-11,CUST-00634,James Johnson,Consumer,United States,North America,Electronics,USB-C Cable,2,156.69,0.0,14.54,Credit Card,Completed
ORD-104691,2024-04-11,CUST-00832,Tom Dubois,Enterprise,France,Europe,Beauty,Sunscreen SPF50,1,19.59,0.0,6.88,Credit Card,Completed
ORD-103154,2024-04-06,CUST-00060,Grace Nakamura,Enterprise,India,Asia,Beauty,Lip Balm,1,25.45,0.0,16.71,Bank Transfer,Completed
ORD-105968,2023-09-20,CUST-00194,Priya Miller,Consumer,France,Europe,Electronics,USB-C Cable,1,74.78,0.0,5.7,Credit Card,Completed
ORD-102023,2024-08-09,CUST-00021,Sofia Muller,Consumer,France,Europe,Apparel,Wool Socks,1,88.58,0.0,,Credit Card,Returned
ORD-101197,2024-01-02,CUST-00417,Fatima Rossi,Enterprise,United States,North America,Home & Kitchen,Coffee Maker,2,56.54,0.0,6.52,Credit Card,Completed
ORD-100417,2024-08-23,CUST-00547,Robert Jones,Small Business,INDIA,Asia,Sports & Outdoors,Yoga Mat,1,119.54,0.2,6.7,PayPal,Completed
ORD-104923,2023-08-17,CUST-00208,,Enterprise,Germany,Europe,Electronics,Bluetooth Speaker,2,197.59,0.0,13.41,Credit Card,Completed
ORD-104832,2024-04-24,CUST-00604,Sofia Johnson,Consumer,GERMANY,Europe,Apparel,Denim Jacket,2,21.73,0.05,21.54,Debit Card,Completed
ORD-104586,2024-01-14,CUST-00610,Yuki Martinez,Enterprise,Germany,Europe,Electronics,Bluetooth Speaker,1,117.58,0.0,9.43,PayPal,Completed
ORD-105478,2023-10-09,CUST-00127,Ana Davis,Small Business,France,Europe,Sports & Outdoors,Camping Tent,1,25.47,0.0,12.61,PayPal,Returned
ORD-100849,2023-05-30,CUST-00727,Tom Garcia,Enterprise,Japan,Asia,Electronics,Smartphone Case,1,33.21,0.0,7.59,Credit Card,Returned
ORD-103448,2024-04-23,CUST-00732,Linda Johnson,Consumer,Japan,Asia,Office,Wireless Mouse,1,9.32,0.0,4.81,PayPal,Completed
ORD-104565,2024-11-20,CUST-00294,Olivia Zhang,Consumer,Spain,Europe,Home & Kitchen,Blender,1,42.97,0.0,20.67,Credit Card,Completed
ORD-104000,2024-08-17,CUST-00087,Raj Johnson,,United States,North America,Beauty,Hair Dryer,2,25.76,0.0,24.16,PayPal,Completed
ORD-101012,2024-03-13,CUST-00344,Priya Rodriguez,Consumer,India,Asia,Apparel,Baseball Cap,1,54.16,0.0,15.79,Credit Card,Completed
ORD-104190,2024-09-09,CUST-00040,Liam Tanaka,Consumer,Spain,Europe,Sports & Outdoors,Resistance Bands,2,45.28,0.0,23.31,Debit Card,Completed
ORD-102644,2024-05-09,CUST-00120,Ines Khan,Consumer,Spain,Europe,Apparel,Denim Jacket,3,73.9,0.0,16.76,PayPal,Returned
ORD-104201,2023-12-27,CUST-00016,Sofia Costa,Consumer,United Kingdom,Europe,Apparel,Wool Socks,1,10.57,0.0,12.47,Credit Card,Cancelled
ORD-104169,2024-04-14,CUST-00599,Mia Dubois,Consumer,France,Europe,Sports & Outdoors,Resistance Bands,1,76.81,0.0,4.86,Credit Card,Completed
ORD-101237,2024-12-12,CUST-00257,John Williams,Small Business,Canada,North America,Apparel,Denim Jacket,1,35.13,0.0,6.08,Credit Card,Completed
ORD-102412,2024-05-07,CUST-00029,Wei Smith,Consumer,India,Asia,Beauty,Shampoo,1,32.66,0.0,14.61,Credit Card,Completed
ORD-101704,2023-09-20,CUST-00529,Fatima Silva,Enterprise,United Kingdom,Europe,Apparel,Baseball Cap,1,43.51,0.0,2.06,Credit Card,Completed
ORD-103605,2023-09-01,CUST-00585,James Rossi,Small Business,United Kingdom,Europe,Home & Kitchen,Blender,1,149.35,0.0,2.82,Credit Card,Completed
ORD-100899,2024-06-20,CUST-00669,Jennifer Williams,,Germany,Europe,Beauty,Hair Dryer,4,8.97,0.1,14.6,Credit Card,Completed
ORD-106383,2024-08-09,CUST-00731,Tom Williams,Consumer,India,Asia,Electronics,Bluetooth Speaker,2,141.12,0.0,13.04,Credit Card,Completed
ORD-104130,2023-12-26,CUST-00015,Lucas Tanaka,Consumer,Singapore,Asia,Sports & Outdoors,Resistance Bands,4,116.23,0.0,14.37,Credit Card,Completed
ORD-100201,2023-06-25,CUST-00474,Michael Nakamura,Small Business,Germany,Europe,Beauty,Face Serum,3,7.86,0.0,23.9,Credit Card,Completed
ORD-101728,2024-03-06,CUST-00771,Lucas Nakamura,Consumer,United Kingdom,Europe,Electronics,Smartphone Case,1,62.06,0.05,11.64,Credit Card,Completed
ORD-103753,2023-10-02,CUST-00259,Liam Smith,Small Business, spain ,Europe,Home & Kitchen,Blender,1,131.77,0.05,4.25,Credit Card,Completed
ORD-105328,2023-12-16,CUST-00767,Raj Smith,Small Business,Brazil,South America,Beauty,Face Serum,1,21.56,0.15,18.23,Credit Card,Completed
ORD-103627,2024-08-18,CUST-00808,Robert Brown,Small Business,United States,North America,Apparel,Baseball Cap,1,18.41,0.0,16.72,PayPal,Completed
ORD-104415,2023-10-20,CUST-00398,Ines Davis,Small Business,Mexico,South America,Beauty,Lip Balm,1,9.89,0.0,11.09,Bank Transfer,Completed
ORD-100735,2023-08-09,CUST-00633,Linda Muller,Consumer,United States,North America,Electronics,Bluetooth Speaker,1,98.54,0.1,17.61,PayPal,Completed
ORD-105059,2024-07-14,CUST-00747,Tom Davis,,United Kingdom,Europe,Home & Kitchen,Cutting Board,1,12.81,0.0,19.9,Debit Card,Completed
ORD-102740,2024-01-16,CUST-00434,Grace Davis,Consumer,France,Europe,Home & Kitchen,Storage Bin,1,135.55,0.0,11.45,Debit Card,Completed
ORD-101207,2024-04-15,CUST-00399,Tom Rossi,Consumer,Canada,North America,Electronics,Headphones,1,139.38,0.0,20.49,Credit Card,Completed
ORD-106718,2024-09-23,CUST-00552,David Williams,Enterprise,United Kingdom,Europe,Beauty,Lip Balm,1,52.41,0.05,24.11,Credit Card,Completed
ORD-103440,2024-04-13,CUST-00694,Jennifer Smith,Consumer,United States,North America,Beauty,Shampoo,1,47.43,0.0,13.19,Debit Card,Completed
ORD-100600,2024-07-12,CUST-00620,Carlos Garcia,Consumer,Canada,North America,Apparel,Running Shoes,1,56.98,0.15,11.52,Credit Card,Returned
ORD-106061,2024-12-11,CUST-00323,Chen Nakamura,Consumer,France,Europe,Office,Pen Pack,2,8.59,0.0,23.39,PayPal,Completed
ORD-100401,2024-07-25,CUST-00652,Carlos Nakamura,Enterprise,Mexico,South America,Home & Kitchen,Throw Pillow,1,49.62,0.0,12.38,Credit Card,Completed
ORD-103223,2024-03-06,CUST-00744,Patricia Muller,Consumer,Italy,Europe,Sports & Outdoors,Yoga Mat,3,37.82,0.15,13.8,Gift Card,Completed
ORD-101777,2023-06-24,CUST-00061,Chen Rossi,Enterprise,France,Europe,Home & Kitchen,Cutting Board,2,123.24,0.0,18.54,Debit Card,Completed
ORD-106399,2024-02-25,CUST-00473,Elizabeth Kumar,Consumer,Australia,Oceania,Electronics,Bluetooth Speaker,3,99.19,0.1,4.39,Credit Card,Completed
ORD-100515,2024-11-14,CUST-00307,Tom Miller,Consumer,United States,North America,Office,Notebook Set,1,25.46,0.0,17.87,Credit Card,Completed
ORD-104624,2024-11-18,CUST-00248,David Williams,Small Business,United States,North America,Home & Kitchen,Throw Pillow,1,29.25,0.0,10.94,PayPal,Completed
ORD-103832,2023-04-02,CUST-00098,Patricia Johnson,Enterprise,United States,North America,Office,Pen Pack,1,31.05,0.0,2.2,Credit Card,Completed
ORD-105813,2023-05-22,CUST-00047,Liam Khan,Consumer,Germany,Europe,Sports & Outdoors,Water Bottle,1,19.19,0.0,12.42,Credit Card,Completed
ORD-105127,2024-02-27,CUST-00073,Fatima Williams,Consumer,Brazil,South America,Office,Wireless Mouse,1,53.89,0.0,21.75,Credit Card,Returned
ORD-102545,2024-02-26,CUST-00643,Patricia Davis,Small Business,United States,North America,Home & Kitchen,Throw Pillow,1,85.43,0.0,12.4,Credit Card,Completed
ORD-104380,2024-05-01,CUST-00092,Ahmed Zhang,Small Business,United Kingdom,Europe,Electronics,Bluetooth Speaker,1,164.39,0.15,13.06,Bank Transfer,Completed
ORD-105776,2024-04-01,CUST-00018,Fatima Smith,Small Business,Italy,Europe,Home & Kitchen,Storage Bin,1,132.54,0.1,11.67,Bank Transfer,Completed
ORD-100815,2024-09-16,CUST-00128,Tom Dubois,Small Business,Germany,Europe,Electronics,USB-C Cable,1,87.46,0.0,16.87,Credit Card,Completed
ORD-104432,2023-05-12,CUST-00769,Raj Rodriguez,Consumer,France,Europe,Apparel,Denim Jacket,1,81.42,0.0,7.34,PayPal,Completed
ORD-102207,2024-08-09,CUST-00115,Jennifer Costa,Consumer,Japan,Asia,Sports & Outdoors,Camping Tent,1,128.38,0.0,11.95,Debit Card,Completed
ORD-102753,2024-01-03,CUST-00400,Liam Muller,Consumer,India,Asia,Sports & Outdoors,Resistance Bands,2,107.57,0.2,24.94,PayPal,Completed
ORD-100892,2024-05-22,CUST-00227,Wei Williams,Consumer,United States,North America,Apparel,Baseball Cap,1,42.71,0.1,17.58,Debit Card,Completed
ORD-105206,2024-08-01,CUST-00586,Grace Zhang,Consumer,Mexico,South America,Beauty,Lip Balm,2,56.64,0.0,21.86,Bank Transfer,Returned
ORD-101506,2024-02-27,CUST-00501,Hiro Muller,Enterprise,United Kingdom,Europe,Electronics,Smartphone Case,4,97.83,0.0,12.9,Credit Card,Completed
ORD-106021,2024-03-09,CUST-00470,Jennifer Johnson,Small Business,India,Asia,Electronics,Laptop Stand,2,197.79,0.0,23.51,PayPal,Completed
ORD-105293,2023-09-09,CUST-00122,Carlos Johnson,Small Business,United Kingdom,Europe,Electronics,USB-C Cable,1,37.52,0.0,5.58,Credit Card,Completed
ORD-104600,2023-12-22,CUST-00351,Ines Muller,Consumer,Canada,North America,Apparel,Baseball Cap,1,67.12,0.1,15.02,Bank Transfer,Completed
ORD-105552,2024-05-22,CUST-00483,Wei Dubois,Consumer,Spain,Europe,Electronics,Laptop Stand,3,21.75,0.1,24.62,Debit Card,Completed
ORD-101036,2024-02-04,CUST-00618,Linda Dubois,Consumer,India,Asia,Sports & Outdoors,Camping Tent,1,39.21,0.0,16.01,Debit Card,Completed
ORD-104381,2024-10-28,CUST-00006,Sofia Jones,Consumer,United States,North America,Electronics,Smartphone Case,1,63.49,0.05,19.95,Bank Transfer,Completed
ORD-100220,2024-08-14,CUST-00462,Priya Nakamura,Enterprise,United States,North America,Sports & Outdoors,Camping Tent,1,134.67,0.05,17.67,Credit Card,Completed
ORD-102266,2024-01-29,CUST-00621,Mia Zhang,Enterprise,Mexico,South America,Electronics,Smartphone Case,1,155.78,0.0,2.71,Credit Card,Completed
ORD-104408,2024-01-14,CUST-00412,Elizabeth Muller,Consumer,United States,North America,Home & Kitchen,Throw Pillow,5,46.9,0.0,24.25,PayPal,Completed
ORD-103594,2024-10-23,CUST-00650,Lucas Dubois,Consumer,Brazil,South America,Beauty,Hair Dryer,2,11.11,0.0,8.98,Credit Card,Completed
ORD-104585,2024-06-02,CUST-00323,Chen Nakamura,Consumer,France,Europe,Electronics,Smartphone Case,1,132.92,0.0,11.86,PayPal,Completed
ORD-105978,2024-06-08,CUST-00518,James Rodriguez,Consumer,United Kingdom,Europe,Apparel,T-Shirt,1,28.52,0.0,17.91,PayPal,Completed
ORD-104779,2024-05-29,CUST-00319,Mary Dubois,Enterprise,Japan,Asia,Apparel,Denim Jacket,1,8.64,0.0,14.84,Debit Card,Completed
ORD-100134,2024-01-10,CUST-00732,Linda Johnson,Consumer,Japan,Asia,Electronics,USB-C Cable,1,32.4,0.0,19.28,PayPal,Completed
ORD-105870,2024-03-06,CUST-00666,Ana Khan,Consumer,United Kingdom,Europe,Electronics,Headphones,1,173.65,0.0,15.94,Credit Card,Completed
ORD-106251,2024-12-14,CUST-00428,Yuki Rodriguez,Consumer,Spain,Europe,Electronics,Headphones,1,47.33,0.0,17.64,Credit Card,Completed
ORD-102322,2024-01-22,CUST-00634,James Johnson,Consumer,United States,North America,Home & Kitchen,Blender,1,147.4,0.0,10.27,Credit Card,Completed
ORD-104005,2024-09-13,CUST-00675,Ahmed Smith,Consumer,Germany,Europe,Apparel,Denim Jacket,4,72.57,0.0,8.31,Bank Transfer,Completed
ORD-105346,2024-05-29,CUST-00591,Ana Zhang,,Spain,Europe,Electronics,Headphones,1,118.39,0.0,17.83,Credit Card,Completed
ORD-100822,2024-10-04,CUST-00323,Chen Nakamura,Consumer,France,Europe,Electronics,Laptop Stand,1,176.2,0.0,2.82,Debit Card,Completed
ORD-103523,2024-01-15,CUST-00253,Ana Miller,Enterprise,United States,North America,Home & Kitchen,Cutting Board,1,29.89,0.0,3.61,PayPal,Completed
ORD-106900,2024-10-05,CUST-00651,Emma Nakamura,Consumer,India,Asia,Office,Notebook Set,1,50.85,0.0,8.5,PayPal,Completed
ORD-101510,2024-01-27,CUST-00518,James Rodriguez,Consumer,United Kingdom,Europe,Electronics,USB-C Cable,2,98.89,0.1,6.95,Credit Card,Returned
ORD-101415,2024-08-22,CUST-00235,Jennifer Brown,Small Business, united kingdom ,Europe,Sports & Outdoors,Yoga Mat,2,176.0,0.0,23.78,Debit Card,Completed
ORD-100517,2024-11-01,CUST-00331,Mia Silva,Small Business,Japan,Asia,Electronics,Laptop Stand,2,196.2,0.0,10.61,Credit Card,Completed
ORD-103643,2024-05-05,CUST-00606,Sofia Kumar,Small Business, germany ,Europe,Electronics,Headphones,1,194.28,0.2,14.37,Bank Transfer,Completed
ORD-103531,2024-08-22,CUST-00018,Fatima Smith,Small Business,Italy,Europe,Home & Kitchen,Cutting Board,1,97.56,0.1,20.85,Credit Card,Completed
ORD-102049,2024-04-22,CUST-00617,Elizabeth Rodriguez,Small Business,Canada,North America,Home & Kitchen,Throw Pillow,2,100.06,0.0,13.58,Credit Card,Completed
ORD-104663,2024-02-16,CUST-00408,James Jones,Enterprise,Italy,Europe,Home & Kitchen,Throw Pillow,1,44.85,0.0,23.51,Credit Card,Completed
ORD-105533,2024-04-27,CUST-00059,Jennifer Brown,Consumer,Germany,Europe,Apparel,Wool Socks,2,57.99,0.0,17.74,Debit Card,Returned
ORD-105434,2024-06-04,CUST-00591,Ana Zhang,Small Business,Spain,Europe,Electronics,USB-C Cable,3,213.28,0.05,8.51,Credit Card,Completed
ORD-105020,2024-06-05,CUST-00728,Liam Nakamura,Small Business,United States,North America,Apparel,Denim Jacket,4,32.95,0.0,24.42,Debit Card,Completed
ORD-106722,2024-05-17,CUST-00414,Robert Williams,Small Business,United Kingdom,Europe,Beauty,Sunscreen SPF50,1,20.08,0.0,22.88,PayPal,Completed
ORD-100601,2024-06-11,CUST-00824,David Miller,Consumer,Australia,Oceania,Sports & Outdoors,Resistance Bands,2,19.95,0.0,10.28,Credit Card,Completed
ORD-102750,2023-12-04,CUST-00795,Sofia Brown,Consumer,United States,North America,Apparel,Denim Jacket,1,54.46,0.0,3.77,PayPal,Completed
ORD-100218,2023-09-01,CUST-00670,David Williams,Consumer,India,Asia,Home & Kitchen,Blender,1,67.63,0.05,9.39,PayPal,Completed
ORD-105217,2024-03-08,CUST-00262,Grace Silva,Enterprise,United Kingdom,Europe,Sports & Outdoors,Resistance Bands,2,172.13,0.0,12.34,PayPal,Completed
ORD-102840,2024-10-17,CUST-00348,Elizabeth Muller,Small Business,Italy,Europe,Electronics,Laptop Stand,1,53.89,0.0,9.62,PayPal,Completed
ORD-103830,2024-01-23,CUST-00605,Fatima Tanaka,Consumer,Singapore,Asia,Beauty,Shampoo,4,37.83,0.0,23.59,Credit Card,Completed
ORD-105115,2024-04-19,CUST-00482,Ines Johnson,Consumer,France,Europe,Electronics,USB-C Cable,2,16.69,0.1,11.85,PayPal,Completed
ORD-105756,2024-07-28,CUST-00740,Olivia Dubois,Enterprise,United Kingdom,Europe,Beauty,Shampoo,1,9.28,0.1,3.38,Bank Transfer,Completed
ORD-104072,2024-09-05,CUST-00355,Ana Garcia,Small Business,United Kingdom,Europe,Office,Wireless Mouse,1,51.09,0.0,6.36,Debit Card,Completed
ORD-104843,2023-12-22,CUST-00402,Priya Tanaka,,United States,North America,Sports & Outdoors,Camping Tent,2,65.37,0.0,23.75,PayPal,Completed
ORD-103037,2024-07-12,CUST-00416,Wei Garcia,Small Business,United States,North America,Apparel,Baseball Cap,1,63.93,0.0,17.19,Credit Card,Completed
ORD-100855,2023-10-11,CUST-00529,Fatima Silva,Enterprise,United Kingdom,Europe,Home & Kitchen,Throw Pillow,1,66.15,0.0,7.42,Credit Card,Completed
ORD-100488,2024-06-24,CUST-00231,Grace Garcia,Enterprise,Canada,North America,Beauty,Sunscreen SPF50,1,54.81,0.0,8.23,Debit Card,Completed
ORD-105074,2024-07-20,CUST-00753,Patricia Dubois,Small Business,United States,North America,Apparel,Running Shoes,1,24.05,0.0,11.67,Credit Card,Completed
ORD-103356,2024-03-20,CUST-00324,Tom Jones,Consumer,UNITED STATES,North America,Apparel,Denim Jacket,2,77.2,0.0,21.53,PayPal,Completed
ORD-100593,2024-10-27,CUST-00033,Lucas Davis,Consumer,United States,North America,Home & Kitchen,Throw Pillow,1,14.12,0.05,3.38,Credit Card,Completed
ORD-106630,2024-07-30,CUST-00253,Ana Miller,Enterprise,United States,North America,Sports & Outdoors,Water Bottle,1,176.24,0.0,12.84,Debit Card,Completed
ORD-101609,2024-08-24,CUST-00351,Ines Muller,Consumer,Canada,North America,Electronics,Headphones,3,17.87,0.0,15.39,Debit Card,Completed
ORD-105951,2023-06-18,CUST-00404,David Rodriguez,Small Business,Singapore,Asia,Sports & Outdoors,Water Bottle,2,88.29,0.0,2.33,Credit Card,Completed
ORD-103149,2023-11-09,CUST-00308,Fatima Costa,Small Business,France,Europe,Beauty,Face Serum,3,36.62,0.0,22.21,Debit Card,Completed
ORD-101735,2024-07-26,CUST-00064,Priya Garcia,Enterprise, canada ,North America,Office,Standing Desk Mat,2,30.44,0.05,24.74,Debit Card,Completed
ORD-100100,2023-05-16,CUST-00648,Olivia Martinez,Consumer,United States,North America,Home & Kitchen,Coffee Maker,1,133.06,0.0,19.4,Credit Card,Completed
ORD-104973,2024-01-01,CUST-00178,John Tanaka,Consumer,Italy,Europe,Home & Kitchen,Throw Pillow,1,117.55,0.0,19.27,Credit Card,Completed
ORD-105364,2024-08-28,CUST-00776,Priya Nakamura,Consumer,United States,North America,Apparel,Denim Jacket,2,68.54,0.15,10.43,Debit Card,Completed
ORD-102133,2024-10-27,CUST-00637,Sofia Costa,Enterprise,United States,North America,Apparel,T-Shirt,1,66.68,0.05,13.09,Bank Transfer,Completed
ORD-103979,2024-10-07,CUST-00610,Yuki Martinez,Enterprise,Germany,Europe,Sports & Outdoors,Hiking Backpack,1,124.09,0.15,3.56,Credit Card,Completed
ORD-100414,2023-05-11,CUST-00134,Elizabeth Rodriguez,Consumer, brazil ,South America,Electronics,USB-C Cable,1,109.57,0.0,2.59,Credit Card,Completed
ORD-100358,2024-04-06,CUST-00292,Grace Davis,Small Business,Australia,Oceania,Home & Kitchen,Throw Pillow,1,60.18,0.0,19.16,Debit Card,Completed
ORD-106293,2024-05-20,CUST-00678,Lucas Kumar,Consumer,Germany,Europe,Home & Kitchen,Throw Pillow,1,149.42,0.2,6.81,PayPal,Completed
ORD-105884,2024-09-19,CUST-00574,Tom Costa,Consumer,Canada,North America,Office,Standing Desk Mat,1,46.91,0.0,19.59,Gift Card,Completed
ORD-103175,2023-04-22,CUST-00024,Wei Rodriguez,Consumer,United Kingdom,Europe,Apparel,Denim Jacket,1,56.44,0.2,2.1,Credit Card,Completed
ORD-105267,2023-08-03,CUST-00380,Jennifer Rodriguez,Consumer, italy ,Europe,Beauty,Hair Dryer,1,11.6,0.0,8.26,Credit Card,Completed
ORD-100254,2024-08-19,CUST-00828,Grace Jones,Consumer,United Kingdom,Europe,Office,Wireless Mouse,1,43.18,0.0,19.02,Credit Card,Completed
ORD-100016,2023-11-25,CUST-00667,James Costa,Consumer,Singapore,Asia,Beauty,Sunscreen SPF50,1,19.03,0.15,10.77,Gift Card,Cancelled
ORD-101962,2024-01-04,CUST-00848,James Rodriguez,Consumer,Canada,North America,Electronics,Laptop Stand,2,201.93,0.0,20.09,Bank Transfer,Completed
ORD-100204,2024-09-30,CUST-00621,Mia Zhang,Enterprise,Mexico,South America,Electronics,Headphones,1,122.01,0.0,12.85,Gift Card,Returned
ORD-100037,2023-11-10,CUST-00784,Elizabeth Smith,Consumer,Australia,Oceania,Home & Kitchen,Coffee Maker,1,66.18,0.0,5.72,Credit Card,Completed
ORD-100436,2023-12-03,CUST-00347,Sofia Rodriguez,Consumer,United States,North America,Beauty,Hair Dryer,2,57.47,0.0,15.97,Bank Transfer,Completed
ORD-100590,2024-05-28,CUST-00581,Hiro Jones,Consumer,United States,North America,Apparel,Baseball Cap,2,29.42,0.0,7.57,Gift Card,Completed
ORD-101966,2024-03-29,CUST-00733,James Johnson,Consumer,Canada,North America,Office,Standing Desk Mat,1,60.96,0.1,5.78,Credit Card,Completed
ORD-103984,2024-09-15,CUST-00345,Olivia Kumar,Enterprise,United Kingdom,Europe,Home & Kitchen,Storage Bin,1,75.91,0.0,10.53,Debit Card,Completed
ORD-104986,2024-03-01,CUST-00748,Chen Johnson,Consumer,Canada,North America,Sports & Outdoors,Resistance Bands,1,105.53,0.0,10.92,Credit Card,Completed
ORD-102707,2024-07-29,CUST-00106,Ana Miller,Consumer,INDIA,Asia,Sports & Outdoors,Yoga Mat,3,28.47,0.1,15.25,Bank Transfer,Returned
ORD-105137,2023-08-04,CUST-00080,Mia Khan,Consumer,United States,North America,Sports & Outdoors,Water Bottle,1,19.62,0.0,18.36,Bank Transfer,Completed
ORD-104516,2023-09-14,CUST-00185,Elizabeth Brown,Enterprise,United States,North America,Sports & Outdoors,Resistance Bands,2,110.56,0.0,9.29,Debit Card,Completed
ORD-100013,2023-11-16,CUST-00457,Olivia Brown,,United States,North America,Sports & Outdoors,Yoga Mat,1,77.41,0.0,13.31,Debit Card,Returned
ORD-105879,2024-08-16,CUST-00594,Jennifer Martinez,Consumer,Japan,Asia,Apparel,Baseball Cap,1,48.28,0.0,21.74,Credit Card,Completed
ORD-101449,2023-08-10,CUST-00389,James Williams,Small Business,Singapore,Asia,Sports & Outdoors,Resistance Bands,1,116.26,0.0,5.16,Debit Card,Completed
ORD-104773,2024-01-16,CUST-00134,Elizabeth Rodriguez,Consumer,Brazil,South America,Apparel,Wool Socks,4,80.19,0.0,13.19,Credit Card,Completed
ORD-103492,2024-04-22,CUST-00649,John Costa,Enterprise,UNITED STATES,North America,Home & Kitchen,Storage Bin,2,20.02,0.15,20.6,Debit Card,Completed
ORD-105733,2023-03-11,CUST-00067,,Consumer,Japan,Asia,Sports & Outdoors,Camping Tent,1,112.38,0.0,5.94,Credit Card,Completed
ORD-101531,2024-06-28,CUST-00612,Olivia Brown,Consumer,UNITED STATES,North America,Electronics,USB-C Cable,1,140.03,0.0,15.42,PayPal,Completed
ORD-100541,2024-07-31,CUST-00690,Grace Nakamura,Consumer,Germany,Europe,Electronics,Laptop Stand,2,136.97,0.1,6.74,Gift Card,Completed
ORD-105767,2023-12-02,CUST-00251,Emma Garcia,Consumer,CANADA,North America,Electronics,Headphones,1,214.75,0.0,20.56,Debit Card,Completed
ORD-103996,2024-09-17,CUST-00626,Olivia Khan,Consumer,United Kingdom,Europe,Home & Kitchen,Storage Bin,5,24.19,0.2,19.41,Credit Card,Completed
ORD-105675,2024-06-10,CUST-00457,Olivia Brown,Consumer,United States,North America,Electronics,Laptop Stand,1,78.28,0.0,11.66,Credit Card,Completed
ORD-102940,2024-01-29,CUST-00264,Patricia Silva,Consumer,United Kingdom,Europe,Electronics,USB-C Cable,3,197.78,0.1,24.75,PayPal,Completed
ORD-106477,2024-05-11,CUST-00628,Olivia Silva,Consumer,India,Asia,Apparel,T-Shirt,1,54.02,0.0,8.82,PayPal,Completed
ORD-101496,2024-08-20,CUST-00749,Mia Davis,Consumer,Canada,North America,Home & Kitchen,Throw Pillow,2,84.08,0.0,12.12,Debit Card,Completed
ORD-104623,2024-03-29,CUST-00280,Carlos Nakamura,Consumer,France,Europe,Office,Wireless Mouse,1,53.87,0.0,22.73,Credit Card,Returned
ORD-106535,2023-11-24,CUST-00725,Priya Kumar,Consumer,United Kingdom,Europe,Apparel,Denim Jacket,2,77.2,0.0,8.19,PayPal,Completed
ORD-105105,2023-09-10,CUST-00409,Hiro Brown,Enterprise,Germany,Europe,Office,Notebook Set,1,30.13,0.0,,PayPal,Completed
ORD-105486,2023-11-09,CUST-00261,David Garcia,Enterprise,Germany,Europe,Beauty,Sunscreen SPF50,2,51.65,0.1,3.46,Bank Transfer,Returned
ORD-106838,2023-12-03,CUST-00702,Ines Dubois,Small Business, india ,Asia,Apparel,Running Shoes,2,30.01,0.0,2.25,Debit Card,Completed
ORD-102528,2024-08-12,CUST-00641,Raj Martinez,Consumer,Germany,Europe,Apparel,Wool Socks,1,20.78,0.0,13.38,PayPal,Completed
ORD-100288,2024-09-21,CUST-00282,Ahmed Rodriguez,Consumer,Australia,Oceania,Apparel,Denim Jacket,1,12.54,0.0,21.38,PayPal,Completed
ORD-104749,2024-04-29,CUST-00041,,Small Business,UNITED STATES,North America,Office,Wireless Mouse,2,10.35,0.0,18.72,Credit Card,Completed
ORD-101388,2024-09-11,CUST-00848,James Rodriguez,,Canada,North America,Electronics,Smartphone Case,1,193.17,0.0,20.4,Credit Card,Completed
ORD-106347,2023-06-25,CUST-00551,Mia Garcia,Consumer,Canada,North America,Home & Kitchen,Throw Pillow,1,82.95,0.05,23.15,Debit Card,Completed
ORD-102202,2024-04-26,CUST-00538,Hiro Khan,Small Business,United Kingdom,Europe,Sports & Outdoors,Resistance Bands,2,51.83,0.0,8.47,PayPal,Completed
ORD-103574,2024-05-27,CUST-00646,Mary Williams,Consumer,Spain,Europe,Sports & Outdoors,Water Bottle,4,150.97,0.0,,Credit Card,Completed
ORD-106776,2024-08-11,CUST-00077,John Silva,Consumer,United States,North America,Sports & Outdoors,Yoga Mat,1,67.4,0.0,12.63,Credit Card,Completed
ORD-105563,2023-10-12,CUST-00443,Grace Davis,Consumer,Canada,North America,Sports & Outdoors,Water Bottle,1,14.84,0.15,22.05,Credit Card,Completed
ORD-103330,2023-11-05,CUST-00384,Michael Rossi,Consumer,Australia,Oceania,Office,Pen Pack,1,21.71,0.15,24.12,PayPal,Returned
ORD-102308,2024-09-14,CUST-00814,Yuki Khan,Enterprise,United States,North America,Apparel,Denim Jacket,1,33.77,0.0,9.07,PayPal,Completed
ORD-101969,2024-09-12,CUST-00243,Mary Jones,Consumer,Germany,Europe,Beauty,Shampoo,1,57.0,0.05,3.76,Credit Card,Completed
ORD-100706,2023-11-25,CUST-00446,Hiro Rossi,Consumer,Spain,Europe,Home & Kitchen,Coffee Maker,1,54.72,0.0,,Debit Card,Completed
ORD-105460,2023-08-01,CUST-00586,Grace Zhang,Consumer,Mexico,South America,Apparel,T-Shirt,1,26.59,0.1,23.58,Credit Card,Completed
ORD-105475,2024-07-30,CUST-00516,,Consumer,India,Asia,Beauty,Face Serum,1,52.6,0.0,4.36,Credit Card,Completed
ORD-104574,2024-02-11,CUST-00685,Robert Martinez,Small Business,United Kingdom,Europe,Office,Wireless Mouse,1,29.65,0.0,22.87,Credit Card,Completed
ORD-101981,2023-08-28,CUST-00574,Tom Costa,Consumer,Canada,North America,Electronics,Laptop Stand,2,109.3,0.0,22.35,Debit Card,Completed
ORD-100440,2024-05-27,CUST-00058,Lucas Kumar,Consumer,Brazil,South America,Sports & Outdoors,Water Bottle,1,141.41,0.15,3.07,PayPal,Completed
ORD-103940,2023-10-06,CUST-00154,Linda Silva,Consumer,United States,North America,Office,Pen Pack,2,42.92,0.0,24.61,Credit Card,Completed
ORD-102118,2024-03-22,CUST-00228,Wei Jones,Consumer,Germany,Europe,Sports & Outdoors,Water Bottle,3,110.62,0.0,13.02,Credit Card,Completed
ORD-102640,2023-02-14,CUST-00398,Ines Davis,Small Business,Mexico,South America,Apparel,T-Shirt,1,21.52,0.0,18.65,Credit Card,Completed
ORD-106804,2024-04-12,CUST-00330,Noah Johnson,Consumer,Japan,Asia,Home & Kitchen,Throw Pillow,1,82.3,0.0,24.35,Bank Transfer,Completed
ORD-100925,2023-06-02,CUST-00184,Mary Rodriguez,Consumer,United States,North America,Beauty,Face Serum,1,58.52,0.0,20.82,Credit Card,Cancelled
ORD-101689,2024-09-26,CUST-00547,Robert Jones,Small Business,India,Asia,Apparel,T-Shirt,3,60.06,0.05,14.44,Credit Card,Completed
ORD-101690,2024-10-26,CUST-00809,John Dubois,Small Business,United States,North America,Home & Kitchen,Cutting Board,2,67.31,0.0,22.39,Credit Card,Completed
ORD-106753,2024-06-17,CUST-00659,Grace Brown,Consumer,Germany,Europe,Office,Notebook Set,1,43.7,0.1,10.15,PayPal,Completed
ORD-106983,2024-12-08,CUST-00566,,Consumer,Japan,Asia,Electronics,Laptop Stand,1,142.43,0.0,14.85,Credit Card,Completed
ORD-105075,2023-10-20,CUST-00276,Jennifer Smith,Consumer,Canada,North America,Apparel,Baseball Cap,2,32.11,0.0,18.45,PayPal,Completed
ORD-103930,2023-06-07,CUST-00413,Ahmed Jones,Consumer,United States,North America,Sports & Outdoors,Resistance Bands,2,71.39,0.15,2.61,Bank Transfer,Completed
ORD-101135,2024-01-03,CUST-00107,Linda Garcia,Enterprise,Brazil,South America,Home & Kitchen,Cutting Board,2,66.76,0.0,11.84,Debit Card,Completed
ORD-103369,2023-12-18,CUST-00111,Jennifer Tanaka,Consumer,India,Asia,Beauty,Sunscreen SPF50,1,48.93,0.0,11.58,Debit Card,Completed
ORD-101109,2023-11-26,CUST-00431,Priya Martinez,Small Business,France,Europe,Beauty,Hair Dryer,2,13.39,0.0,17.09,Credit Card,Completed
ORD-106235,2023-10-26,CUST-00714,Ana Costa,Enterprise,Germany,Europe,Beauty,Hair Dryer,4,53.39,0.0,23.79,Credit Card,Completed
ORD-103748,2024-05-24,CUST-00055,Grace Jones,Consumer,France,Europe,Office,Desk Organizer,1,41.6,0.1,5.19,Credit Card,Completed
ORD-103048,2023-07-22,CUST-00378,James Kumar,Consumer,India,Asia,Electronics,USB-C Cable,2,66.19,0.0,2.18,PayPal,Completed
ORD-103557,2023-05-20,CUST-00804,Noah Dubois,Small Business,Mexico,South America,Office,Wireless Mouse,1,4.69,0.2,20.29,Debit Card,Completed
ORD-105261,2024-01-27,CUST-00677,Chen Kumar,Consumer,United States,North America,Office,Desk Organizer,1,33.31,0.0,6.15,Debit Card,Completed
ORD-103449,2023-09-06,CUST-00070,James Muller,Consumer,Germany,Europe,Home & Kitchen,Blender,3,38.04,0.0,20.39,PayPal,Completed
ORD-102636,2024-09-16,CUST-00609,Grace Tanaka,Consumer,France,Europe,Apparel,Baseball Cap,1,76.59,0.0,12.35,Credit Card,Returned
ORD-105180,2024-09-20,CUST-00434,Grace Davis,Consumer,France,Europe,Sports & Outdoors,Resistance Bands,1,110.95,0.2,9.51,Credit Card,Completed
ORD-100769,2023-09-24,CUST-00094,Hiro Rossi,Consumer,United States,North America,Office,Desk Organizer,1,19.55,0.0,,Credit Card,Completed
ORD-106378,2024-06-12,CUST-00163,,Consumer,France,Europe,Apparel,Denim Jacket,1,54.17,0.15,4.02,PayPal,Completed
ORD-104587,2023-12-22,CUST-00217,Linda Muller,,United Kingdom,Europe,Apparel,T-Shirt,1,76.38,0.0,20.33,Credit Card,Completed
ORD-106856,2024-04-05,CUST-00619,Liam Costa,Enterprise,Canada,North America,Electronics,Laptop Stand,1,115.18,0.0,16.21,Credit Card,Completed
ORD-104109,2024-07-02,CUST-00161,John Rodriguez,Consumer,France,Europe,Beauty,Sunscreen SPF50,1,41.24,0.1,8.9,Credit Card,Completed
ORD-100618,2024-07-16,CUST-00031,Tom Brown,Small Business,Germany,Europe,Electronics,Laptop Stand,2,68.29,0.0,15.85,Credit Card,Completed
ORD-101920,2023-06-15,CUST-00441,Linda Martinez,Consumer,United States,North America,Sports & Outdoors,Yoga Mat,1,59.0,0.2,6.29,Credit Card,Completed
ORD-102139,2024-12-05,CUST-00656,Carlos Johnson,Small Business,Singapore,Asia,Apparel,Wool Socks,2,21.54,0.05,5.34,Credit Card,Completed
ORD-104379,2024-04-01,CUST-00142,John Johnson,Small Business,Japan,Asia,Sports & Outdoors,Resistance Bands,1,173.92,0.0,22.82,Credit Card,Completed
ORD-100796,2024-08-07,CUST-00273,Robert Rossi,Consumer,Spain,Europe,Office,Notebook Set,1,56.12,0.1,11.3,Gift Card,Completed
ORD-104322,2023-09-29,CUST-00297,Elizabeth Brown,Small Business,United Kingdom,Europe,Sports & Outdoors,Hiking Backpack,2,138.45,0.15,15.81,Credit Card,Completed
ORD-106588,2023-11-13,CUST-00626,Olivia Khan,Consumer,UNITED KINGDOM,Europe,Apparel,Baseball Cap,1,49.62,0.05,14.48,Bank Transfer,Completed
ORD-100638,2023-08-07,CUST-00094,Hiro Rossi,Consumer,United States,North America,Electronics,Bluetooth Speaker,3,97.23,0.0,7.75,Debit Card,Returned
ORD-104443,2024-06-05,CUST-00163,Liam Martinez,Consumer,France,Europe,Apparel,Wool Socks,3,82.3,0.0,3.86,Credit Card,Completed
ORD-105102,2024-05-30,CUST-00480,Priya Kumar,Enterprise,Mexico,South America,Apparel,Running Shoes,1,12.12,0.0,17.26,Bank Transfer,Returned
ORD-100385,2024-09-14,CUST-00525,Ana Zhang,Small Business,United States,North America,Sports & Outdoors,Resistance Bands,2,155.73,0.05,2.23,PayPal,Completed
ORD-105706,2024-08-16,CUST-00260,Sofia Brown,Small Business,Australia,Oceania,Office,Standing Desk Mat,1,50.87,0.2,20.49,Credit Card,Cancelled
ORD-101326,2024-03-27,CUST-00052,Elizabeth Zhang,Consumer,Italy,Europe,Sports & Outdoors,Resistance Bands,1,18.08,0.05,17.52,Gift Card,Completed
ORD-106028,2023-08-14,CUST-00647,,Consumer,Canada,North America,Home & Kitchen,Coffee Maker,1,111.75,0.15,16.48,PayPal,Completed
ORD-102165,2024-01-07,CUST-00100,Elizabeth Costa,Small Business,Italy,Europe,Sports & Outdoors,Water Bottle,2,101.31,0.0,22.0,PayPal,Completed
ORD-103655,2023-06-26,CUST-00022,Robert Khan,Small Business,France,Europe,Office,Wireless Mouse,3,51.12,0.0,23.44,Debit Card,Completed
ORD-105894,2024-09-18,CUST-00733,James Johnson,Consumer,Canada,North America,Home & Kitchen,Blender,1,133.77,0.0,24.81,Credit Card,Completed
ORD-105442,2024-07-08,CUST-00156,Noah Muller,Small Business,Brazil,South America,Apparel,Wool Socks,1,83.88,0.0,3.83,Bank Transfer,Completed
ORD-101178,2024-03-03,CUST-00583,Priya Tanaka,Consumer,Germany,Europe,Electronics,Laptop Stand,1,212.6,0.0,7.71,Debit Card,Completed
ORD-100158,2024-01-31,CUST-00842,Hiro Silva,Enterprise,United States,North America,Electronics,Smartphone Case,1,117.08,0.0,5.3,Bank Transfer,Completed
ORD-100439,2023-09-27,CUST-00283,Mia Davis,Small Business,United States,North America,Sports & Outdoors,Hiking Backpack,1,12.08,0.0,10.6,PayPal,Returned
ORD-104505,2024-08-17,CUST-00573,Michael Miller,Small Business,Italy,Europe,Apparel,Wool Socks,1,88.29,0.1,21.47,PayPal,Completed
ORD-103644,2023-11-17,CUST-00056,Noah Davis,Small Business,Japan,Asia,Electronics,Headphones,1,164.46,0.05,21.77,Credit Card,Completed
ORD-100670,2024-08-25,CUST-00613,Olivia Smith,Consumer,India,Asia,Home & Kitchen,Throw Pillow,1,143.11,0.0,,PayPal,Completed
ORD-101570,2023-08-14,CUST-00058,Lucas Kumar,Consumer,Brazil,South America,Home & Kitchen,Throw Pillow,3,82.35,0.1,10.89,Gift Card,Completed
ORD-104475,2023-07-27,CUST-00395,Ana Johnson,Consumer,United States,North America,Beauty,Sunscreen SPF50,1,36.82,0.0,8.63,Credit Card,Completed
ORD-101238,2024-01-19,CUST-00297,Elizabeth Brown,Small Business,United Kingdom,Europe,Electronics,Laptop Stand,1,120.01,0.0,9.26,Credit Card,Completed
ORD-105891,2024-05-21,CUST-00255,Lucas Smith,Consumer,Brazil,South America,Home & Kitchen,Storage Bin,1,97.25,0.15,20.35,Gift Card,Completed
ORD-102921,2024-09-09,CUST-00556,Lucas Rossi,Small Business,Canada,North America,Electronics,USB-C Cable,3,38.06,0.0,18.02,Credit Card,Completed
ORD-102305,2023-09-24,CUST-00033,Lucas Davis,Consumer,United States,North America,Home & Kitchen,Coffee Maker,1,20.15,0.0,20.24,Credit Card,Completed
ORD-106795,2023-10-17,CUST-00801,Lucas Zhang,Small Business,INDIA,Asia,Apparel,Running Shoes,1,29.61,0.1,15.08,Debit Card,Completed
ORD-105374,2024-06-04,CUST-00490,Fatima Jones,,United States,North America,Electronics,Headphones,4,92.29,0.0,4.34,Debit Card,Completed
ORD-105179,2024-03-14,CUST-00421,Sofia Smith,Consumer,United Kingdom,Europe,Home & Kitchen,Blender,1,116.56,0.15,2.2,Debit Card,Completed
ORD-104386,2024-09-20,CUST-00690,Grace Nakamura,Consumer,Germany,Europe,Home & Kitchen,Storage Bin,1,42.11,0.1,2.9,PayPal,Completed
ORD-105694,2024-03-22,CUST-00756,James Williams,Small Business,Germany,Europe,Electronics,Headphones,1,175.42,0.15,2.3,Credit Card,Completed
ORD-104939,2023-06-08,CUST-00766,Yuki Smith,Small Business,UNITED STATES,North America,Electronics,Bluetooth Speaker,3,124.25,0.0,12.35,Debit Card,Completed
ORD-106189,2024-09-21,CUST-00523,Ana Johnson,Consumer,Germany,Europe,Beauty,Sunscreen SPF50,1,39.96,0.0,24.4,Credit Card,Completed
ORD-103204,2024-05-17,CUST-00152,Ahmed Brown,,United States,North America,Beauty,Sunscreen SPF50,3,12.07,0.0,17.4,Credit Card,Completed
ORD-104123,2024-11-07,CUST-00618,Linda Dubois,Consumer,India,Asia,Beauty,Sunscreen SPF50,2,19.74,0.0,15.0,Credit Card,Completed
ORD-106079,2024-08-10,CUST-00451,Raj Khan,Small Business,United Kingdom,Europe,Sports & Outdoors,Yoga Mat,1,24.02,0.0,4.86,Credit Card,Completed
ORD-103660,2024-02-09,CUST-00730,Elizabeth Zhang,Consumer,Brazil,South America,Beauty,Hair Dryer,1,39.94,0.0,24.55,Credit Card,Completed
ORD-101540,2024-08-31,CUST-00806,Wei Williams,Consumer,FRANCE,Europe,Apparel,Running Shoes,1,48.22,0.0,10.94,Debit Card,Completed
ORD-104916,2024-01-20,CUST-00630,Ahmed Brown,Small Business,Germany,Europe,Electronics,Headphones,1,137.71,0.15,16.0,Debit Card,Completed
ORD-106757,2024-08-29,CUST-00212,Mary Davis,Consumer,United States,North America,Apparel,Denim Jacket,1,81.7,0.0,,PayPal,Completed
ORD-103943,2024-09-28,CUST-00564,Chen Davis,Small Business,Brazil,South America,Office,Standing Desk Mat,1,55.15,0.0,20.71,Debit Card,Completed
ORD-103025,2024-08-08,CUST-00504,Olivia Tanaka,Consumer,United States,North America,Electronics,Bluetooth Speaker,2,76.75,0.0,8.56,PayPal,Completed
ORD-100462,2023-11-22,CUST-00487,Lucas Dubois,Consumer,Japan,Asia,Beauty,Lip Balm,1,58.86,0.0,13.37,Credit Card,Completed
ORD-104176,2024-05-26,CUST-00699,Mary Dubois,Consumer,United States,North America,Sports & Outdoors,Hiking Backpack,1,33.3,0.0,22.39,Debit Card,Completed
ORD-100814,2023-10-02,CUST-00264,Patricia Silva,Consumer,UNITED KINGDOM,Europe,Office,Standing Desk Mat,2,6.9,0.0,,Credit Card,Completed
ORD-102032,2024-02-14,CUST-00664,Noah Brown,Consumer,Italy,Europe,Electronics,USB-C Cable,1,49.14,0.0,18.52,Debit Card,Completed
ORD-105977,2024-05-31,CUST-00484,Hiro Jones,Small Business,Spain,Europe,Apparel,Denim Jacket,1,48.0,0.0,6.67,Credit Card,Completed
ORD-103934,2023-10-17,CUST-00836,Chen Johnson,Enterprise,Brazil,South America,Office,Desk Organizer,1,57.21,0.15,10.58,Gift Card,Completed
ORD-101794,2024-04-22,CUST-00081,David Costa,Small Business,Canada,North America,Electronics,Laptop Stand,1,72.38,0.0,12.85,PayPal,Completed
ORD-101055,2024-05-05,CUST-00402,Priya Tanaka,Consumer,United States,North America,Beauty,Lip Balm,1,36.78,0.1,23.23,Credit Card,Completed
ORD-103656,2023-12-05,CUST-00127,Ana Davis,Small Business,France,Europe,Sports & Outdoors,Yoga Mat,2,74.46,0.05,19.84,Credit Card,Returned
ORD-103216,2024-02-12,CUST-00558,Robert Silva,Small Business,United States,North America,Home & Kitchen,Storage Bin,4,105.13,0.0,21.72,Bank Transfer,Completed
ORD-102219,2024-08-22,CUST-00003,Ana Khan,Small Business,United States,North America,Apparel,Denim Jacket,1,27.28,0.0,8.07,Credit Card,Completed
ORD-101807,2024-05-10,CUST-00324,Tom Jones,Consumer,United States,North America,Sports & Outdoors,Camping Tent,2,12.28,0.0,19.4,Debit Card,Returned
ORD-104402,2023-07-12,CUST-00761,Liam Rodriguez,Consumer,United Kingdom,Europe,Office,Standing Desk Mat,1,12.51,0.0,18.6,Credit Card,Completed
ORD-105766,2024-10-20,CUST-00758,,Small Business,Singapore,Asia,Electronics,USB-C Cable,2,94.8,0.0,9.01,Credit Card,Completed
ORD-106744,2024-03-14,CUST-00505,Priya Silva,Small Business,Australia,Oceania,Office,Standing Desk Mat,-1,61.44,0.0,7.41,Credit Card,Completed
ORD-101181,2023-09-30,CUST-00670,David Williams,Consumer,India,Asia,Sports & Outdoors,Hiking Backpack,1,89.92,0.0,13.51,Credit Card,Completed
ORD-100178,2024-04-08,CUST-00045,Grace Zhang,Consumer,Spain,Europe,Home & Kitchen,Cutting Board,2,14.37,0.0,11.56,Credit Card,Completed
ORD-103774,2024-04-18,CUST-00298,James Nakamura,Consumer,United States,North America,Sports & Outdoors,Water Bottle,1,88.41,0.0,8.83,PayPal,Completed
ORD-102158,2024-05-22,CUST-00497,Liam Rossi,Consumer,United States,North America,Electronics,Headphones,1,143.86,0.0,6.13,PayPal,Completed
ORD-100737,2024-12-16,CUST-00342,Sofia Kumar,Small Business,United Kingdom,Europe,Apparel,Baseball Cap,2,48.62,0.0,11.82,Credit Card,Completed
ORD-106305,2024-07-16,CUST-00830,Fatima Costa,Consumer,Spain,Europe,Apparel,Baseball Cap,1,50.69,0.0,6.02,Credit Card,Returned
ORD-104897,2024-05-22,CUST-00095,Raj Jones,Consumer,France,Europe,Home & Kitchen,Throw Pillow,1,103.76,0.0,15.25,Credit Card,Completed
ORD-104472,2024-03-02,CUST-00217,Linda Muller,Consumer,United Kingdom,Europe,Sports & Outdoors,Camping Tent,1,116.51,0.0,18.63,Credit Card,Completed
ORD-104725,2024-04-22,CUST-00268,Fatima Miller,Enterprise,Spain,Europe,Electronics,Headphones,1,134.39,0.15,9.31,Bank Transfer,Completed
ORD-103895,2024-07-04,CUST-00521,Lucas Nakamura,Small Business,Australia,Oceania,Home & Kitchen,Throw Pillow,1,45.14,0.0,2.46,Credit Card,Completed
ORD-100690,2024-08-20,CUST-00387,Robert Rodriguez,Small Business,United States,North America,Sports & Outdoors,Camping Tent,1,33.34,0.0,5.82,Credit Card,Completed
ORD-106773,2023-07-29,CUST-00405,Wei Zhang,Consumer,Canada,North America,Apparel,Baseball Cap,4,47.3,0.0,17.28,Credit Card,Completed
ORD-101534,2024-12-21,CUST-00303,Yuki Martinez,Consumer,Canada,North America,Home & Kitchen,Throw Pillow,1,12.82,0.0,22.53,Debit Card,Completed
ORD-100192,2024-12-19,CUST-00024,Wei Rodriguez,Consumer,United Kingdom,Europe,Apparel,Wool Socks,2,74.17,0.0,2.97,Credit Card,Completed
ORD-102949,2024-09-28,CUST-00045,Grace Zhang,Consumer,Spain,Europe,Electronics,Headphones,2,185.09,0.0,14.47,Bank Transfer,Returned
ORD-102274,2024-07-11,CUST-00212,Mary Davis,Consumer,United States,North America,Office,Desk Organizer,1,18.57,0.1,18.62,Credit Card,Completed
ORD-100653,2023-07-25,CUST-00153,Priya Nakamura,Consumer,JAPAN,Asia,Home & Kitchen,Cutting Board,2,128.0,0.2,9.88,PayPal,Completed
ORD-105876,2024-08-12,CUST-00489,Jennifer Muller,Small Business,Germany,Europe,Electronics,Bluetooth Speaker,2,51.59,0.0,14.06,Debit Card,Returned
ORD-105427,2024-07-09,CUST-00105,Lucas Jones,, united kingdom ,Europe,Electronics,Bluetooth Speaker,2,26.52,0.0,5.53,Bank Transfer,Completed
ORD-102088,2024-09-24,CUST-00622,Patricia Kumar,Small Business,Australia,Oceania,Sports & Outdoors,Hiking Backpack,1,96.88,0.1,8.51,Gift Card,Completed
ORD-102639,2023-12-10,CUST-00638,Noah Brown,Enterprise,FRANCE,Europe,Sports & Outdoors,Yoga Mat,3,131.64,0.0,7.53,Credit Card,Completed
ORD-101459,2024-05-07,CUST-00728,Liam Nakamura,Small Business,United States,North America,Electronics,Laptop Stand,2,48.85,0.0,19.18,Debit Card,Completed
ORD-104458,2024-09-04,CUST-00698,Patricia Rossi,Consumer,United States,North America,Apparel,Wool Socks,1,44.41,0.2,23.37,PayPal,Completed
ORD-105357,2023-11-24,CUST-00684,Hiro Miller,Enterprise,United States,North America,Apparel,Running Shoes,1,21.21,0.0,24.41,Credit Card,Completed
ORD-101943,2023-12-23,CUST-00844,Linda Silva,Small Business,Spain,Europe,Electronics,Laptop Stand,2,118.2,0.0,18.61,PayPal,Completed
ORD-100896,2024-02-16,CUST-00567,Sofia Nakamura,Small Business,Brazil,South America,Office,Notebook Set,2,66.64,0.0,6.47,Gift Card,Completed
ORD-105463,2023-12-13,CUST-00628,Olivia Silva,Consumer,India,Asia,Sports & Outdoors,Yoga Mat,1,179.14,0.0,12.42,Credit Card,Completed
ORD-101733,2024-01-15,CUST-00558,Robert Silva,Small Business,United States,North America,Beauty,Lip Balm,4,32.3,0.0,20.18,Credit Card,Completed
ORD-106127,2024-09-23,CUST-00519,Ines Jones,Small Business,Brazil,South America,Electronics,Smartphone Case,1,179.78,0.0,14.51,PayPal,Cancelled
ORD-102356,2024-01-23,CUST-00215,Priya Smith,Consumer,Spain,Europe,Electronics,Laptop Stand,2,81.0,0.2,6.37,Bank Transfer,Completed
ORD-104876,2024-08-15,CUST-00254,Liam Martinez,Small Business,United States,North America,Home & Kitchen,Cutting Board,1,84.14,0.0,15.5,PayPal,Completed
ORD-100128,2024-08-06,CUST-00670,David Williams,Consumer,India,Asia,Apparel,Denim Jacket,1,32.55,0.0,11.89,Gift Card,Completed
ORD-102166,2024-06-01,CUST-00707,Tom Williams,Consumer,Canada,North America,Office,Wireless Mouse,3,34.21,0.0,9.47,Credit Card,Completed
ORD-106101,2023-11-17,CUST-00677,Chen Kumar,Consumer,United States,North America,Apparel,Wool Socks,1,72.02,0.0,14.25,Debit Card,Completed
ORD-102197,2023-11-18,CUST-00045,Grace Zhang,Consumer,Spain,Europe,Sports & Outdoors,Camping Tent,1,126.34,0.0,20.78,Credit Card,Completed
ORD-100820,2024-06-03,CUST-00547,Robert Jones,Small Business,India,Asia,Electronics,Bluetooth Speaker,4,34.62,0.0,2.77,Debit Card,Completed
ORD-102563,2024-04-08,CUST-00469,Hiro Brown,Consumer,Mexico,South America,Sports & Outdoors,Hiking Backpack,2,89.23,0.0,23.54,Bank Transfer,Completed
ORD-103613,2023-08-29,CUST-00386,David Johnson,Consumer,United States,North America,Beauty,Lip Balm,1,22.47,0.15,19.7,PayPal,Completed
ORD-103083,2023-03-27,CUST-00322,Wei Williams,Enterprise,Germany,Europe,Home & Kitchen,Cutting Board,2,81.29,0.0,24.14,Credit Card,Completed
ORD-105211,2024-11-30,CUST-00229,Tom Silva,Consumer,Germany,Europe,Electronics,Headphones,4,84.35,0.0,9.78,Debit Card,Completed
ORD-106433,2024-02-09,CUST-00646,Mary Williams,,Spain,Europe,Home & Kitchen,Blender,1,135.46,0.0,21.58,PayPal,Completed
ORD-103120,2024-04-17,CUST-00679,,Small Business,Brazil,South America,Home & Kitchen,Cutting Board,1,137.08,0.0,16.38,Credit Card,Completed
ORD-104071,2024-08-22,CUST-00007,Chen Costa,Small Business,India,Asia,Sports & Outdoors,Water Bottle,1,71.36,0.0,10.46,Credit Card,Completed
ORD-100031,2024-07-08,CUST-00641,Raj Martinez,Consumer,Germany,Europe,Electronics,Smartphone Case,5,210.95,0.05,12.7,Credit Card,Completed
ORD-106965,2024-07-24,CUST-00536,Tom Garcia,Enterprise,Canada,North America,Office,Standing Desk Mat,1,24.72,0.15,23.87,Debit Card,Completed
ORD-106567,2024-08-27,CUST-00386,David Johnson,Consumer,United States,North America,Apparel,T-Shirt,3,29.12,0.0,16.59,Credit Card,Completed
ORD-102987,2023-03-30,CUST-00222,Yuki Johnson,Consumer,India,Asia,Beauty,Hair Dryer,4,53.26,0.0,5.98,PayPal,Returned
ORD-103839,2023-05-20,CUST-00792,Ana Garcia,Consumer,United States,North America,Electronics,Bluetooth Speaker,1,35.65,0.0,15.12,PayPal,Completed
ORD-106587,2024-02-10,CUST-00769,Raj Rodriguez,Consumer,France,Europe,Beauty,Shampoo,2,13.57,0.0,14.27,Credit Card,Completed
ORD-105462,2024-06-26,CUST-00623,Ahmed Dubois,Consumer,France,Europe,Apparel,T-Shirt,1,42.9,0.0,7.96,Credit Card,Returned
ORD-106064,2024-05-31,CUST-00129,John Davis,Enterprise,India,Asia,Home & Kitchen,Throw Pillow,1,60.82,0.0,2.98,Bank Transfer,Returned
ORD-106130,2024-01-25,CUST-00198,Yuki Rodriguez,Consumer,Spain,Europe,Electronics,Laptop Stand,1,51.71,0.0,5.14,Credit Card,Completed
ORD-100846,2024-04-15,CUST-00077,John Silva,Consumer,United States,North America,Sports & Outdoors,Water Bottle,2,64.04,0.0,14.9,Credit Card,Completed
ORD-105722,2024-06-18,CUST-00751,Yuki Kumar,Small Business,United Kingdom,Europe,Apparel,Baseball Cap,1,18.58,0.05,10.3,Bank Transfer,Completed
ORD-106461,2024-06-24,CUST-00104,,Consumer,UNITED KINGDOM,Europe,Office,Wireless Mouse,2,69.89,0.0,9.06,Debit Card,Returned
ORD-104368,2024-07-16,CUST-00213,Ines Muller,Small Business,Japan,Asia,Apparel,Baseball Cap,1,27.29,0.0,14.21,Debit Card,Completed
ORD-100928,2024-07-10,CUST-00070,James Muller,Consumer,Germany,Europe,Office,Wireless Mouse,2,23.75,0.0,4.39,Credit Card,Completed
ORD-103645,2024-08-07,CUST-00126,Tom Williams,Enterprise,Germany,Europe,Electronics,USB-C Cable,1,74.97,0.0,13.64,Bank Transfer,Completed
ORD-106832,2023-09-21,CUST-00690,Grace Nakamura,Consumer,Germany,Europe,Apparel,T-Shirt,1,41.28,0.0,10.4,Credit Card,Completed
ORD-100451,2023-08-16,CUST-00468,Grace Johnson,Enterprise,United Kingdom,Europe,Home & Kitchen,Coffee Maker,2,32.38,0.0,21.92,Credit Card,Completed
ORD-103385,2023-09-05,CUST-00531,Michael Brown,Consumer,Brazil,South America,Electronics,USB-C Cable,2,123.3,0.0,8.75,Credit Card,Completed
ORD-102883,2024-09-01,CUST-00297,Elizabeth Brown,Small Business,United Kingdom,Europe,Apparel,Wool Socks,1,36.74,0.05,3.72,Credit Card,Completed
ORD-106495,2024-07-01,CUST-00415,Wei Davis,Consumer,United Kingdom,Europe,Home & Kitchen,Coffee Maker,1,136.13,0.15,15.06,Credit Card,Completed
ORD-103810,2024-10-18,CUST-00029,Wei Smith,Consumer,India,Asia,Electronics,Headphones,2,210.94,0.0,6.16,Debit Card,Completed
ORD-101120,2024-08-13,CUST-00663,Patricia Garcia,Small Business,Mexico,South America,Apparel,Wool Socks,1,85.06,0.0,8.3,Credit Card,Completed
ORD-105803,2024-03-22,CUST-00280,Carlos Nakamura,Consumer,France,Europe,Apparel,Running Shoes,2,11.92,0.0,22.14,Bank Transfer,Completed
ORD-101782,2023-11-16,CUST-00341,David Rossi,Small Business,Mexico,South America,Sports & Outdoors,Water Bottle,5,49.31,0.0,8.82,Credit Card,Completed
ORD-101787,2024-01-23,CUST-00583,Priya Tanaka,Consumer,Germany,Europe,Apparel,Running Shoes,1,26.33,0.1,7.24,Debit Card,Completed
ORD-100325,2023-09-11,CUST-00122,Carlos Johnson,Small Business,United Kingdom,Europe,Apparel,Wool Socks,1,15.92,0.0,23.72,Credit Card,Completed
ORD-106754,2023-08-07,CUST-00566,Linda Kumar,Consumer,Japan,Asia,Office,Wireless Mouse,1,24.15,0.0,12.58,Debit Card,Completed
ORD-104674,2023-03-23,CUST-00752,David Zhang,Enterprise,France,Europe,Apparel,Baseball Cap,4,41.72,0.0,2.59,PayPal,Completed
ORD-105639,2023-12-08,CUST-00172,Robert Garcia,Consumer,United States,North America,Electronics,Laptop Stand,1,134.44,0.0,2.44,Credit Card,Completed
ORD-100457,2024-02-18,CUST-00248,David Williams,Small Business,United States,North America,Apparel,Denim Jacket,2,86.62,0.0,9.65,Gift Card,Completed
ORD-106509,2024-02-08,CUST-00059,Jennifer Brown,Consumer,Germany,Europe,Sports & Outdoors,Camping Tent,1,98.55,0.0,18.63,Credit Card,Completed
ORD-101354,2024-10-28,CUST-00364,Lucas Martinez,Consumer,Italy,Europe,Apparel,T-Shirt,1,69.1,0.0,19.05,Debit Card,Completed
ORD-104491,2024-06-12,CUST-00264,Patricia Silva,Consumer,United Kingdom,Europe,Electronics,USB-C Cable,4,174.77,0.0,,PayPal,Completed
ORD-105277,2023-12-18,CUST-00063,Ahmed Davis,Consumer,INDIA,Asia,Electronics,USB-C Cable,1,166.98,0.0,13.21,Bank Transfer,Completed
ORD-106213,2024-05-18,CUST-00603,Lucas Johnson,Consumer,United Kingdom,Europe,Home & Kitchen,Throw Pillow,1,29.49,0.0,24.04,PayPal,Completed
ORD-103465,2024-01-27,CUST-00514,Michael Rodriguez,Small Business,Canada,North America,Sports & Outdoors,Hiking Backpack,1,167.77,0.05,10.05,Credit Card,Completed
ORD-106228,2024-10-26,CUST-00598,Michael Miller,Consumer,India,Asia,Home & Kitchen,Storage Bin,1,90.85,0.0,7.48,PayPal,Completed
ORD-103155,2023-12-27,CUST-00151,James Smith,Enterprise,India,Asia,Apparel,Running Shoes,1,17.8,0.0,10.1,Credit Card,Completed
ORD-106552,2024-10-29,CUST-00589,Jennifer Williams,Consumer,Mexico,South America,Sports & Outdoors,Camping Tent,2,166.73,0.0,5.9,Credit Card,Cancelled
ORD-106474,2024-01-14,CUST-00303,Yuki Martinez,Consumer,Canada,North America,Sports & Outdoors,Camping Tent,1,31.43,0.0,21.91,Credit Card,Completed
ORD-101959,2024-03-10,CUST-00071,Ines Muller,Consumer,United States,North America,Apparel,Wool Socks,2,82.85,0.1,8.93,Debit Card,Completed
ORD-106486,2023-11-22,CUST-00661,Tom Rossi,Consumer,Australia,Oceania,Beauty,Face Serum,1,53.16,0.0,8.46,Credit Card,Completed
ORD-102063,2024-01-04,CUST-00096,Tom Rodriguez,Consumer,United Kingdom,Europe,Electronics,Bluetooth Speaker,1,135.59,0.0,14.78,Credit Card,Completed
ORD-101882,2024-08-20,CUST-00681,Ines Garcia,Small Business,Spain,Europe,Electronics,Bluetooth Speaker,2,218.93,0.0,22.02,Debit Card,Completed
ORD-101737,2023-04-29,CUST-00129,John Davis,Enterprise,India,Asia,Electronics,Smartphone Case,2,106.56,0.1,11.3,Credit Card,Completed
ORD-100410,2024-08-31,CUST-00816,Chen Zhang,Consumer, united kingdom ,Europe,Electronics,Bluetooth Speaker,1,87.18,0.0,17.38,Debit Card,Completed
ORD-104641,2024-10-30,CUST-00058,,Consumer,Brazil,South America,Apparel,Wool Socks,2,82.77,0.1,24.8,Credit Card,Completed
ORD-102521,2024-04-20,CUST-00321,Priya Kumar,Consumer,United States,North America,Apparel,Baseball Cap,1,52.27,0.05,18.84,Credit Card,Completed
ORD-102881,2024-05-25,CUST-00368,,Small Business,Singapore,Asia,Office,Desk Organizer,1,13.45,0.0,,Credit Card,Completed
ORD-106263,2024-06-28,CUST-00749,Mia Davis,Consumer,Canada,North America,Beauty,Face Serum,1,21.94,0.0,4.77,PayPal,Cancelled
ORD-102435,2024-06-23,CUST-00092,Ahmed Zhang,Small Business,United Kingdom,Europe,Sports & Outdoors,Hiking Backpack,2,130.22,0.0,12.59,Credit Card,Completed
ORD-103846,2024-04-14,CUST-00168,Noah Rossi,Enterprise,Germany,Europe,Apparel,Wool Socks,3,21.95,0.0,5.48,Debit Card,Completed
ORD-100137,2024-04-16,CUST-00399,Tom Rossi,Consumer,Canada,North America,Beauty,Sunscreen SPF50,2,9.3,0.2,3.95,Debit Card,Returned
ORD-102926,2024-06-02,CUST-00008,Carlos Davis,Enterprise,Australia,Oceania,Apparel,Denim Jacket,1,76.72,0.0,18.54,Credit Card,Completed
ORD-105564,2024-06-22,CUST-00618,Linda Dubois,Consumer,India,Asia,Sports & Outdoors,Yoga Mat,1,90.23,0.0,19.21,Gift Card,Completed
ORD-102129,2024-04-30,CUST-00538,Hiro Khan,Small Business,United Kingdom,Europe,Electronics,Bluetooth Speaker,2,64.43,0.1,6.08,Debit Card,Completed
ORD-103506,2023-12-03,CUST-00062,Liam Miller,Small Business,ITALY,Europe,Office,Notebook Set,1,6.76,0.0,5.0,Bank Transfer,Completed
ORD-106257,2024-04-19,CUST-00465,Ines Williams,Consumer,Singapore,Asia,Beauty,Sunscreen SPF50,1,12.21,0.05,2.18,PayPal,Completed
ORD-106456,2024-07-08,CUST-00402,Priya Tanaka,Consumer,United States,North America,Home & Kitchen,Storage Bin,2,117.33,0.0,19.76,PayPal,Completed
ORD-100802,2024-09-25,CUST-00627,Mia Kumar,Consumer,Germany,Europe,Electronics,Smartphone Case,1,166.02,0.0,14.21,Credit Card,Completed
ORD-105162,2023-05-07,CUST-00271,Linda Smith,Consumer,Mexico,South America,Home & Kitchen,Coffee Maker,2,149.84,0.0,10.65,Bank Transfer,Completed
ORD-103650,2024-09-12,CUST-00492,Olivia Martinez,Consumer, germany ,Europe,Sports & Outdoors,Yoga Mat,1,167.47,0.1,11.16,Credit Card,Completed
ORD-106523,2024-08-30,CUST-00698,Patricia Rossi,Consumer,United States,North America,Apparel,Wool Socks,1,37.64,0.05,12.61,Credit Card,Completed
ORD-102901,2024-07-09,CUST-00676,Elizabeth Davis,Small Business,United Kingdom,Europe,Electronics,USB-C Cable,2,15.91,0.0,22.25,PayPal,Returned
ORD-100533,2024-10-03,CUST-00026,Chen Garcia,Consumer,ITALY,Europe,Apparel,T-Shirt,2,31.37,0.0,9.22,PayPal,Completed
ORD-102281,2024-10-23,CUST-00849,John Kumar,Consumer,Mexico,South America,Home & Kitchen,Storage Bin,1,65.89,0.2,21.54,Bank Transfer,Completed
ORD-106171,2024-04-16,CUST-00420,Patricia Costa,Consumer,Mexico,South America,Electronics,Laptop Stand,1,153.63,0.0,21.64,Debit Card,Completed
ORD-104140,2023-07-27,CUST-00672,Michael Rodriguez,Consumer,France,Europe,Electronics,USB-C Cable,1,133.09,0.0,20.62,Gift Card,Cancelled
ORD-104914,2024-08-28,CUST-00329,Chen Brown,Enterprise,United Kingdom,Europe,Beauty,Lip Balm,1,58.39,0.15,21.04,PayPal,Completed
ORD-106898,2024-03-17,CUST-00607,Noah Martinez,Small Business,Brazil,South America,Home & Kitchen,Coffee Maker,1,41.56,0.0,24.14,Debit Card,Completed
ORD-106599,2023-08-26,CUST-00255,Lucas Smith,Consumer, brazil ,South America,Apparel,T-Shirt,1,44.02,0.0,20.87,Credit Card,Completed
ORD-106153,2024-06-23,CUST-00602,Elizabeth Muller,Small Business,India,Asia,Office,Pen Pack,1,8.16,0.0,2.88,PayPal,Cancelled
ORD-104341,2023-06-17,CUST-00625,Linda Nakamura,Enterprise,Brazil,South America,Office,Wireless Mouse,2,36.7,0.0,12.62,Credit Card,Completed
ORD-106931,2023-07-30,CUST-00287,Mia Davis,Consumer,India,Asia,Office,Wireless Mouse,1,26.58,0.0,9.4,Debit Card,Completed
ORD-102652,2024-01-11,CUST-00216,Linda Rossi,Consumer,France,Europe,Home & Kitchen,Storage Bin,3,134.23,0.0,23.01,PayPal,Completed
ORD-100540,2024-01-17,CUST-00303,Yuki Martinez,Consumer,Canada,North America,Apparel,Running Shoes,1,52.45,0.15,15.24,PayPal,Completed
ORD-106927,2024-10-15,CUST-00195,Emma Williams,Consumer,Brazil,South America,Sports & Outdoors,Resistance Bands,1,25.41,0.0,6.09,Debit Card,Returned
ORD-105161,2023-12-26,CUST-00741,Elizabeth Davis,Consumer,United Kingdom,Europe,Electronics,Headphones,1,126.45,0.0,5.23,Credit Card,Completed
ORD-104307,2024-01-19,CUST-00621,Mia Zhang,Enterprise,Mexico,South America,Beauty,Shampoo,2,8.31,0.0,14.0,Credit Card,Completed
ORD-105016,2024-03-06,CUST-00148,Sofia Brown,Small Business,United States,North America,Electronics,Bluetooth Speaker,1,53.19,0.0,16.75,Debit Card,Completed
ORD-106146,2024-10-04,CUST-00594,Jennifer Martinez,Consumer,Japan,Asia,Beauty,Lip Balm,2,28.85,0.0,2.28,PayPal,Completed
ORD-103456,2024-03-18,CUST-00058,Lucas Kumar,Consumer, brazil ,South America,Apparel,Baseball Cap,2,71.85,0.0,24.24,Credit Card,Completed
ORD-100035,2024-03-18,CUST-00395,Ana Johnson,Consumer,United States,North America,Beauty,Sunscreen SPF50,1,30.18,0.0,9.31,Credit Card,Completed
ORD-104334,2023-06-23,CUST-00612,Olivia Brown,Consumer,United States,North America,Home & Kitchen,Storage Bin,2,58.53,0.05,23.64,PayPal,Returned
ORD-106017,2024-01-26,CUST-00528,John Miller,Consumer,Canada,North America,Sports & Outdoors,Yoga Mat,2,14.07,0.0,17.15,PayPal,Completed
ORD-103759,2023-08-26,CUST-00798,Wei Khan,Consumer,United States,North America,Apparel,Wool Socks,1,56.57,0.15,15.85,Gift Card,Completed
ORD-100744,2024-08-20,CUST-00187,Grace Zhang,Consumer,United States,North America,Office,Standing Desk Mat,1,23.5,0.0,7.82,Credit Card,Completed
ORD-102600,2024-01-06,CUST-00592,Ahmed Rossi,Small Business,France,Europe,Electronics,Laptop Stand,1,154.92,0.0,15.16,Credit Card,Completed
ORD-106070,2024-02-03,CUST-00128,Tom Dubois,Small Business,Germany,Europe,Apparel,Denim Jacket,1,19.16,0.15,23.14,Debit Card,Completed
ORD-104303,2024-05-29,CUST-00826,Elizabeth Johnson,Consumer,United States,North America,Beauty,Shampoo,1,37.85,0.1,8.84,Credit Card,Completed
ORD-100904,2023-07-29,CUST-00001,Robert Khan,Consumer,Australia,Oceania,Apparel,Wool Socks,2,48.9,0.1,21.51,Debit Card,Completed
ORD-103992,2024-04-19,CUST-00834,Yuki Martinez,Consumer,India,Asia,Apparel,Wool Socks,1,48.5,0.0,6.84,Credit Card,Completed
ORD-100263,2023-11-10,CUST-00212,Mary Davis,Consumer,United States,North America,Electronics,Laptop Stand,1,110.45,0.15,9.45,Debit Card,Completed
ORD-101917,2023-10-13,CUST-00082,Wei Kumar,Small Business,Australia,Oceania,Beauty,Hair Dryer,1,15.11,0.0,14.46,PayPal,Completed
ORD-106830,2024-09-06,CUST-00153,Priya Nakamura,Consumer,Japan,Asia,Sports & Outdoors,Camping Tent,1,173.48,0.1,17.32,Debit Card,Returned
ORD-106330,2024-06-26,CUST-00008,Carlos Davis,Enterprise,Australia,Oceania,Office,Standing Desk Mat,1,66.08,0.2,11.04,Credit Card,Completed
ORD-103941,2023-10-03,CUST-00846,Ines Zhang,Small Business,United Kingdom,Europe,Apparel,Baseball Cap,2,50.93,0.15,7.95,Debit Card,Completed
ORD-104892,2024-09-01,CUST-00055,Grace Jones,Consumer,France,Europe,Electronics,Laptop Stand,2,161.84,0.05,20.28,Credit Card,Completed
ORD-102297,2024-09-04,CUST-00145,Chen Muller,Small Business,United States,North America,Home & Kitchen,Blender,5,134.54,0.0,4.82,Bank Transfer,Completed
ORD-106995,2024-08-14,CUST-00339,Emma Miller,Consumer,Italy,Europe,Apparel,Denim Jacket,1,76.95,0.0,23.22,Gift Card,Completed
ORD-104039,2024-08-12,CUST-00349,Elizabeth Smith,Consumer,United States,North America,Apparel,Baseball Cap,1,82.21,0.15,4.37,PayPal,Completed
ORD-103674,2023-04-30,CUST-00676,Elizabeth Davis,Small Business,United Kingdom,Europe,Beauty,Shampoo,1,16.84,0.0,20.12,Gift Card,Completed
ORD-106142,2023-10-09,CUST-00405,Wei Zhang,Consumer,Canada,North America,Sports & Outdoors,Resistance Bands,1,57.74,0.1,6.8,Credit Card,Completed
ORD-104761,2024-05-09,CUST-00800,Priya Brown,Consumer,France,Europe,Apparel,Denim Jacket,1,56.99,0.0,13.77,Credit Card,Completed
ORD-103735,2024-10-12,CUST-00603,Lucas Johnson,Consumer,United Kingdom,Europe,Apparel,T-Shirt,3,28.41,0.2,22.34,Debit Card,Cancelled
ORD-103515,2023-11-16,CUST-00435,Ana Khan,Consumer,Singapore,Asia,Office,Wireless Mouse,1,64.35,0.0,24.6,Gift Card,Completed
ORD-102170,2024-07-12,CUST-00298,James Nakamura,Consumer,United States,North America,Beauty,Face Serum,1,44.67,0.1,15.93,Bank Transfer,Completed
ORD-102838,2024-10-20,CUST-00055,Grace Jones,Consumer,France,Europe,Apparel,Denim Jacket,1,30.18,0.0,7.84,Debit Card,Completed
ORD-105684,2024-02-07,CUST-00732,Linda Johnson,Consumer,Japan,Asia,Electronics,Bluetooth Speaker,1,38.01,0.0,14.28,Gift Card,Completed
ORD-100498,2023-08-02,CUST-00788,Tom Johnson,Consumer,Australia,Oceania,Apparel,Denim Jacket,1,57.18,0.0,22.69,Credit Card,Completed
ORD-101860,2024-08-07,CUST-00308,Fatima Costa,Small Business,France,Europe,Home & Kitchen,Blender,2,43.28,0.0,12.97,Credit Card,Completed
ORD-102479,2024-02-08,CUST-00789,Patricia Muller,Small Business,Canada,North America,Office,Notebook Set,2,59.09,0.0,15.54,Credit Card,Completed
ORD-106134,2024-03-08,CUST-00645,Lucas Khan,Small Business,India,Asia,Electronics,USB-C Cable,1,202.7,0.0,5.82,Credit Card,Completed
ORD-105244,2023-10-16,CUST-00724,Ana Kumar,Consumer,Canada,North America,Beauty,Lip Balm,1,25.87,0.15,4.51,Bank Transfer,Completed
ORD-104426,2024-06-13,CUST-00474,Michael Nakamura,Small Business,Germany,Europe,Apparel,Denim Jacket,1,12.57,0.0,5.88,PayPal,Completed
ORD-103080,2024-11-12,CUST-00552,David Williams,Enterprise,United Kingdom,Europe,Electronics,Bluetooth Speaker,1,122.89,0.0,21.57,Debit Card,Completed
ORD-105182,2024-06-17,CUST-00762,Carlos Tanaka,Consumer,United States,North America,Apparel,Baseball Cap,2,84.82,0.0,24.04,Debit Card,Completed
ORD-100998,2024-10-01,CUST-00542,Hiro Johnson,Consumer,INDIA,Asia,Sports & Outdoors,Yoga Mat,2,22.89,0.05,15.85,PayPal,Completed
ORD-103677,2024-07-13,CUST-00248,David Williams,,United States,North America,Electronics,USB-C Cable,1,97.17,0.0,23.16,Bank Transfer,Returned
ORD-101663,2023-07-23,CUST-00174,Sofia Costa,Small Business,United Kingdom,Europe,Sports & Outdoors,Resistance Bands,1,46.03,0.0,,Credit Card,Completed
ORD-101227,2024-11-08,CUST-00600,Linda Garcia,Consumer,Spain,Europe,Apparel,Denim Jacket,2,72.27,0.0,2.97,PayPal,Completed
ORD-106789,2024-06-15,CUST-00326,Ines Silva,Consumer,United Kingdom,Europe,Sports & Outdoors,Water Bottle,1,161.14,0.0,12.3,Bank Transfer,Cancelled
ORD-102733,2024-04-30,CUST-00424,Emma Martinez,Enterprise,United Kingdom,Europe,Sports & Outdoors,Yoga Mat,2,19.32,0.0,23.65,Credit Card,Cancelled
ORD-102778,2023-06-09,CUST-00510,Hiro Martinez,Consumer,Canada,North America,Office,Standing Desk Mat,1,33.55,0.0,15.87,Credit Card,Completed
ORD-105095,2024-05-21,CUST-00138,John Muller,Consumer,Australia,Oceania,Electronics,Bluetooth Speaker,1,203.27,0.2,5.86,Credit Card,Completed
ORD-103259,2023-03-13,CUST-00274,Jennifer Garcia,Consumer,Spain,Europe,Electronics,Smartphone Case,4,60.08,0.2,19.66,PayPal,Completed
ORD-102082,2024-05-20,CUST-00230,Raj Nakamura,Small Business,France,Europe,Apparel,Baseball Cap,1,86.89,0.05,4.92,Debit Card,Completed
ORD-100113,2024-04-27,CUST-00435,Ana Khan,Consumer,Singapore,Asia,Beauty,Sunscreen SPF50,3,32.72,0.0,24.39,Debit Card,Completed
ORD-101118,2023-11-01,CUST-00671,Patricia Smith,Consumer,United States,North America,Beauty,Face Serum,3,39.71,0.0,21.5,Debit Card,Completed
ORD-102874,2024-11-21,CUST-00485,Mia Rossi,Enterprise,United Kingdom,Europe,Sports & Outdoors,Hiking Backpack,1,129.68,0.0,14.88,PayPal,Completed
ORD-100199,2024-04-08,CUST-00275,Patricia Garcia,Small Business,Singapore,Asia,Sports & Outdoors,Yoga Mat,1,21.95,0.0,13.76,Debit Card,Completed
ORD-105514,2023-06-28,CUST-00839,Carlos Jones,Small Business,United States,North America,Beauty,Sunscreen SPF50,1,30.67,0.0,,Gift Card,Completed
ORD-102064,2023-11-26,CUST-00371,Tom Brown,Consumer,Spain,Europe,Sports & Outdoors,Water Bottle,1,12.02,0.0,12.95,Bank Transfer,Completed
ORD-105046,2023-08-13,CUST-00676,Elizabeth Davis,Small Business,United Kingdom,Europe,Home & Kitchen,Throw Pillow,1,93.88,0.0,11.93,Credit Card,Completed
ORD-105260,2023-06-12,CUST-00781,Elizabeth Brown,Consumer,India,Asia,Sports & Outdoors,Yoga Mat,1,31.74,0.0,14.63,Debit Card,Completed
ORD-101845,2024-09-13,CUST-00216,Linda Rossi,Consumer,France,Europe,Home & Kitchen,Storage Bin,1,32.07,0.1,5.03,PayPal,Cancelled
ORD-100548,2024-02-23,CUST-00694,Jennifer Smith,Consumer,United States,North America,Apparel,Denim Jacket,1,47.37,0.0,22.89,PayPal,Returned
ORD-104817,2024-02-10,CUST-00750,Elizabeth Silva,Consumer,United Kingdom,Europe,Office,Wireless Mouse,2,43.41,0.0,10.39,Debit Card,Completed
ORD-104062,2024-10-01,CUST-00556,Lucas Rossi,Small Business,CANADA,North America,Office,Standing Desk Mat,2,42.36,0.15,5.45,Credit Card,Completed
ORD-104726,2023-12-11,CUST-00197,Elizabeth Brown,Consumer,Brazil,South America,Electronics,USB-C Cable,1,196.25,0.0,18.95,Credit Card,Completed
ORD-105241,2024-09-08,CUST-00393,Carlos Martinez,Consumer,United States,North America,Electronics,Headphones,2,211.65,0.0,4.81,Debit Card,Completed
ORD-100565,2024-10-03,CUST-00143,Tom Jones,Small Business,United States,North America,Electronics,USB-C Cable,1,186.85,0.05,22.4,PayPal,Completed
ORD-102763,2024-10-06,CUST-00358,Tom Silva,Consumer,Brazil,South America,Home & Kitchen,Cutting Board,4,41.23,0.0,23.63,Gift Card,Completed
ORD-100695,2024-06-05,CUST-00404,David Rodriguez,Small Business,Singapore,Asia,Electronics,Bluetooth Speaker,1,98.81,0.0,4.94,Credit Card,Completed
ORD-104547,2024-02-17,CUST-00672,Michael Rodriguez,Consumer,France,Europe,Beauty,Hair Dryer,1,25.5,0.05,16.56,Credit Card,Completed
ORD-105430,2023-09-06,CUST-00316,Jennifer Jones,Small Business,Australia,Oceania,Sports & Outdoors,Water Bottle,2,46.02,0.0,4.09,Credit Card,Completed
ORD-102920,2024-11-14,CUST-00174,Sofia Costa,Small Business,United Kingdom,Europe,Office,Desk Organizer,1,65.18,0.0,23.34,PayPal,Completed
ORD-103632,2024-03-01,CUST-00458,Emma Dubois,Consumer,Japan,Asia,Office,Wireless Mouse,1,21.51,0.0,3.01,Credit Card,Completed
ORD-105652,2023-10-30,CUST-00446,Hiro Rossi,Consumer, spain ,Europe,Apparel,T-Shirt,1,9.78,0.1,3.6,Credit Card,Completed
ORD-103162,2024-09-13,CUST-00321,Priya Kumar,Consumer,United States,North America,Beauty,Sunscreen SPF50,1,54.14,0.05,19.72,Debit Card,Completed
ORD-102797,2024-07-19,CUST-00143,Tom Jones,Small Business,United States,North America,Office,Desk Organizer,1,52.83,0.0,19.9,PayPal,Completed
ORD-106833,2024-06-17,CUST-00293,Lucas Davis,Consumer,Spain,Europe,Sports & Outdoors,Yoga Mat,1,49.49,0.1,24.23,PayPal,Completed
ORD-105917,2024-07-10,CUST-00151,James Smith,Enterprise,India,Asia,Electronics,Bluetooth Speaker,1,213.88,0.0,2.8,Credit Card,Completed
ORD-100238,2024-12-15,CUST-00289,,Enterprise,Australia,Oceania,Home & Kitchen,Storage Bin,1,49.97,0.1,18.76,PayPal,Completed
ORD-101051,2024-02-05,CUST-00784,Elizabeth Smith,Consumer,Australia,Oceania,Electronics,Bluetooth Speaker,1,218.15,0.0,7.43,Bank Transfer,Completed
ORD-103669,2023-08-10,CUST-00514,,Small Business,Canada,North America,Electronics,USB-C Cable,1,58.72,0.05,21.26,Gift Card,Completed
ORD-100705,2024-06-04,CUST-00602,Elizabeth Muller,Small Business,India,Asia,Sports & Outdoors,Yoga Mat,2,16.13,0.05,19.3,Credit Card,Completed
ORD-105383,2023-08-08,CUST-00244,Linda Kumar,Consumer,United States,North America,Electronics,USB-C Cable,1,57.08,0.1,16.84,Bank Transfer,Completed
ORD-101333,2024-08-16,CUST-00496,Lucas Johnson,Enterprise,Germany,Europe,Sports & Outdoors,Hiking Backpack,1,176.14,0.1,3.49,PayPal,Completed
ORD-103396,2023-04-21,CUST-00138,John Muller,Consumer,Australia,Oceania,Home & Kitchen,Storage Bin,1,84.52,0.15,21.99,PayPal,Completed
ORD-102428,2024-03-30,CUST-00780,Fatima Davis,Consumer,United States,North America,Apparel,Baseball Cap,1,28.9,0.05,18.65,Bank Transfer,Completed
ORD-105931,2024-01-21,CUST-00425,Fatima Davis,Consumer,United States,North America,Beauty,Hair Dryer,1,48.65,0.0,2.48,Credit Card,Completed
ORD-103402,2024-05-21,CUST-00662,Hiro Jones,Small Business,Brazil,South America,Home & Kitchen,Coffee Maker,1,68.22,0.0,6.23,Credit Card,Completed
ORD-100299,2024-03-04,CUST-00175,Carlos Brown,Small Business,United States,North America,Beauty,Lip Balm,1,39.48,0.0,12.07,PayPal,Completed
ORD-101117,2024-08-04,CUST-00739,,Consumer,United States,North America,Office,Standing Desk Mat,1,31.88,0.0,18.97,Bank Transfer,Returned
ORD-101400,2023-05-25,CUST-00528,John Miller,Consumer,Canada,North America,Apparel,Baseball Cap,1,37.62,0.15,24.11,Credit Card,Returned
ORD-101804,2023-03-22,CUST-00809,John Dubois,Small Business,United States,North America,Home & Kitchen,Cutting Board,4,91.31,0.0,3.28,Credit Card,Completed
ORD-102533,2024-02-03,CUST-00531,Michael Brown,Consumer,Brazil,South America,Sports & Outdoors,Hiking Backpack,1,48.19,0.0,13.13,Credit Card,Completed
ORD-105398,2024-07-23,CUST-00435,Ana Khan,Consumer,Singapore,Asia,Home & Kitchen,Throw Pillow,1,114.9,0.1,4.55,PayPal,Completed
ORD-101439,2024-03-08,CUST-00212,Mary Davis,Consumer,United States,North America,Home & Kitchen,Throw Pillow,2,104.19,0.0,10.09,Credit Card,Completed
ORD-101612,2024-04-25,CUST-00807,John Johnson,Enterprise,United States,North America,Home & Kitchen,Coffee Maker,1,107.08,0.0,6.61,Debit Card,Returned
ORD-102979,2024-09-30,CUST-00782,Tom Garcia,Small Business,United States,North America,Home & Kitchen,Storage Bin,3,43.91,0.0,18.78,Gift Card,Completed
ORD-100241,2023-11-30,CUST-00400,Liam Muller,Consumer,India,Asia,Apparel,Wool Socks,1,81.9,0.0,9.93,PayPal,Completed
ORD-105715,2024-08-09,CUST-00110,Noah Kumar,Small Business,United Kingdom,Europe,Home & Kitchen,Throw Pillow,2,48.2,0.05,22.33,Credit Card,Completed
ORD-101159,2024-09-10,CUST-00075,,Enterprise,United Kingdom,Europe,Electronics,USB-C Cable,2,29.25,0.0,5.44,Debit Card,Completed
ORD-105395,2023-10-29,CUST-00771,Lucas Nakamura,Consumer,United Kingdom,Europe,Beauty,Hair Dryer,1,37.99,0.0,2.6,Debit Card,Completed
ORD-100456,2023-06-30,CUST-00080,Mia Khan,Consumer,United States,North America,Electronics,Headphones,1,202.91,0.0,24.75,Debit Card,Completed
ORD-104352,2023-05-21,CUST-00329,Chen Brown,Enterprise,United Kingdom,Europe,Apparel,T-Shirt,1,68.71,0.0,23.24,Credit Card,Completed
ORD-105671,2024-09-22,CUST-00067,Mary Brown,Consumer,Japan,Asia,Beauty,Sunscreen SPF50,1,53.32,0.0,23.05,Credit Card,Completed
ORD-106645,2024-04-30,CUST-00247,Liam Davis,Consumer,United States,North America,Beauty,Face Serum,2,38.94,0.0,16.56,PayPal,Completed
ORD-103731,2024-09-04,CUST-00110,Noah Kumar,Small Business,United Kingdom,Europe,Sports & Outdoors,Camping Tent,2,66.54,0.0,2.58,Debit Card,Completed
ORD-103998,2024-10-06,CUST-00746,Ahmed Rossi,Consumer,United Kingdom,Europe,Office,Desk Organizer,1,5.35,0.0,4.56,Credit Card,Completed
ORD-100106,2024-07-23,CUST-00486,Patricia Johnson,Consumer,Germany,Europe,Beauty,Hair Dryer,2,26.56,0.0,15.12,Credit Card,Completed
ORD-101894,2024-01-15,CUST-00134,Elizabeth Rodriguez,Consumer,Brazil,South America,Apparel,Running Shoes,5,11.12,0.0,8.61,PayPal,Completed
ORD-100728,2023-11-14,CUST-00808,Robert Brown,Small Business,United States,North America,Apparel,Running Shoes,1,45.85,0.0,24.31,Credit Card,Completed
ORD-104568,2024-07-26,CUST-00699,Mary Dubois,Consumer,United States,North America,Apparel,Wool Socks,3,9.42,0.0,2.21,Credit Card,Completed
ORD-105541,2024-05-15,CUST-00368,Mary Miller,Small Business,Singapore,Asia,Apparel,Wool Socks,1,15.4,0.0,20.35,Gift Card,Completed
ORD-103379,2024-09-02,CUST-00006,Sofia Jones,Consumer,United States,North America,Beauty,Sunscreen SPF50,1,11.68,0.0,,Bank Transfer,Completed
ORD-105962,2023-12-21,CUST-00691,Carlos Rossi,Consumer,Canada,North America,Apparel,Denim Jacket,1,81.6,0.0,2.4,PayPal,Completed
ORD-105197,2024-06-06,CUST-00285,Ines Rossi,Enterprise,United States,North America,Office,Wireless Mouse,1,13.9,0.15,14.62,Debit Card,Completed
ORD-106148,2023-12-01,CUST-00571,Emma Khan,Consumer,Mexico,South America,Office,Wireless Mouse,1,17.11,0.0,3.45,Credit Card,Cancelled
ORD-100823,2024-05-13,CUST-00016,Sofia Costa,,United Kingdom,Europe,Electronics,Laptop Stand,2,218.84,0.0,17.65,PayPal,Completed
ORD-102320,2024-07-07,CUST-00518,James Rodriguez,Consumer,United Kingdom,Europe,Apparel,T-Shirt,1,86.07,0.0,2.53,PayPal,Completed
ORD-104464,2024-07-30,CUST-00458,Emma Dubois,Consumer,Japan,Asia,Electronics,Headphones,1,116.14,0.0,16.46,PayPal,Completed
ORD-101006,2024-02-20,CUST-00767,Raj Smith,Small Business,Brazil,South America,Apparel,Running Shoes,1,66.53,0.1,4.93,Credit Card,Cancelled
ORD-100197,2024-06-13,CUST-00239,David Khan,Consumer,France,Europe,Office,Notebook Set,2,56.0,0.0,20.96,PayPal,Completed
ORD-106200,2024-08-10,CUST-00573,Michael Miller,Small Business,Italy,Europe,Home & Kitchen,Throw Pillow,1,82.94,0.0,19.92,Credit Card,Completed
ORD-102654,2024-02-23,CUST-00045,Grace Zhang,Consumer, spain ,Europe,Apparel,Running Shoes,3,59.39,0.0,22.12,Bank Transfer,Completed
ORD-105588,2024-04-22,CUST-00047,Liam Khan,Consumer,Germany,Europe,Apparel,Running Shoes,2,21.57,0.0,22.58,PayPal,Completed
ORD-104886,2023-07-02,CUST-00236,Mary Zhang,Small Business, japan ,Asia,Office,Notebook Set,2,34.04,0.05,5.81,PayPal,Completed
ORD-104996,2023-12-18,CUST-00399,Tom Rossi,,Canada,North America,Apparel,Denim Jacket,1,30.74,0.0,22.58,Credit Card,Completed
ORD-105896,2024-05-27,CUST-00095,Raj Jones,Consumer,France,Europe,Apparel,Wool Socks,2,63.01,0.0,18.58,Credit Card,Returned
ORD-104598,2024-10-24,CUST-00602,Elizabeth Muller,Small Business,India,Asia,Electronics,Headphones,1,38.16,0.05,19.59,PayPal,Completed
ORD-106739,2024-09-26,CUST-00560,Grace Rodriguez,Small Business,France,Europe,Electronics,Bluetooth Speaker,3,89.31,0.0,18.69,Bank Transfer,Completed
ORD-103912,2024-08-22,CUST-00507,Fatima Brown,Consumer,United Kingdom,Europe,Beauty,Hair Dryer,2,19.11,0.0,18.67,Credit Card,Completed
ORD-106147,2024-04-30,CUST-00042,,Consumer,Germany,Europe,Electronics,Laptop Stand,1,32.41,0.2,12.62,Debit Card,Completed
ORD-104961,2024-01-21,CUST-00760,Carlos Jones,,Italy,Europe,Home & Kitchen,Storage Bin,1,100.35,0.0,8.75,Debit Card,Completed
ORD-104503,2024-07-17,CUST-00081,David Costa,Small Business,Canada,North America,Beauty,Face Serum,1,23.29,0.0,8.37,Bank Transfer,Completed
ORD-103693,2023-12-21,CUST-00235,Jennifer Brown,Small Business,United Kingdom,Europe,Sports & Outdoors,Camping Tent,2,114.14,0.0,23.01,Bank Transfer,Completed
ORD-104075,2024-07-19,CUST-00750,Elizabeth Silva,Consumer,United Kingdom,Europe,Electronics,USB-C Cable,3,32.25,0.15,12.54,Debit Card,Completed
ORD-101365,2023-07-30,CUST-00685,Robert Martinez,Small Business,United Kingdom,Europe,Apparel,Baseball Cap,1,81.28,0.0,22.08,Credit Card,Returned
ORD-102457,2024-06-21,CUST-00426,Mia Miller,Consumer,United States,North America,Sports & Outdoors,Hiking Backpack,1,145.89,0.0,9.42,Debit Card,Completed
ORD-102307,2024-08-15,CUST-00442,Olivia Khan,Consumer,Australia,Oceania,Apparel,T-Shirt,4,55.72,0.0,4.69,Debit Card,Completed
ORD-100024,2024-07-06,CUST-00433,Emma Johnson,Consumer,India,Asia,Apparel,Wool Socks,3,61.53,0.0,9.26,Credit Card,Returned
ORD-106185,2024-08-28,CUST-00697,Elizabeth Tanaka,,United Kingdom,Europe,Beauty,Sunscreen SPF50,1,28.25,0.0,21.81,PayPal,Completed
ORD-100637,2024-02-15,CUST-00762,Carlos Tanaka,Consumer,United States,North America,Apparel,Running Shoes,3,69.3,0.0,12.87,PayPal,Completed
ORD-106520,2023-09-29,CUST-00523,Ana Johnson,Consumer,Germany,Europe,Electronics,USB-C Cable,2,158.54,0.0,9.48,Credit Card,Completed
ORD-100431,2024-05-03,CUST-00101,Lucas Khan,Consumer,France,Europe,Beauty,Shampoo,1,48.06,0.0,4.63,Credit Card,Completed
ORD-100721,2024-10-10,CUST-00307,Tom Miller,Consumer,United States,North America,Home & Kitchen,Cutting Board,1,134.25,0.0,22.71,PayPal,Completed
ORD-102844,2024-02-29,CUST-00532,Ana Rodriguez,Small Business,India,Asia,Sports & Outdoors,Water Bottle,1,32.21,0.0,2.77,Credit Card,Completed
ORD-102224,2024-02-27,CUST-00418,Ana Williams,Consumer,Spain,Europe,Office,Pen Pack,1,53.85,0.0,4.98,PayPal,Completed
ORD-101679,2024-09-11,CUST-00474,Michael Nakamura,Small Business,Germany,Europe,Electronics,Headphones,1,165.66,0.0,8.15,Credit Card,Completed
ORD-102453,2024-02-14,CUST-00085,David Martinez,Consumer,Canada,North America,Home & Kitchen,Coffee Maker,1,42.3,0.0,4.49,Credit Card,Completed
ORD-102663,2024-08-29,CUST-00302,James Martinez,Enterprise, italy ,Europe,Sports & Outdoors,Resistance Bands,1,93.5,0.0,22.88,Credit Card,Completed
ORD-102316,2024-07-08,CUST-00646,Mary Williams,Consumer,Spain,Europe,Home & Kitchen,Coffee Maker,2,69.29,0.0,5.32,Debit Card,Completed
ORD-105390,2024-06-21,CUST-00445,Michael Kumar,Enterprise,Mexico,South America,Electronics,USB-C Cable,1,147.26,0.0,15.96,PayPal,Completed
ORD-105148,2024-10-16,CUST-00621,Mia Zhang,,Mexico,South America,Beauty,Shampoo,1,28.71,0.0,10.69,Debit Card,Completed
ORD-101306,2023-09-06,CUST-00055,Grace Jones,Consumer,France,Europe,Home & Kitchen,Throw Pillow,1,23.26,0.15,17.11,PayPal,Completed
ORD-104194,2023-06-21,CUST-00002,Robert Muller,,Mexico,South America,Home & Kitchen,Storage Bin,1,66.86,0.0,16.89,Credit Card,Returned
ORD-101211,2023-08-07,CUST-00122,Carlos Johnson,Small Business,United Kingdom,Europe,Home & Kitchen,Storage Bin,-1,126.89,0.0,23.81,Credit Card,Returned
ORD-102148,2023-10-24,CUST-00062,Liam Miller,Small Business,ITALY,Europe,Office,Standing Desk Mat,1,49.29,0.05,18.65,Debit Card,Completed
ORD-106497,2023-07-11,CUST-00451,Raj Khan,Small Business,United Kingdom,Europe,Home & Kitchen,Throw Pillow,3,21.7,0.15,22.82,Credit Card,Completed
ORD-105842,2023-06-27,CUST-00824,David Miller,Consumer,Australia,Oceania,Apparel,Wool Socks,1,77.19,0.1,23.87,Credit Card,Completed
ORD-102328,2023-08-04,CUST-00408,James Jones,Enterprise,Italy,Europe,Electronics,USB-C Cable,1,63.7,0.0,17.76,Credit Card,Completed
ORD-100620,2024-07-21,CUST-00803,Emma Zhang,Consumer,United Kingdom,Europe,Electronics,Bluetooth Speaker,1,208.57,0.0,18.07,PayPal,Completed
ORD-104004,2024-06-30,CUST-00720,Ana Garcia,Consumer,United States,North America,Beauty,Face Serum,1,58.23,0.0,21.13,Gift Card,Completed
ORD-104883,2023-08-26,CUST-00483,Wei Dubois,Consumer,Spain,Europe,Apparel,Wool Socks,2,78.98,0.0,2.82,Credit Card,Completed
ORD-102624,2023-05-06,CUST-00236,Mary Zhang,Small Business,Japan,Asia,Electronics,USB-C Cable,1,93.33,0.0,22.54,Debit Card,Returned
ORD-106519,2024-04-13,CUST-00494,Emma Martinez,Consumer,United States,North America,Sports & Outdoors,Yoga Mat,1,82.9,0.0,21.65,Gift Card,Completed
ORD-105372,2023-11-29,CUST-00362,Elizabeth Costa,Enterprise,India,Asia,Home & Kitchen,Storage Bin,2,68.72,0.15,24.88,Debit Card,Completed
ORD-103361,2023-03-30,CUST-00838,Yuki Rodriguez,Consumer,United States,North America,Home & Kitchen,Coffee Maker,2,64.73,0.0,19.57,PayPal,Completed
ORD-105310,2024-03-03,CUST-00587,Jennifer Dubois,Enterprise,United Kingdom,Europe,Electronics,Laptop Stand,2,65.59,0.0,21.63,Bank Transfer,Completed
ORD-106575,2023-10-12,CUST-00304,John Garcia,Small Business,Australia,Oceania,Electronics,Laptop Stand,2,97.56,0.0,5.61,Credit Card,Completed
ORD-106196,2024-04-12,CUST-00189,Noah Silva,Small Business,India,Asia,Electronics,USB-C Cable,1,177.13,0.0,20.33,PayPal,Completed
ORD-103863,2024-05-16,CUST-00268,Fatima Miller,Enterprise,Spain,Europe,Home & Kitchen,Storage Bin,3,99.57,0.05,2.53,PayPal,Completed
ORD-104316,2024-11-14,CUST-00125,Hiro Davis,Consumer,United States,North America,Electronics,Laptop Stand,1,113.19,0.0,12.28,PayPal,Cancelled
ORD-105574,2023-12-26,CUST-00453,Tom Kumar,Consumer,India,Asia,Apparel,T-Shirt,1,52.52,0.0,24.02,Credit Card,Completed
ORD-105901,2024-11-03,CUST-00747,Tom Davis,Consumer,United Kingdom,Europe,Office,Wireless Mouse,2,10.0,0.0,20.35,Credit Card,Returned
ORD-103530,2024-05-17,CUST-00330,Noah Johnson,Consumer,Japan,Asia,Electronics,Smartphone Case,1,59.23,0.2,4.6,Credit Card,Completed
ORD-101933,2024-02-22,CUST-00034,Wei Nakamura,Enterprise,India,Asia,Office,Desk Organizer,1,49.31,0.0,3.12,PayPal,Completed
ORD-106702,2024-09-09,CUST-00428,Yuki Rodriguez,Consumer,Spain,Europe,Electronics,Laptop Stand,2,139.29,0.15,11.19,Bank Transfer,Completed
ORD-104212,2024-02-23,CUST-00419,Ahmed Williams,Small Business,India,Asia,Home & Kitchen,Throw Pillow,1,93.5,0.0,3.05,PayPal,Completed
ORD-101303,2024-05-08,CUST-00286,Wei Martinez,Small Business,Australia,Oceania,Office,Standing Desk Mat,3,56.88,0.2,11.28,Debit Card,Completed
ORD-104330,2024-09-08,CUST-00266,Ana Miller,Consumer,United States,North America,Sports & Outdoors,Camping Tent,2,83.53,0.0,10.92,Credit Card,Completed
ORD-102509,2024-10-04,CUST-00796,David Khan,Enterprise,United States,North America,Sports & Outdoors,Hiking Backpack,1,33.34,0.0,13.99,Debit Card,Completed
ORD-104734,2024-06-27,CUST-00778,John Davis,Small Business,United States,North America,Electronics,USB-C Cable,1,100.31,0.0,16.8,Debit Card,Completed
ORD-106540,2024-05-27,CUST-00781,Elizabeth Brown,Consumer,India,Asia,Beauty,Shampoo,1,23.78,0.0,2.0,Credit Card,Completed
ORD-103630,2024-05-02,CUST-00289,Sofia Williams,Enterprise,Australia,Oceania,Electronics,Laptop Stand,1,77.59,0.15,9.1,Credit Card,Completed
ORD-100546,2024-07-29,CUST-00242,Tom Nakamura,Consumer,United States,North America,Sports & Outdoors,Camping Tent,2,29.3,0.0,15.17,Credit Card,Returned
ORD-106491,2024-07-30,CUST-00240,Elizabeth Williams,Small Business,Brazil,South America,Electronics,Laptop Stand,2,101.28,0.0,5.39,Credit Card,Completed
ORD-100718,2023-03-05,CUST-00421,Sofia Smith,Consumer,UNITED KINGDOM,Europe,Beauty,Face Serum,1,11.51,0.0,2.74,PayPal,Completed
ORD-104781,2023-08-29,CUST-00708,Fatima Smith,Consumer, united states ,North America,Apparel,Denim Jacket,1,25.37,0.0,10.38,Credit Card,Completed
ORD-103336,2024-06-26,CUST-00257,John Williams,Small Business,Canada,North America,Beauty,Face Serum,2,13.58,0.0,10.78,Gift Card,Returned
ORD-103133,2024-01-31,CUST-00783,Grace Rossi,Small Business,United States,North America,Electronics,Headphones,2,33.88,0.0,6.02,Credit Card,Completed
ORD-103424,2024-05-10,CUST-00212,Mary Davis,Consumer,United States,North America,Electronics,USB-C Cable,1,71.85,0.0,2.85,Credit Card,Completed
ORD-106124,2023-05-07,CUST-00625,Linda Nakamura,Enterprise,Brazil,South America,Sports & Outdoors,Resistance Bands,1,110.38,0.0,18.19,Debit Card,Completed
ORD-102408,2024-05-14,CUST-00134,Elizabeth Rodriguez,Consumer,Brazil,South America,Electronics,Smartphone Case,1,92.65,0.0,16.67,Credit Card,Completed
ORD-105924,2023-10-21,CUST-00465,Ines Williams,,Singapore,Asia,Apparel,Baseball Cap,1,66.47,0.1,6.55,Credit Card,Completed
ORD-105629,2023-07-24,CUST-00548,Grace Johnson,Consumer,United States,North America,Office,Desk Organizer,2,12.73,0.0,20.0,Credit Card,Completed
ORD-103027,2024-08-30,CUST-00261,David Garcia,Enterprise,Germany,Europe,Sports & Outdoors,Resistance Bands,1,134.84,0.0,10.88,Credit Card,Completed
ORD-102890,2024-08-07,CUST-00830,Fatima Costa,Consumer,Spain,Europe,Beauty,Face Serum,1,15.23,0.0,13.37,Gift Card,Completed
ORD-105721,2024-03-04,CUST-00391,Ahmed Davis,Small Business,Canada,North America,Home & Kitchen,Throw Pillow,2,70.04,0.0,9.85,Credit Card,Completed
ORD-105301,2024-07-12,CUST-00829,Mary Costa,Consumer,Japan,Asia,Home & Kitchen,Throw Pillow,1,84.16,0.05,6.82,PayPal,Completed
ORD-103354,2024-02-13,CUST-00041,John Zhang,Small Business,United States,North America,Office,Desk Organizer,1,59.1,0.0,2.72,PayPal,Completed
ORD-103505,2024-10-07,CUST-00397,Chen Williams,Small Business,Germany,Europe,Apparel,Wool Socks,2,27.28,0.0,17.68,PayPal,Completed
ORD-100528,2024-06-25,CUST-00678,Lucas Kumar,Consumer,Germany,Europe,Office,Notebook Set,1,49.35,0.15,,PayPal,Completed
ORD-103490,2024-10-05,CUST-00277,Chen Rossi,Consumer,Spain,Europe,Sports & Outdoors,Camping Tent,2,29.66,0.0,22.73,PayPal,Completed
ORD-102054,2024-08-24,CUST-00380,Jennifer Rodriguez,Consumer,Italy,Europe,Beauty,Lip Balm,2,59.18,0.0,19.93,PayPal,Completed
ORD-103296,2023-10-24,CUST-00410,Fatima Martinez,Enterprise,United States,North America,Electronics,Smartphone Case,1,55.35,0.2,21.05,PayPal,Completed
ORD-101658,2024-06-16,CUST-00358,Tom Silva,Consumer,Brazil,South America,Apparel,Running Shoes,1,19.73,0.05,6.89,Bank Transfer,Completed
ORD-102319,2024-02-26,CUST-00845,Emma Muller,Consumer,Brazil,South America,Sports & Outdoors,Resistance Bands,1,38.93,0.0,6.95,Debit Card,Completed
ORD-101948,2023-09-21,CUST-00404,David Rodriguez,Small Business,Singapore,Asia,Office,Desk Organizer,1,19.21,0.0,3.53,Debit Card,Completed
ORD-102692,2024-04-22,CUST-00562,Lucas Garcia,Consumer,Canada,North America,Home & Kitchen,Throw Pillow,1,45.73,0.0,7.31,PayPal,Completed
ORD-105322,2024-01-04,CUST-00794,Sofia Muller,Small Business,Canada,North America,Apparel,Denim Jacket,1,41.55,0.0,11.16,PayPal,Completed
ORD-105531,2024-09-29,CUST-00123,,Small Business,United Kingdom,Europe,Beauty,Face Serum,1,43.87,0.0,18.17,Credit Card,Completed
ORD-102751,2024-06-29,CUST-00193,Ahmed Dubois,Consumer,Australia,Oceania,Apparel,Denim Jacket,1,46.11,0.0,14.29,Credit Card,Completed
ORD-103188,2024-04-20,CUST-00348,Elizabeth Muller,Small Business,ITALY,Europe,Apparel,Baseball Cap,1,46.9,0.0,12.33,Bank Transfer,Completed
ORD-101990,2023-06-29,CUST-00565,Hiro Jones,Small Business,Italy,Europe,Home & Kitchen,Blender,2,32.16,0.15,19.55,Debit Card,Completed
ORD-104159,2024-03-12,CUST-00200,Emma Silva,Enterprise,Spain,Europe,Office,Wireless Mouse,1,6.29,0.0,19.31,Debit Card,Completed
ORD-100525,2024-06-17,CUST-00825,Mary Tanaka,Consumer,United Kingdom,Europe,Office,Desk Organizer,2,27.61,0.15,2.48,Credit Card,Completed
ORD-105939,2024-03-29,CUST-00126,Tom Williams,Enterprise, germany ,Europe,Home & Kitchen,Throw Pillow,1,54.04,0.05,13.96,PayPal,Completed
ORD-100911,2024-08-21,CUST-00536,Tom Garcia,Enterprise,Canada,North America,Electronics,USB-C Cable,2,182.8,0.0,13.43,Debit Card,Completed
ORD-102542,2024-01-19,CUST-00028,Ahmed Rodriguez,Small Business,United States,North America,Beauty,Sunscreen SPF50,1,32.78,0.0,7.88,PayPal,Completed
ORD-102006,2024-10-11,CUST-00651,Emma Nakamura,Consumer,India,Asia,Apparel,Denim Jacket,1,72.05,0.0,23.45,Credit Card,Returned
ORD-100504,2023-08-17,CUST-00385,Ines Johnson,Consumer,France,Europe,Office,Pen Pack,2,57.4,0.05,6.79,PayPal,Completed
ORD-100559,2024-02-08,CUST-00517,Jennifer Miller,Consumer,United States,North America,Electronics,Headphones,3,216.14,0.0,2.42,Credit Card,Completed
ORD-100125,2023-08-30,CUST-00289,Sofia Williams,Enterprise,Australia,Oceania,Home & Kitchen,Cutting Board,1,90.62,0.0,8.81,Credit Card,Completed
ORD-102982,2024-06-01,CUST-00516,Wei Davis,Consumer,India,Asia,Office,Desk Organizer,1,51.38,0.0,22.21,PayPal,Completed
ORD-101471,2024-05-30,CUST-00470,Jennifer Johnson,Small Business,INDIA,Asia,Apparel,T-Shirt,1,25.66,0.0,24.99,Credit Card,Completed
ORD-105471,2024-04-08,CUST-00242,,Consumer,United States,North America,Apparel,Wool Socks,1,80.28,0.0,24.33,Credit Card,Completed
ORD-101285,2023-11-14,CUST-00233,Grace Tanaka,Consumer,Italy,Europe,Home & Kitchen,Storage Bin,4,107.6,0.0,13.4,Credit Card,Completed
ORD-104315,2023-06-19,CUST-00699,Mary Dubois,Consumer,United States,North America,Electronics,Headphones,4,88.76,0.0,23.0,Debit Card,Completed
ORD-104283,2024-04-14,CUST-00475,Sofia Martinez,Consumer,UNITED KINGDOM,Europe,Sports & Outdoors,Resistance Bands,1,111.32,0.0,12.43,PayPal,Completed
ORD-102722,2024-10-31,CUST-00769,Raj Rodriguez,Consumer,France,Europe,Home & Kitchen,Storage Bin,1,62.12,0.0,11.11,PayPal,Completed
ORD-101095,2024-02-16,CUST-00004,Chen Martinez,Consumer,Brazil,South America,Electronics,Smartphone Case,2,136.36,0.05,16.96,Credit Card,Returned
ORD-106155,2024-01-12,CUST-00421,Sofia Smith,Consumer,United Kingdom,Europe,Beauty,Shampoo,1,28.04,0.0,20.16,PayPal,Cancelled
ORD-101775,2024-11-09,CUST-00325,Priya Williams,Enterprise,United Kingdom,Europe,Beauty,Sunscreen SPF50,1,22.22,0.0,23.25,Credit Card,Completed
ORD-101213,2024-04-12,CUST-00824,David Miller,Consumer,Australia,Oceania,Electronics,Bluetooth Speaker,1,117.45,0.0,17.58,Credit Card,Completed
ORD-101184,2023-03-09,CUST-00401,James Zhang,Consumer,Singapore,Asia,Home & Kitchen,Throw Pillow,1,125.91,0.0,7.97,Credit Card,Completed
ORD-100225,2023-05-10,CUST-00835,Hiro Nakamura,Small Business,Canada,North America,Apparel,Wool Socks,1,55.22,0.1,5.74,Credit Card,Completed
ORD-104180,2024-03-30,CUST-00143,Tom Jones,Small Business,United States,North America,Apparel,Baseball Cap,-1,53.69,0.0,17.43,Bank Transfer,Completed
ORD-101952,2024-10-06,CUST-00754,Carlos Rodriguez,Small Business,Mexico,South America,Home & Kitchen,Coffee Maker,1,59.46,0.0,10.65,Credit Card,Completed
ORD-105405,2024-08-22,CUST-00074,Robert Davis,,Germany,Europe,Sports & Outdoors,Water Bottle,1,23.76,0.1,24.51,PayPal,Completed
ORD-101041,2024-09-12,CUST-00277,Chen Rossi,Consumer,Spain,Europe,Office,Pen Pack,5,21.75,0.1,20.28,Debit Card,Cancelled
ORD-100429,2024-05-02,CUST-00091,Carlos Johnson,Consumer,United States,North America,Electronics,Headphones,4,163.47,0.0,16.93,Credit Card,Completed
ORD-106958,2024-11-18,CUST-00068,Elizabeth Nakamura,Consumer,United States,North America,Home & Kitchen,Throw Pillow,1,101.03,0.0,8.13,PayPal,Completed
ORD-101372,2024-12-13,CUST-00479,Chen Jones,Enterprise,United States,North America,Home & Kitchen,Blender,2,34.01,0.0,22.11,Credit Card,Completed
ORD-104601,2023-11-07,CUST-00649,John Costa,Enterprise,United States,North America,Electronics,USB-C Cable,1,37.89,0.0,5.31,PayPal,Completed
ORD-100685,2023-05-13,CUST-00496,Lucas Johnson,Enterprise,Germany,Europe,Electronics,Headphones,2,86.79,0.0,20.1,Debit Card,Completed
ORD-103252,2023-11-12,CUST-00649,John Costa,Enterprise,United States,North America,Beauty,Hair Dryer,2,47.32,0.0,6.38,Credit Card,Completed
ORD-100828,2024-02-06,CUST-00418,Ana Williams,Consumer,Spain,Europe,Apparel,T-Shirt,1,33.37,0.0,13.06,Debit Card,Completed
ORD-103310,2024-07-15,CUST-00427,Hiro Rossi,Consumer,United Kingdom,Europe,Apparel,Denim Jacket,2,72.07,0.0,15.29,Debit Card,Completed
ORD-103256,2024-03-26,CUST-00400,Liam Muller,Consumer,India,Asia,Beauty,Face Serum,2,53.77,0.0,7.12,PayPal,Completed
ORD-103873,2023-07-30,CUST-00366,Wei Rodriguez,Consumer,Japan,Asia,Electronics,USB-C Cable,1,171.03,0.0,14.99,PayPal,Completed
ORD-100633,2024-02-15,CUST-00487,Lucas Dubois,Consumer,Japan,Asia,Electronics,Laptop Stand,5,211.38,0.0,23.71,Credit Card,Completed
ORD-104684,2024-05-26,CUST-00330,Noah Johnson,Consumer,Japan,Asia,Apparel,Wool Socks,1,48.34,0.0,21.27,Bank Transfer,Cancelled
ORD-103355,2024-02-06,CUST-00278,Jennifer Zhang,Consumer,ITALY,Europe,Office,Standing Desk Mat,1,59.45,0.15,7.13,Bank Transfer,Completed
ORD-103115,2023-12-14,CUST-00133,Carlos Costa,Consumer,Germany,Europe,Electronics,Bluetooth Speaker,2,108.79,0.0,8.0,PayPal,Cancelled
ORD-101242,2024-05-02,CUST-00122,Carlos Johnson,Small Business,United Kingdom,Europe,Electronics,Headphones,2,154.75,0.1,24.83,PayPal,Completed
ORD-102526,2024-09-04,CUST-00032,John Davis,Consumer,Spain,Europe,Sports & Outdoors,Resistance Bands,2,166.72,0.0,23.59,Credit Card,Completed
ORD-101672,2024-07-23,CUST-00086,Grace Tanaka,Small Business,United States,North America,Apparel,T-Shirt,1,17.05,0.15,9.85,Credit Card,Returned
ORD-101461,2023-09-27,CUST-00574,Tom Costa,Consumer,Canada,North America,Apparel,T-Shirt,3,72.59,0.05,24.45,Credit Card,Completed
ORD-101398,2024-04-16,CUST-00235,Jennifer Brown,,United Kingdom,Europe,Apparel,Wool Socks,1,76.95,0.0,11.68,Debit Card,Completed
ORD-106612,2024-03-27,CUST-00311,Ana Garcia,Consumer,United Kingdom,Europe,Beauty,Lip Balm,1,44.08,0.05,22.98,Debit Card,Completed
ORD-102859,2024-07-26,CUST-00047,Liam Khan,Consumer,Germany,Europe,Beauty,Shampoo,2,30.39,0.1,24.09,Bank Transfer,Completed
ORD-101278,2024-08-30,CUST-00458,Emma Dubois,Consumer,JAPAN,Asia,Home & Kitchen,Throw Pillow,3,149.01,0.0,,Credit Card,Completed
ORD-105331,2023-09-26,CUST-00031,,Small Business,Germany,Europe,Home & Kitchen,Storage Bin,1,34.49,0.0,21.75,Credit Card,Returned
ORD-100746,2024-05-09,CUST-00166,Wei Kumar,Consumer,Spain,Europe,Office,Desk Organizer,1,29.87,0.2,4.6,Debit Card,Completed
ORD-103172,2024-05-07,CUST-00618,Linda Dubois,Consumer,India,Asia,Beauty,Shampoo,2,42.13,0.1,19.01,Credit Card,Completed
ORD-101749,2024-02-19,CUST-00309,Emma Brown,Consumer,United States,North America,Sports & Outdoors,Hiking Backpack,1,88.49,0.1,2.62,Gift Card,Completed
ORD-100168,2024-09-04,CUST-00418,Ana Williams,Consumer,Spain,Europe,Sports & Outdoors,Camping Tent,4,59.82,0.0,20.4,Bank Transfer,Completed
ORD-105824,2024-10-17,CUST-00724,Ana Kumar,Consumer,Canada,North America,Electronics,USB-C Cable,2,19.03,0.0,14.75,PayPal,Completed
ORD-100142,2024-08-13,CUST-00681,Ines Garcia,Small Business,Spain,Europe,Beauty,Hair Dryer,1,34.61,0.05,14.53,Credit Card,Completed
ORD-105295,2023-12-24,CUST-00180,Liam Brown,Consumer, singapore ,Asia,Apparel,Wool Socks,1,70.97,0.1,9.93,Credit Card,Completed
ORD-100805,2024-02-17,CUST-00374,Liam Rossi,Small Business,United States,North America,Electronics,Smartphone Case,1,200.1,0.0,2.81,Credit Card,Completed
ORD-102009,2024-07-10,CUST-00003,Ana Khan,Small Business,United States,North America,Apparel,Wool Socks,1,10.19,0.2,19.16,Bank Transfer,Completed
ORD-105035,2023-11-01,CUST-00655,,Consumer,India,Asia,Electronics,Smartphone Case,1,32.41,0.0,5.53,PayPal,Completed
ORD-104527,2024-07-07,CUST-00111,Jennifer Tanaka,Consumer,India,Asia,Electronics,USB-C Cable,1,82.01,0.0,13.31,Debit Card,Completed
ORD-105633,2024-09-03,CUST-00848,James Rodriguez,Consumer,Canada,North America,Apparel,Denim Jacket,1,86.1,0.0,16.99,Credit Card,Completed
ORD-102249,2023-04-21,CUST-00196,Lucas Silva,Consumer,United Kingdom,Europe,Home & Kitchen,Throw Pillow,1,99.25,0.0,18.62,PayPal,Completed
ORD-100455,2024-07-18,CUST-00417,Fatima Rossi,Enterprise,United States,North America,Sports & Outdoors,Yoga Mat,1,75.63,0.1,6.74,Credit Card,Completed
ORD-103058,2024-07-12,CUST-00546,John Rodriguez,Consumer,Brazil,South America,Electronics,Smartphone Case,2,83.19,0.0,10.13,Credit Card,Completed
ORD-105067,2024-11-08,CUST-00689,Noah Rodriguez,Enterprise, germany ,Europe,Beauty,Lip Balm,1,13.65,0.0,8.8,Credit Card,Completed
ORD-100507,2023-05-23,CUST-00678,Lucas Kumar,Consumer,Germany,Europe,Beauty,Shampoo,1,36.25,0.0,24.03,PayPal,Completed
ORD-100921,2023-05-19,CUST-00039,Noah Brown,Small Business,India,Asia,Home & Kitchen,Storage Bin,1,105.82,0.0,9.94,Debit Card,Completed
ORD-100441,2023-09-17,CUST-00647,Yuki Jones,,Canada,North America,Electronics,Laptop Stand,1,169.18,0.0,18.83,PayPal,Completed
ORD-103251,2024-06-27,CUST-00242,Tom Nakamura,Consumer,United States,North America,Sports & Outdoors,Water Bottle,1,53.86,0.0,23.76,Debit Card,Completed
ORD-103578,2024-09-04,CUST-00296,Wei Davis,Consumer,United States,North America,Apparel,Denim Jacket,1,45.47,0.05,,Bank Transfer,Completed
ORD-102607,2023-10-25,CUST-00035,Sofia Garcia,Enterprise,Japan,Asia,Office,Standing Desk Mat,1,17.29,0.05,19.56,Credit Card,Completed
ORD-106705,2024-09-20,CUST-00707,Tom Williams,,CANADA,North America,Electronics,Bluetooth Speaker,1,197.65,0.0,10.49,PayPal,Completed
ORD-103664,2024-11-16,CUST-00834,Yuki Martinez,Consumer,India,Asia,Electronics,Headphones,2,63.72,0.15,4.69,Debit Card,Completed
ORD-101828,2024-03-08,CUST-00655,Mia Zhang,Consumer,India,Asia,Sports & Outdoors,Hiking Backpack,1,90.69,0.0,16.2,Credit Card,Cancelled
ORD-103539,2024-05-27,CUST-00448,Priya Costa,Consumer,France,Europe,Sports & Outdoors,Hiking Backpack,2,173.84,0.0,18.37,PayPal,Completed
ORD-100111,2024-05-11,CUST-00291,Ahmed Tanaka,Consumer,Mexico,South America,Sports & Outdoors,Hiking Backpack,1,48.29,0.0,13.04,Bank Transfer,Completed
ORD-104198,2024-07-31,CUST-00389,James Williams,Small Business,Singapore,Asia,Electronics,Smartphone Case,2,106.02,0.0,10.02,PayPal,Completed
ORD-105418,2024-05-12,CUST-00208,Tom Martinez,Enterprise,Germany,Europe,Sports & Outdoors,Hiking Backpack,2,58.87,0.0,4.62,PayPal,Completed
ORD-102997,2024-09-13,CUST-00614,Noah Tanaka,Consumer,France,Europe,Apparel,T-Shirt,1,9.31,0.15,14.35,Debit Card,Returned
ORD-105543,2024-04-01,CUST-00226,,Enterprise,Germany,Europe,Beauty,Face Serum,1,32.81,0.0,18.08,Credit Card,Cancelled
ORD-104866,2024-06-06,CUST-00327,Emma Kumar,,Mexico,South America,Home & Kitchen,Blender,1,79.65,0.0,19.47,Credit Card,Completed
ORD-105928,2023-12-26,CUST-00681,,Small Business,Spain,Europe,Office,Wireless Mouse,2,23.72,0.05,24.21,Debit Card,Completed
ORD-100985,2024-02-15,CUST-00343,Wei Dubois,Consumer,India,Asia,Apparel,Wool Socks,1,23.41,0.0,20.85,PayPal,Returned
ORD-105641,2024-01-22,CUST-00493,Tom Rodriguez,Enterprise,Germany,Europe,Home & Kitchen,Cutting Board,1,10.29,0.05,6.72,Debit Card,Completed
ORD-101746,2024-04-16,CUST-00070,James Muller,Consumer,Germany,Europe,Apparel,Running Shoes,2,33.23,0.0,19.5,PayPal,Completed
ORD-105066,2024-12-17,CUST-00517,Jennifer Miller,Consumer,United States,North America,Electronics,Bluetooth Speaker,1,173.35,0.05,6.66,PayPal,Completed
ORD-102910,2023-07-09,CUST-00646,Mary Williams,Consumer,Spain,Europe,Home & Kitchen,Blender,1,117.65,0.0,13.51,Gift Card,Completed
ORD-102826,2024-05-29,CUST-00601,Sofia Silva,Small Business,United States,North America,Beauty,Sunscreen SPF50,3,32.98,0.0,12.89,PayPal,Returned
ORD-101583,2023-11-28,CUST-00586,Grace Zhang,,Mexico,South America,Beauty,Sunscreen SPF50,-1,35.75,0.0,17.99,PayPal,Completed
ORD-105298,2023-11-12,CUST-00355,Ana Garcia,Small Business,United Kingdom,Europe,Electronics,Smartphone Case,2,68.85,0.0,5.95,PayPal,Completed
ORD-103675,2023-09-21,CUST-00321,Priya Kumar,Consumer,United States,North America,Electronics,Laptop Stand,1,102.83,0.2,20.49,Gift Card,Completed
ORD-101843,2024-07-15,CUST-00539,Ana Costa,Consumer,United States,North America,Home & Kitchen,Cutting Board,2,127.68,0.0,7.73,Debit Card,Completed
ORD-104470,2023-12-17,CUST-00072,Chen Costa,Small Business,INDIA,Asia,Office,Notebook Set,1,17.0,0.0,3.8,PayPal,Completed
ORD-104038,2024-10-20,CUST-00217,Linda Muller,Consumer,United Kingdom,Europe,Sports & Outdoors,Yoga Mat,1,88.27,0.0,20.79,Credit Card,Completed
ORD-100041,2023-09-17,CUST-00521,Lucas Nakamura,Small Business,Australia,Oceania,Apparel,Wool Socks,1,63.23,0.0,7.61,Gift Card,Completed
ORD-103099,2024-04-06,CUST-00002,Robert Muller,Consumer,Mexico,South America,Electronics,Laptop Stand,4,102.84,0.0,18.67,Bank Transfer,Completed
ORD-105201,2023-10-27,CUST-00494,Emma Martinez,Consumer, united states ,North America,Home & Kitchen,Throw Pillow,1,27.13,0.0,7.87,Credit Card,Completed
ORD-100377,2024-05-15,CUST-00081,David Costa,Small Business,Canada,North America,Electronics,Smartphone Case,2,95.72,0.1,17.93,PayPal,Completed
ORD-106634,2024-11-24,CUST-00381,Ana Davis,Small Business,Singapore,Asia,Electronics,Laptop Stand,2,41.3,0.0,20.74,PayPal,Completed
ORD-100206,2023-10-13,CUST-00466,Tom Brown,Consumer,Brazil,South America,Beauty,Lip Balm,2,13.64,0.05,19.17,Credit Card,Completed
ORD-105187,2024-06-01,CUST-00775,James Rodriguez,Consumer, canada ,North America,Home & Kitchen,Storage Bin,2,14.67,0.15,17.85,Credit Card,Completed
ORD-103977,2024-06-23,CUST-00181,Ines Nakamura,Consumer,Singapore,Asia,Sports & Outdoors,Hiking Backpack,2,118.97,0.0,11.99,Credit Card,Completed
ORD-102212,2023-11-16,CUST-00639,Yuki Brown,Consumer,Italy,Europe,Home & Kitchen,Storage Bin,1,10.43,0.0,21.77,Credit Card,Completed
ORD-103458,2023-03-22,CUST-00294,Olivia Zhang,Consumer,Spain,Europe,Beauty,Shampoo,2,13.0,0.0,17.37,PayPal,Returned
ORD-102195,2024-09-22,CUST-00641,Raj Martinez,Consumer,Germany,Europe,Electronics,USB-C Cable,2,84.22,0.0,4.69,PayPal,Completed
ORD-101377,2023-04-21,CUST-00519,Ines Jones,Small Business,Brazil,South America,Apparel,Baseball Cap,2,12.78,0.0,15.02,Bank Transfer,Completed
ORD-106751,2023-12-25,CUST-00385,Ines Johnson,Consumer,FRANCE,Europe,Electronics,Bluetooth Speaker,1,103.21,0.0,15.03,Credit Card,Completed
ORD-104351,2024-09-15,CUST-00643,Patricia Davis,Small Business,United States,North America,Sports & Outdoors,Yoga Mat,1,57.97,0.0,8.51,Bank Transfer,Completed
ORD-104243,2024-08-17,CUST-00149,James Garcia,Small Business,Mexico,South America,Home & Kitchen,Cutting Board,1,42.63,0.1,16.33,Gift Card,Completed
ORD-105259,2024-09-18,CUST-00496,Lucas Johnson,Enterprise, germany ,Europe,Apparel,Baseball Cap,2,26.85,0.0,23.03,Debit Card,Completed
ORD-102179,2024-09-13,CUST-00311,Ana Garcia,Consumer,United Kingdom,Europe,Home & Kitchen,Cutting Board,1,42.73,0.0,4.72,Debit Card,Completed
ORD-104632,2024-10-23,CUST-00340,Grace Costa,Consumer,Germany,Europe,Beauty,Lip Balm,3,31.63,0.1,18.85,PayPal,Completed
ORD-106922,2024-01-20,CUST-00308,Fatima Costa,Small Business,France,Europe,Office,Wireless Mouse,3,48.88,0.0,24.48,Gift Card,Completed
ORD-102418,2023-07-22,CUST-00483,Wei Dubois,Consumer, spain ,Europe,Home & Kitchen,Coffee Maker,3,44.04,0.1,15.29,Debit Card,Cancelled
ORD-103529,2024-02-22,CUST-00144,Yuki Costa,Enterprise,Japan,Asia,Beauty,Hair Dryer,1,45.48,0.0,22.45,Credit Card,Completed
ORD-100419,2023-09-20,CUST-00036,Linda Tanaka,Consumer,Canada,North America,Beauty,Hair Dryer,1,32.82,0.05,13.24,PayPal,Completed
ORD-100284,2024-09-04,CUST-00766,Yuki Smith,Small Business,United States,North America,Sports & Outdoors,Resistance Bands,1,105.75,0.0,16.13,Debit Card,Completed
ORD-103551,2024-10-23,CUST-00216,Linda Rossi,Consumer,France,Europe,Electronics,Laptop Stand,2,73.29,0.0,11.82,PayPal,Completed
ORD-100872,2024-07-10,CUST-00794,Sofia Muller,Small Business,Canada,North America,Office,Notebook Set,1,42.03,0.0,12.13,Credit Card,Completed
ORD-102146,2024-10-10,CUST-00137,Mary Williams,Enterprise,Italy,Europe,Electronics,USB-C Cable,4,100.4,0.0,21.97,Credit Card,Completed
ORD-104438,2024-07-26,CUST-00303,Yuki Martinez,Consumer,Canada,North America,Electronics,Headphones,1,189.42,0.0,8.54,Debit Card,Completed
ORD-100355,2024-07-04,CUST-00773,David Brown,Small Business,Germany,Europe,Office,Standing Desk Mat,2,29.13,0.0,20.12,Gift Card,Completed
ORD-100117,2024-12-17,CUST-00223,Ahmed Costa,Enterprise,United Kingdom,Europe,Sports & Outdoors,Yoga Mat,4,4100.933179222125,0.0,8.6,Credit Card,Completed
ORD-104833,2024-10-25,CUST-00416,Wei Garcia,Small Business,United States,North America,Apparel,Wool Socks,2,75.89,0.0,15.01,Debit Card,Completed
ORD-106162,2024-03-25,CUST-00476,Jennifer Davis,Consumer,United States,North America,Office,Wireless Mouse,1,6.89,0.15,22.18,Credit Card,Completed
ORD-103701,2024-07-13,CUST-00776,Priya Nakamura,Consumer,United States,North America,Office,Standing Desk Mat,1,59.69,0.0,17.46,PayPal,Completed
ORD-106904,2024-07-16,CUST-00123,Ines Khan,Small Business, united kingdom ,Europe,Home & Kitchen,Blender,1,79.89,0.0,12.46,Bank Transfer,Returned
ORD-106447,2023-04-26,CUST-00581,Hiro Jones,Consumer,United States,North America,Apparel,T-Shirt,1,60.13,0.0,4.34,Debit Card,Completed
ORD-104251,2023-11-11,CUST-00422,Liam Dubois,Consumer,Japan,Asia,Office,Wireless Mouse,1,41.07,0.0,11.69,PayPal,Completed
ORD-106613,2024-02-27,CUST-00726,Lucas Zhang,Consumer,Singapore,Asia,Office,Standing Desk Mat,1,16.67,0.0,13.14,Debit Card,Completed
ORD-105515,2023-03-31,CUST-00191,Raj Miller,Small Business,Germany,Europe,Sports & Outdoors,Camping Tent,1,45.81,0.0,5.09,Debit Card,Completed
ORD-105719,2024-11-01,CUST-00045,Grace Zhang,Consumer,Spain,Europe,Beauty,Lip Balm,1,57.94,0.0,14.85,PayPal,Returned
ORD-101597,2024-03-18,CUST-00766,Yuki Smith,Small Business,UNITED STATES,North America,Home & Kitchen,Storage Bin,1,29.48,0.0,5.79,Debit Card,Completed
ORD-103760,2024-02-17,CUST-00581,Hiro Jones,,United States,North America,Apparel,T-Shirt,1,76.33,0.0,12.62,Bank Transfer,Completed
ORD-101470,2024-07-06,CUST-00430,Hiro Miller,Consumer,France,Europe,Electronics,Headphones,2,108.88,0.0,24.76,PayPal,Completed
ORD-106522,2023-05-14,CUST-00495,Ana Zhang,Consumer,Spain,Europe,Home & Kitchen,Throw Pillow,2,129.92,0.0,2.23,PayPal,Cancelled
ORD-106792,2024-07-02,CUST-00242,Tom Nakamura,Consumer,United States,North America,Electronics,Laptop Stand,1,186.58,0.0,15.71,Debit Card,Completed
ORD-101602,2024-10-09,CUST-00013,Sofia Williams,Consumer,Canada,North America,Beauty,Face Serum,3,22.18,0.0,18.86,Credit Card,Completed
ORD-106571,2023-10-02,CUST-00753,Patricia Dubois,Small Business,United States,North America,Apparel,Baseball Cap,2,78.13,0.0,13.6,PayPal,Completed
ORD-102448,2023-11-21,CUST-00305,Hiro Dubois,Enterprise,Mexico,South America,Electronics,Bluetooth Speaker,1,91.76,0.0,20.24,PayPal,Completed
ORD-103198,2023-12-08,CUST-00310,Patricia Rossi,Consumer,India,Asia,Sports & Outdoors,Hiking Backpack,3,132.61,0.05,13.38,Credit Card,Completed
ORD-100459,2024-03-19,CUST-00543,John Davis,Consumer,United States,North America,Beauty,Lip Balm,1,12.55,0.1,2.83,PayPal,Completed
ORD-102024,2023-12-01,CUST-00237,Mia Rodriguez,Consumer,Mexico,South America,Electronics,Bluetooth Speaker,3,36.96,0.0,22.86,Credit Card,Cancelled
ORD-105822,2024-07-19,CUST-00548,Grace Johnson,Consumer,United States,North America,Beauty,Hair Dryer,1,25.35,0.0,19.64,PayPal,Completed
ORD-101639,2023-10-31,CUST-00461,John Rodriguez,Consumer,France,Europe,Electronics,USB-C Cable,1,208.58,0.0,8.34,Credit Card,Completed
ORD-104147,2024-10-06,CUST-00704,Emma Brown,,France,Europe,Office,Desk Organizer,1,34.74,0.0,3.94,Credit Card,Completed
ORD-106149,2024-05-23,CUST-00809,John Dubois,Small Business,United States,North America,Sports & Outdoors,Hiking Backpack,3,77.99,0.0,11.27,Credit Card,Returned
ORD-100249,2024-05-29,CUST-00785,Ana Jones,Consumer,Germany,Europe,Office,Pen Pack,1,61.29,0.05,5.15,Debit Card,Completed
ORD-100376,2024-09-01,CUST-00406,Patricia Kumar,Consumer,France,Europe,Sports & Outdoors,Yoga Mat,1,159.17,0.2,7.7,Credit Card,Completed
ORD-102423,2024-01-24,CUST-00355,Ana Garcia,Small Business,United Kingdom,Europe,Sports & Outdoors,Yoga Mat,1,79.7,0.0,24.38,Credit Card,Returned
ORD-100884,2024-06-30,CUST-00198,Yuki Rodriguez,Consumer,Spain,Europe,Sports & Outdoors,Resistance Bands,1,72.21,0.0,16.18,Debit Card,Completed
ORD-105781,2024-08-21,CUST-00292,Grace Davis,Small Business,Australia,Oceania,Electronics,Bluetooth Speaker,1,61.75,0.0,15.51,Debit Card,Completed
ORD-100692,2023-08-04,CUST-00530,Grace Zhang,Consumer,United States,North America,Office,Notebook Set,2,48.83,0.0,6.13,PayPal,Completed
ORD-103708,2023-10-15,CUST-00843,Tom Dubois,Enterprise,Singapore,Asia,Home & Kitchen,Coffee Maker,2,33.96,0.0,11.34,Gift Card,Completed
ORD-105656,2023-05-14,CUST-00339,Emma Miller,Consumer,Italy,Europe,Apparel,Wool Socks,1,67.06,0.05,16.17,Debit Card,Completed
ORD-104669,2023-09-02,CUST-00255,Lucas Smith,Consumer,Brazil,South America,Beauty,Lip Balm,1,59.88,0.15,18.79,Bank Transfer,Completed
ORD-102764,2023-09-07,CUST-00275,Patricia Garcia,Small Business,Singapore,Asia,Electronics,Smartphone Case,1,62.65,0.0,20.41,Credit Card,Completed
ORD-100627,2024-10-16,CUST-00455,Hiro Silva,Consumer,Germany,Europe,Home & Kitchen,Cutting Board,1,67.85,0.1,17.37,Gift Card,Completed
ORD-102947,2024-04-19,CUST-00333,David Silva,Consumer,Mexico,South America,Electronics,Bluetooth Speaker,4,180.17,0.0,23.42,Debit Card,Returned
ORD-104416,2024-03-24,CUST-00475,Sofia Martinez,Consumer,United Kingdom,Europe,Sports & Outdoors,Resistance Bands,1,162.56,0.2,5.52,Gift Card,Completed
ORD-100318,2024-05-15,CUST-00626,Olivia Khan,Consumer,United Kingdom,Europe,Beauty,Face Serum,1,24.51,0.0,20.82,Credit Card,Completed
ORD-103347,2024-08-27,CUST-00485,Mia Rossi,Enterprise,United Kingdom,Europe,Beauty,Hair Dryer,1,30.31,0.0,17.29,Credit Card,Completed
ORD-103743,2023-10-22,CUST-00839,Carlos Jones,Small Business,United States,North America,Office,Wireless Mouse,3,65.63,0.0,10.59,Credit Card,Completed
ORD-105028,2024-03-17,CUST-00245,Chen Williams,Consumer,United States,North America,Office,Notebook Set,1,8.56,0.0,7.43,Credit Card,Cancelled
ORD-101903,2023-05-19,CUST-00570,Olivia Rodriguez,Small Business,United Kingdom,Europe,Electronics,Laptop Stand,3,78.85,0.0,18.72,Credit Card,Completed
ORD-100631,2024-08-18,CUST-00807,John Johnson,Enterprise,United States,North America,Home & Kitchen,Cutting Board,1,138.92,0.0,18.06,Credit Card,Returned
ORD-100509,2024-09-19,CUST-00248,David Williams,Small Business, united states ,North America,Home & Kitchen,Throw Pillow,1,149.69,0.0,21.58,Credit Card,Completed
ORD-106930,2024-07-16,CUST-00016,Sofia Costa,Consumer,United Kingdom,Europe,Home & Kitchen,Coffee Maker,1,86.75,0.0,17.87,Credit Card,Completed
ORD-101071,2024-08-28,CUST-00194,Priya Miller,Consumer,France,Europe,Office,Desk Organizer,1,45.65,0.0,2.29,Credit Card,Completed
ORD-103209,2024-06-23,CUST-00434,Grace Davis,Consumer,FRANCE,Europe,Beauty,Sunscreen SPF50,3,14.64,0.0,21.98,Debit Card,Completed
ORD-102595,2024-10-09,CUST-00060,Grace Nakamura,Enterprise,India,Asia,Electronics,Smartphone Case,1,112.99,0.0,18.96,PayPal,Completed
ORD-106844,2024-03-03,CUST-00850,Sofia Brown,Consumer,United Kingdom,Europe,Sports & Outdoors,Resistance Bands,1,29.81,0.0,24.9,PayPal,Completed
ORD-105231,2024-07-27,CUST-00042,Ana Rodriguez,Consumer,Germany,Europe,Beauty,Face Serum,1,36.91,0.0,7.28,PayPal,Cancelled
ORD-103520,2024-05-06,CUST-00756,James Williams,Small Business,Germany,Europe,Home & Kitchen,Blender,1,141.49,0.05,2.47,PayPal,Completed
ORD-106740,2024-08-24,CUST-00050,Noah Kumar,Consumer,United States,North America,Sports & Outdoors,Hiking Backpack,1,117.03,0.0,21.17,Credit Card,Completed
ORD-103800,2024-08-03,CUST-00406,Patricia Kumar,Consumer,France,Europe,Beauty,Face Serum,1,27.65,0.0,3.92,PayPal,Completed
ORD-103318,2023-11-13,CUST-00206,Fatima Tanaka,Small Business,United Kingdom,Europe,Office,Desk Organizer,2,57.36,0.0,11.67,Bank Transfer,Completed
ORD-104571,2024-01-25,CUST-00668,Mary Rodriguez,Enterprise,Italy,Europe,Home & Kitchen,Cutting Board,2,130.76,0.0,24.85,Credit Card,Completed
ORD-106862,2024-07-02,CUST-00454,Olivia Brown,Small Business,United Kingdom,Europe,Home & Kitchen,Storage Bin,1,46.6,0.0,24.95,Debit Card,Completed
ORD-100755,2024-05-13,CUST-00358,Tom Silva,Consumer,Brazil,South America,Apparel,Denim Jacket,1,33.59,0.0,21.23,Credit Card,Completed
ORD-106157,2023-08-28,CUST-00129,John Davis,,India,Asia,Electronics,Headphones,1,200.14,0.1,12.25,Bank Transfer,Completed
ORD-101551,2023-10-07,CUST-00309,Emma Brown,Consumer,United States,North America,Electronics,USB-C Cable,1,164.49,0.05,8.5,Credit Card,Completed
ORD-105898,2024-05-24,CUST-00048,Yuki Martinez,Enterprise,FRANCE,Europe,Electronics,Bluetooth Speaker,1,46.59,0.05,17.53,Bank Transfer,Completed
ORD-100126,2024-01-17,CUST-00667,James Costa,Consumer,SINGAPORE,Asia,Apparel,Baseball Cap,1,30.81,0.05,5.93,PayPal,Completed
ORD-103829,2023-08-15,CUST-00511,Linda Miller,Consumer,France,Europe,Electronics,USB-C Cable,2,39.95,0.0,18.97,PayPal,Completed
ORD-102175,2024-10-18,CUST-00370,Patricia Davis,Enterprise,United States,North America,Sports & Outdoors,Camping Tent,1,104.86,0.1,21.85,Credit Card,Completed
ORD-103367,2024-09-20,CUST-00759,Emma Rossi,Consumer,France,Europe,Home & Kitchen,Coffee Maker,1,25.44,0.0,11.8,Debit Card,Completed
ORD-104208,2024-01-19,CUST-00401,James Zhang,Consumer,Singapore,Asia,Apparel,Baseball Cap,1,31.58,0.1,5.17,Credit Card,Completed
ORD-101600,2023-11-14,CUST-00063,Ahmed Davis,Consumer,India,Asia,Office,Wireless Mouse,2,66.02,0.15,10.79,Credit Card,Completed
ORD-103617,2023-06-06,CUST-00302,James Martinez,Enterprise,Italy,Europe,Apparel,Denim Jacket,1,69.03,0.0,21.34,Credit Card,Completed
ORD-101503,2023-04-24,CUST-00282,Ahmed Rodriguez,Consumer,Australia,Oceania,Electronics,Smartphone Case,1,102.98,0.0,17.38,PayPal,Completed
ORD-105632,2024-10-26,CUST-00084,Ines Rodriguez,Small Business,Australia,Oceania,Beauty,Lip Balm,2,58.36,0.2,7.71,Credit Card,Completed
ORD-106894,2023-12-12,CUST-00745,Sofia Johnson,Enterprise,India,Asia,Electronics,Bluetooth Speaker,3,168.17,0.05,13.93,Bank Transfer,Completed
ORD-102015,2024-06-24,CUST-00363,Grace Khan,Small Business,Germany,Europe,Apparel,Baseball Cap,1,32.63,0.05,13.86,Debit Card,Completed
ORD-103206,2024-06-27,CUST-00785,Ana Jones,Consumer,Germany,Europe,Electronics,Headphones,1,163.59,0.1,4.03,PayPal,Completed
ORD-105039,2024-06-09,CUST-00405,Wei Zhang,Consumer,CANADA,North America,Sports & Outdoors,Water Bottle,1,13.49,0.0,18.25,Credit Card,Completed
ORD-104320,2024-08-19,CUST-00147,Noah Tanaka,,Australia,Oceania,Sports & Outdoors,Hiking Backpack,4,99.33,0.0,11.66,Debit Card,Completed
ORD-102440,2024-09-04,CUST-00806,Wei Williams,Consumer,France,Europe,Office,Wireless Mouse,3,28.96,0.05,5.43,Debit Card,Completed
ORD-103754,2024-07-07,CUST-00737,Liam Brown,Consumer, mexico ,South America,Home & Kitchen,Coffee Maker,4,114.8,0.0,2.69,Gift Card,Completed
ORD-104869,2024-06-10,CUST-00825,Mary Tanaka,Consumer,United Kingdom,Europe,Electronics,Bluetooth Speaker,4,111.31,0.0,3.93,Credit Card,Completed
ORD-104563,2024-12-07,CUST-00044,Jennifer Zhang,Consumer,Brazil,South America,Sports & Outdoors,Water Bottle,2,104.5,0.15,18.73,Credit Card,Completed
ORD-101417,2023-10-20,CUST-00048,Yuki Martinez,Enterprise,France,Europe,Electronics,USB-C Cable,1,55.23,0.2,4.83,Credit Card,Completed
ORD-104030,2023-06-19,CUST-00760,Carlos Jones,Small Business,Italy,Europe,Beauty,Lip Balm,2,56.82,0.0,4.74,Bank Transfer,Completed
ORD-101310,2023-07-07,CUST-00054,Tom Khan,Consumer,Brazil,South America,Electronics,Laptop Stand,1,28.12,0.0,21.07,Credit Card,Completed
ORD-102556,2024-03-07,CUST-00514,Michael Rodriguez,Small Business,Canada,North America,Sports & Outdoors,Resistance Bands,1,32.55,0.0,7.38,PayPal,Completed
ORD-100327,2024-10-08,CUST-00027,Patricia Zhang,Small Business,Italy,Europe,Sports & Outdoors,Hiking Backpack,1,34.34,0.05,9.19,Debit Card,Completed
ORD-102293,2024-09-07,CUST-00300,Liam Jones,Consumer,France,Europe,Apparel,Baseball Cap,1,26.8,0.1,18.06,Credit Card,Completed
ORD-101169,2024-11-05,CUST-00220,Ines Garcia,Consumer,United Kingdom,Europe,Home & Kitchen,Blender,2,10.32,0.1,3.35,PayPal,Completed
ORD-101416,2024-10-20,CUST-00621,,Enterprise,Mexico,South America,Electronics,Headphones,1,174.31,0.05,4.11,Debit Card,Completed
ORD-103962,2024-06-22,CUST-00773,David Brown,Small Business,Germany,Europe,Sports & Outdoors,Hiking Backpack,1,11.63,0.0,6.63,Credit Card,Completed
ORD-106432,2024-10-22,CUST-00641,Raj Martinez,Consumer,Germany,Europe,Home & Kitchen,Blender,2,111.96,0.0,24.65,Debit Card,Completed
ORD-106508,2023-12-03,CUST-00479,Chen Jones,Enterprise,United States,North America,Home & Kitchen,Storage Bin,1,68.85,0.15,15.29,Credit Card,Completed
ORD-103060,2024-08-20,CUST-00001,Robert Khan,Consumer,Australia,Oceania,Beauty,Face Serum,1,21.74,0.0,16.49,Credit Card,Completed
ORD-100301,2023-06-17,CUST-00079,Jennifer Dubois,Small Business,Germany,Europe,Home & Kitchen,Blender,2,122.56,0.1,15.85,PayPal,Completed
ORD-104662,2024-02-14,CUST-00037,,Enterprise,Germany,Europe,Electronics,Bluetooth Speaker,1,170.96,0.1,11.61,Credit Card,Completed
ORD-105273,2024-10-21,CUST-00015,Lucas Tanaka,Consumer,Singapore,Asia,Sports & Outdoors,Camping Tent,1,80.39,0.0,14.12,PayPal,Completed
ORD-105922,2023-05-11,CUST-00097,Ines Kumar,Consumer,SINGAPORE,Asia,Beauty,Lip Balm,1,57.51,0.0,22.58,Credit Card,Returned
ORD-104613,2023-10-03,CUST-00722,Chen Rodriguez,Small Business,CANADA,North America,Electronics,Bluetooth Speaker,1,171.98,0.0,6.12,Credit Card,Completed
ORD-106711,2023-10-18,CUST-00407,Mia Muller,Consumer,United States,North America,Home & Kitchen,Storage Bin,2,63.01,0.2,3.76,PayPal,Completed
ORD-106687,2024-05-01,CUST-00180,Liam Brown,Consumer,Singapore,Asia,Office,Standing Desk Mat,1,66.97,0.0,17.87,Gift Card,Completed
ORD-101696,2023-10-08,CUST-00414,Robert Williams,Small Business,United Kingdom,Europe,Sports & Outdoors,Hiking Backpack,2,46.11,0.1,22.16,PayPal,Completed
ORD-100485,2024-08-28,CUST-00227,Wei Williams,Consumer,United States,North America,Office,Standing Desk Mat,2,28.44,0.0,17.33,Debit Card,Completed
ORD-105716,2024-11-15,CUST-00508,Elizabeth Kumar,Enterprise,India,Asia,Electronics,Smartphone Case,2,114.93,0.05,,PayPal,Returned
ORD-104968,2023-12-06,CUST-00049,Noah Martinez,Consumer,United Kingdom,Europe,Beauty,Hair Dryer,3,12.26,0.0,12.98,Credit Card,Completed
ORD-100863,2023-09-02,CUST-00180,,,Singapore,Asia,Electronics,Laptop Stand,1,115.15,0.2,18.38,Gift Card,Completed
ORD-106562,2023-12-06,CUST-00773,David Brown,Small Business, germany ,Europe,Home & Kitchen,Cutting Board,1,52.87,0.0,14.39,PayPal,Completed
ORD-101141,2024-07-02,CUST-00476,Jennifer Davis,Consumer,United States,North America,Electronics,Laptop Stand,1,69.44,0.0,23.92,Gift Card,Completed
ORD-105882,2024-06-25,CUST-00744,,Consumer,Italy,Europe,Home & Kitchen,Blender,1,69.48,0.15,11.48,Debit Card,Completed
ORD-100936,2024-04-27,CUST-00593,Tom Tanaka,Consumer,United Kingdom,Europe,Office,Notebook Set,1,43.79,0.0,22.38,Bank Transfer,Completed
ORD-102359,2023-06-15,CUST-00775,James Rodriguez,Consumer,Canada,North America,Electronics,Smartphone Case,1,17.25,0.0,6.52,Credit Card,Completed
ORD-104345,2024-03-13,CUST-00636,Michael Rodriguez,Consumer,United States,North America,Electronics,Smartphone Case,1,164.22,0.05,18.26,Credit Card,Returned
ORD-104589,2024-10-01,CUST-00333,David Silva,Consumer,MEXICO,South America,Electronics,Laptop Stand,1,41.24,0.05,10.79,PayPal,Completed
ORD-102746,2024-03-18,CUST-00386,David Johnson,Consumer,United States,North America,Home & Kitchen,Storage Bin,4,112.41,0.05,9.59,PayPal,Completed
ORD-100042,2024-12-24,CUST-00237,,Consumer,Mexico,South America,Electronics,Laptop Stand,2,48.01,0.0,15.57,Debit Card,Completed
ORD-101934,2024-01-25,CUST-00612,Olivia Brown,Consumer,United States,North America,Office,Notebook Set,1,58.57,0.0,24.84,Debit Card,Returned
ORD-103614,2024-01-03,CUST-00811,Mary Costa,Small Business,France,Europe,Apparel,Denim Jacket,4,75.67,0.0,10.66,Debit Card,Completed
ORD-101604,2024-10-05,CUST-00285,Ines Rossi,Enterprise,United States,North America,Office,Standing Desk Mat,1,58.45,0.0,3.36,PayPal,Completed
ORD-104992,2024-03-13,CUST-00629,Fatima Miller,Consumer,United States,North America,Home & Kitchen,Throw Pillow,1,108.55,0.0,19.06,Credit Card,Completed
ORD-102379,2024-11-07,CUST-00413,Ahmed Jones,Consumer,UNITED STATES,North America,Apparel,Running Shoes,1,33.6,0.0,16.25,Credit Card,Completed
ORD-103909,2024-01-12,CUST-00589,Jennifer Williams,Consumer,Mexico,South America,Apparel,Denim Jacket,1,73.56,0.1,15.1,PayPal,Completed
ORD-104689,2023-09-27,CUST-00469,Hiro Brown,Consumer,Mexico,South America,Beauty,Shampoo,1,47.57,0.0,3.27,PayPal,Completed
ORD-100929,2024-04-09,CUST-00584,Patricia Rodriguez,Small Business,UNITED STATES,North America,Home & Kitchen,Blender,2,19.27,0.0,20.62,Bank Transfer,Completed
ORD-105602,2023-10-08,CUST-00565,Hiro Jones,Small Business,Italy,Europe,Apparel,T-Shirt,1,9.73,0.0,4.45,PayPal,Completed
ORD-101914,2024-08-17,CUST-00623,Ahmed Dubois,Consumer,France,Europe,Electronics,Smartphone Case,1,50.3,0.0,16.45,Credit Card,Completed
ORD-100282,2023-10-09,CUST-00778,John Davis,Small Business,United States,North America,Apparel,Wool Socks,1,42.17,0.15,11.51,Debit Card,Completed
ORD-103002,2024-03-10,CUST-00365,Mia Garcia,Consumer,France,Europe,Apparel,Baseball Cap,1,84.71,0.0,24.03,PayPal,Cancelled
ORD-104541,2024-05-15,CUST-00770,Noah Rodriguez,Consumer,Australia,Oceania,Beauty,Shampoo,1,56.07,0.0,5.26,Credit Card,Completed
ORD-101850,2024-03-03,CUST-00835,Hiro Nakamura,Small Business,Canada,North America,Sports & Outdoors,Camping Tent,1,169.84,0.0,15.99,Debit Card,Completed
ORD-102785,2023-12-11,CUST-00498,Fatima Costa,Small Business,Japan,Asia,Electronics,Smartphone Case,1,21.96,0.0,5.06,Credit Card,Completed
ORD-100271,2023-11-15,CUST-00092,Ahmed Zhang,Small Business,United Kingdom,Europe,Home & Kitchen,Throw Pillow,1,32.49,0.0,16.56,Credit Card,Returned
ORD-101579,2024-07-07,CUST-00267,Mia Tanaka,Small Business, india ,Asia,Apparel,Running Shoes,1,48.94,0.0,12.62,Gift Card,Returned
ORD-100340,2024-10-01,CUST-00350,John Khan,Small Business,Canada,North America,Office,Notebook Set,1,40.17,0.0,15.75,PayPal,Completed
ORD-103388,2023-07-13,CUST-00297,Elizabeth Brown,Small Business,United Kingdom,Europe,Apparel,Baseball Cap,1,81.67,0.0,11.08,Credit Card,Completed
ORD-102510,2024-01-10,CUST-00223,Ahmed Costa,Enterprise,United Kingdom,Europe,Apparel,Baseball Cap,1,78.87,0.05,19.23,Debit Card,Completed
ORD-100898,2024-04-19,CUST-00451,Raj Khan,Small Business, united kingdom ,Europe,Beauty,Lip Balm,1,18.04,0.1,15.97,Credit Card,Completed
ORD-104629,2024-09-16,CUST-00263,Ana Costa,Consumer,Japan,Asia,Electronics,Laptop Stand,1,163.14,0.0,9.76,Debit Card,Completed
ORD-100179,2024-04-08,CUST-00281,Tom Smith,,France,Europe,Apparel,Denim Jacket,3,8.52,0.0,12.37,Credit Card,Completed
ORD-105384,2023-12-22,CUST-00766,Yuki Smith,Small Business,United States,North America,Apparel,Denim Jacket,2,72.86,0.05,21.11,Credit Card,Completed
ORD-104096,2023-12-11,CUST-00332,Fatima Jones,Enterprise,GERMANY,Europe,Electronics,Headphones,2,114.79,0.0,7.26,Credit Card,Cancelled
ORD-103019,2024-04-27,CUST-00208,Tom Martinez,Enterprise,Germany,Europe,Beauty,Sunscreen SPF50,1,27.33,0.0,8.47,Debit Card,Completed
ORD-101068,2024-07-19,CUST-00381,Ana Davis,Small Business,Singapore,Asia,Electronics,Bluetooth Speaker,2,188.27,0.0,24.56,Credit Card,Completed
ORD-100803,2023-07-16,CUST-00337,Ahmed Tanaka,Consumer,Italy,Europe,Home & Kitchen,Storage Bin,2,114.21,0.0,19.89,Credit Card,Completed
ORD-101919,2023-07-19,CUST-00757,Robert Tanaka,Small Business,Spain,Europe,Beauty,Sunscreen SPF50,1,15.68,0.0,19.85,Bank Transfer,Returned
ORD-102868,2023-09-11,CUST-00107,Linda Garcia,Enterprise,Brazil,South America,Home & Kitchen,Storage Bin,1,10.02,0.0,22.15,Credit Card,Completed
ORD-106943,2024-06-12,CUST-00121,John Dubois,Consumer,United States,North America,Apparel,T-Shirt,2,70.02,0.0,4.53,Bank Transfer,Completed
ORD-104282,2024-06-10,CUST-00288,Mia Tanaka,Small Business,France,Europe,Office,Standing Desk Mat,1,4.25,0.05,15.42,Credit Card,Returned
ORD-100207,2024-06-03,CUST-00658,Ines Nakamura,Small Business,United Kingdom,Europe,Office,Wireless Mouse,2,28.79,0.0,10.54,Credit Card,Completed
ORD-103100,2023-08-22,CUST-00159,Tom Garcia,Consumer,Germany,Europe,Beauty,Lip Balm,5,55.13,0.0,23.16,Credit Card,Completed
ORD-100452,2024-07-23,CUST-00259,Liam Smith,Small Business,Spain,Europe,Home & Kitchen,Coffee Maker,1,81.33,0.2,4.88,Credit Card,Completed
ORD-103390,2024-01-04,CUST-00300,Liam Jones,Consumer,France,Europe,Electronics,Bluetooth Speaker,1,163.65,0.15,14.51,Credit Card,Returned
ORD-104214,2023-07-26,CUST-00747,Tom Davis,Consumer,United Kingdom,Europe,Office,Wireless Mouse,1,30.49,0.0,2.62,Credit Card,Completed
ORD-102988,2024-04-23,CUST-00271,Linda Smith,Consumer,MEXICO,South America,Office,Desk Organizer,1,34.1,0.2,10.45,Credit Card,Completed
ORD-100070,2024-07-21,CUST-00560,Grace Rodriguez,Small Business,France,Europe,Office,Standing Desk Mat,1,48.75,0.1,10.39,Credit Card,Completed
ORD-102386,2024-08-28,CUST-00048,Yuki Martinez,Enterprise,France,Europe,Electronics,USB-C Cable,1,67.75,0.15,7.64,PayPal,Completed
ORD-105921,2024-08-16,CUST-00612,Olivia Brown,Consumer, united states ,North America,Home & Kitchen,Cutting Board,1,16.42,0.0,12.13,Credit Card,Completed
ORD-104398,2024-02-21,CUST-00020,Emma Zhang,Consumer,United States,North America,Beauty,Hair Dryer,2,33.22,0.0,12.83,Credit Card,Returned
ORD-100993,2024-09-10,CUST-00591,Ana Zhang,Small Business,Spain,Europe,Beauty,Sunscreen SPF50,1,39.32,0.0,8.44,PayPal,Returned
ORD-103320,2024-08-07,CUST-00260,Sofia Brown,Small Business,AUSTRALIA,Oceania,Apparel,Running Shoes,1,8.95,0.0,6.11,Credit Card,Cancelled
ORD-103374,2023-12-19,CUST-00140,Chen Khan,Consumer,Brazil,South America,Office,Standing Desk Mat,1,42.98,0.1,24.84,Debit Card,Completed
ORD-104456,2024-10-23,CUST-00250,Ahmed Rodriguez,Small Business,Singapore,Asia,Beauty,Lip Balm,1,45.26,0.0,23.41,PayPal,Cancelled
ORD-103665,2023-07-29,CUST-00187,Grace Zhang,Consumer,United States,North America,Sports & Outdoors,Resistance Bands,4,130.23,0.0,22.42,PayPal,Completed
ORD-105593,2023-05-05,CUST-00180,Liam Brown,Consumer,Singapore,Asia,Office,Notebook Set,1,46.29,0.05,2.36,Credit Card,Completed
ORD-105477,2024-04-26,CUST-00795,Sofia Brown,Consumer,United States,North America,Apparel,T-Shirt,1,34.81,0.1,17.18,PayPal,Completed
ORD-102167,2023-07-09,CUST-00454,Olivia Brown,Small Business,United Kingdom,Europe,Home & Kitchen,Throw Pillow,2,45.06,0.15,20.78,Credit Card,Completed
ORD-102942,2024-07-05,CUST-00578,Raj Johnson,,Canada,North America,Sports & Outdoors,Water Bottle,1,120.85,0.0,11.98,Gift Card,Completed
ORD-102878,2023-10-02,CUST-00272,Olivia Zhang,Consumer,Australia,Oceania,Beauty,Hair Dryer,1,6.14,0.0,15.87,Credit Card,Completed
ORD-101863,2024-07-09,CUST-00202,Emma Tanaka,Enterprise,Japan,Asia,Electronics,Laptop Stand,2,183.32,0.0,12.02,Credit Card,Completed
ORD-103211,2024-10-27,CUST-00651,Emma Nakamura,Consumer,India,Asia,Electronics,Bluetooth Speaker,1,61.63,0.0,16.41,Credit Card,Completed
ORD-100859,2024-02-05,CUST-00717,Sofia Khan,Consumer,Italy,Europe,Electronics,Laptop Stand,2,42.54,0.0,3.07,Bank Transfer,Completed
ORD-104010,2024-04-20,CUST-00192,Emma Khan,Small Business,Germany,Europe,Electronics,Headphones,1,126.27,0.05,21.97,Debit Card,Completed
ORD-104002,2024-10-06,CUST-00478,Chen Silva,Consumer,United States,North America,Sports & Outdoors,Water Bottle,1,34.37,0.0,16.48,Credit Card,Completed
ORD-105070,2024-04-24,CUST-00519,Ines Jones,Small Business,Brazil,South America,Beauty,Sunscreen SPF50,1,8.09,0.0,3.89,Credit Card,Completed
ORD-100297,2024-03-26,CUST-00272,Olivia Zhang,Consumer,Australia,Oceania,Home & Kitchen,Blender,1,15.3,0.0,4.35,PayPal,Completed
ORD-104758,2024-10-27,CUST-00823,Raj Costa,Consumer,Spain,Europe,Electronics,USB-C Cable,1,62.65,0.0,9.3,Credit Card,Completed
ORD-104904,2024-03-30,CUST-00733,James Johnson,Consumer,Canada,North America,Home & Kitchen,Storage Bin,1,67.42,0.0,7.03,Credit Card,Completed
ORD-101359,2024-01-04,CUST-00385,Ines Johnson,,France,Europe,Sports & Outdoors,Camping Tent,2,24.59,0.0,23.11,Credit Card,Completed
ORD-105283,2023-11-01,CUST-00297,Elizabeth Brown,Small Business,United Kingdom,Europe,Apparel,Baseball Cap,3,34.39,0.0,17.04,Credit Card,Completed
ORD-102169,2023-10-14,CUST-00532,Ana Rodriguez,Small Business,India,Asia,Beauty,Shampoo,3,31.13,0.1,5.58,Credit Card,Completed
ORD-101001,2024-09-16,CUST-00327,Emma Kumar,Consumer,Mexico,South America,Apparel,T-Shirt,2,17.14,0.0,6.69,Bank Transfer,Completed
ORD-103931,2024-06-16,CUST-00129,John Davis,Enterprise,India,Asia,Beauty,Shampoo,1,14.36,0.0,9.49,Credit Card,Completed
ORD-103848,2024-09-29,CUST-00499,Ines Rodriguez,Small Business,Australia,Oceania,Home & Kitchen,Storage Bin,1,33.2,0.0,8.12,Credit Card,Completed
ORD-102007,2024-06-08,CUST-00772,James Brown,Consumer,United Kingdom,Europe,Apparel,Denim Jacket,1,29.4,0.15,,Gift Card,Completed
ORD-104332,2024-05-31,CUST-00373,Tom Williams,,Canada,North America,Beauty,Shampoo,2,7.75,0.05,2.51,Credit Card,Completed
ORD-104412,2023-11-01,CUST-00634,James Johnson,Consumer, united states ,North America,Apparel,Denim Jacket,2,84.81,0.0,22.17,PayPal,Completed
ORD-103261,2024-04-13,CUST-00385,Ines Johnson,Consumer,France,Europe,Home & Kitchen,Cutting Board,1,62.72,0.0,11.58,PayPal,Completed
ORD-106835,2024-10-10,CUST-00212,Mary Davis,Consumer,United States,North America,Apparel,T-Shirt,1,73.03,0.0,16.57,Credit Card,Returned
ORD-105561,2024-03-25,CUST-00329,Chen Brown,Enterprise,United Kingdom,Europe,Electronics,Headphones,1,23.97,0.0,23.12,Bank Transfer,Returned
ORD-106360,2024-06-18,CUST-00336,Liam Davis,Enterprise,United Kingdom,Europe,Sports & Outdoors,Hiking Backpack,1,65.75,0.15,21.16,PayPal,Completed
ORD-102544,2023-07-06,CUST-00093,Fatima Miller,Consumer,Australia,Oceania,Apparel,Running Shoes,1,9.34,0.0,10.25,PayPal,Completed
ORD-104131,2024-08-26,CUST-00178,John Tanaka,Consumer,Italy,Europe,Electronics,Bluetooth Speaker,2,159.1,0.0,19.64,PayPal,Returned
ORD-102091,2024-08-27,CUST-00129,John Davis,Enterprise,India,Asia,Beauty,Face Serum,1,40.13,0.1,9.67,Credit Card,Completed
ORD-101605,2024-04-03,CUST-00190,Lucas Johnson,Consumer,France,Europe,Apparel,T-Shirt,1,67.28,0.0,17.31,Debit Card,Completed
ORD-104247,2024-09-12,CUST-00064,Priya Garcia,Enterprise,Canada,North America,Sports & Outdoors,Resistance Bands,3,63.59,0.0,8.35,Credit Card,Completed
ORD-103836,2024-06-19,CUST-00561,Grace Tanaka,Small Business,India,Asia,Sports & Outdoors,Hiking Backpack,1,164.13,0.0,15.53,Credit Card,Completed
ORD-103789,2024-08-12,CUST-00038,Carlos Jones,Consumer,France,Europe,Beauty,Shampoo,1,28.96,0.0,22.36,PayPal,Completed
ORD-103218,2023-10-14,CUST-00521,,Small Business,Australia,Oceania,Sports & Outdoors,Camping Tent,1,78.36,0.1,13.03,Credit Card,Completed
ORD-101256,2024-08-10,CUST-00320,Elizabeth Kumar,Consumer,France,Europe,Electronics,Headphones,1,194.75,0.0,13.21,Credit Card,Completed
ORD-102155,2023-09-19,CUST-00490,Fatima Jones,Small Business,United States,North America,Electronics,Headphones,1,128.85,0.0,11.53,PayPal,Completed
ORD-101288,2024-07-25,CUST-00463,Michael Tanaka,Consumer,Brazil,South America,Apparel,Denim Jacket,4,56.97,0.0,20.23,PayPal,Completed
ORD-103357,2024-09-04,CUST-00655,Mia Zhang,Consumer,India,Asia,Beauty,Shampoo,2,28.71,0.1,6.55,Credit Card,Completed
ORD-102873,2024-04-07,CUST-00144,Yuki Costa,Enterprise,Japan,Asia,Beauty,Sunscreen SPF50,2,19.35,0.0,20.52,Credit Card,Completed
ORD-105450,2023-12-26,CUST-00381,Ana Davis,Small Business,Singapore,Asia,Electronics,Laptop Stand,2,135.6,0.0,17.37,Credit Card,Completed
ORD-102321,2023-06-30,CUST-00836,Chen Johnson,Enterprise,Brazil,South America,Office,Standing Desk Mat,2,39.7,0.0,4.06,Credit Card,Completed
ORD-102302,2024-08-28,CUST-00585,James Rossi,Small Business,UNITED KINGDOM,Europe,Beauty,Shampoo,1,28.46,0.0,3.45,PayPal,Completed
ORD-106015,2024-04-27,CUST-00466,Tom Brown,Consumer,Brazil,South America,Apparel,T-Shirt,4,84.0,0.0,20.87,PayPal,Completed
ORD-102184,2023-07-24,CUST-00279,Emma Tanaka,Consumer,INDIA,Asia,Sports & Outdoors,Yoga Mat,3,147.88,0.0,14.01,Credit Card,Completed
ORD-103026,2024-09-07,CUST-00058,Lucas Kumar,Consumer,Brazil,South America,Home & Kitchen,Blender,1,71.02,0.05,10.17,Gift Card,Completed
ORD-101023,2024-08-09,CUST-00509,Jennifer Tanaka,Consumer,United Kingdom,Europe,Sports & Outdoors,Water Bottle,1,29.46,0.0,17.38,Debit Card,Returned
ORD-101458,2023-10-14,CUST-00209,Elizabeth Nakamura,,Japan,Asia,Sports & Outdoors,Resistance Bands,4,127.93,0.0,9.66,Debit Card,Completed
ORD-103352,2023-09-13,CUST-00665,Chen Miller,Consumer, germany ,Europe,Beauty,Shampoo,1,15.69,0.05,13.15,Bank Transfer,Completed
ORD-102666,2024-10-05,CUST-00268,Fatima Miller,Enterprise,SPAIN,Europe,Beauty,Face Serum,1,37.26,0.05,22.07,PayPal,Completed
ORD-101813,2024-08-26,CUST-00691,Carlos Rossi,Consumer,Canada,North America,Beauty,Shampoo,3,12.7,0.1,19.93,Credit Card,Completed
ORD-106036,2024-09-02,CUST-00530,Grace Zhang,Consumer,United States,North America,Electronics,USB-C Cable,4,139.44,0.15,11.19,PayPal,Completed
ORD-104584,2024-09-19,CUST-00449,Mia Nakamura,Small Business,Germany,Europe,Electronics,Bluetooth Speaker,1,69.29,0.2,22.88,PayPal,Completed
ORD-106538,2024-05-02,CUST-00792,Ana Garcia,Consumer,United States,North America,Office,Wireless Mouse,1,30.76,0.0,3.2,PayPal,Returned
ORD-106377,2024-03-18,CUST-00701,Yuki Tanaka,Consumer,Japan,Asia,Electronics,Headphones,2,87.2,0.0,23.47,Debit Card,Completed
ORD-103964,2024-02-18,CUST-00465,Ines Williams,Consumer,Singapore,Asia,Beauty,Shampoo,1,56.49,0.0,14.81,PayPal,Completed
ORD-102688,2024-07-20,CUST-00564,Chen Davis,Small Business,BRAZIL,South America,Beauty,Sunscreen SPF50,2,42.13,0.2,3.27,PayPal,Completed
ORD-104263,2024-09-03,CUST-00273,Robert Rossi,Consumer,Spain,Europe,Electronics,Bluetooth Speaker,3,38.46,0.0,10.81,Credit Card,Completed
ORD-104748,2023-10-26,CUST-00716,Robert Dubois,Consumer,Mexico,South America,Home & Kitchen,Coffee Maker,1,73.1,0.0,12.81,Credit Card,Completed
ORD-104802,2024-07-08,CUST-00763,Liam Rossi,Small Business,United States,North America,Electronics,Bluetooth Speaker,1,94.36,0.0,14.66,Credit Card,Completed
ORD-101523,2024-08-30,CUST-00470,Jennifer Johnson,Small Business,INDIA,Asia,Electronics,Smartphone Case,1,158.76,0.0,6.08,Credit Card,Completed
ORD-100837,2024-08-04,CUST-00450,Tom Davis,Consumer,United States,North America,Apparel,T-Shirt,2,22.35,0.05,13.86,Credit Card,Completed
ORD-101771,2024-02-13,CUST-00437,Grace Johnson,,United Kingdom,Europe,Apparel,Wool Socks,2,63.94,0.0,22.08,Credit Card,Completed
ORD-105399,2024-06-06,CUST-00662,Hiro Jones,Small Business,BRAZIL,South America,Electronics,USB-C Cable,1,214.17,0.0,7.82,Debit Card,Completed
ORD-104974,2023-12-20,CUST-00050,Noah Kumar,Consumer, united states ,North America,Sports & Outdoors,Hiking Backpack,1,156.43,0.0,21.91,PayPal,Completed
ORD-103020,2023-07-09,CUST-00065,James Williams,Small Business, united states ,North America,Apparel,Baseball Cap,1,40.69,0.0,13.3,PayPal,Completed
ORD-101380,2023-06-08,CUST-00356,Carlos Nakamura,Consumer,India,Asia,Office,Notebook Set,2,39.43,0.05,10.1,Debit Card,Cancelled
ORD-100546,2024-07-29,CUST-00242,Tom Nakamura,Consumer,United States,North America,Sports & Outdoors,Camping Tent,2,29.3,0.0,15.17,Credit Card,Returned
ORD-100516,2023-12-10,CUST-00033,Lucas Davis,Consumer,United States,North America,Home & Kitchen,Blender,2,32.81,0.0,8.23,PayPal,Completed
ORD-102410,2024-04-23,CUST-00036,Linda Tanaka,Consumer,Canada,North America,Beauty,Lip Balm,1,23.88,0.0,23.23,Debit Card,Completed
ORD-103210,2024-11-09,CUST-00763,Liam Rossi,Small Business,United States,North America,Electronics,Bluetooth Speaker,1,102.43,0.0,9.31,Debit Card,Returned
ORD-102734,2024-12-02,CUST-00308,Fatima Costa,Small Business,France,Europe,Beauty,Lip Balm,2,24.05,0.0,9.1,PayPal,Completed
ORD-105052,2024-06-12,CUST-00410,Fatima Martinez,Enterprise,United States,North America,Home & Kitchen,Cutting Board,1,147.47,0.1,24.19,PayPal,Completed
ORD-100430,2024-03-19,CUST-00336,Liam Davis,Enterprise,United Kingdom,Europe,Office,Standing Desk Mat,1,39.26,0.0,6.67,Gift Card,Completed
ORD-104338,2024-05-23,CUST-00707,Tom Williams,Consumer,Canada,North America,Beauty,Hair Dryer,1,53.42,0.0,9.1,Bank Transfer,Completed
ORD-101286,2024-09-15,CUST-00079,Jennifer Dubois,Small Business,Germany,Europe,Electronics,Headphones,1,155.12,0.0,8.48,Credit Card,Completed
ORD-105837,2023-09-23,CUST-00164,Wei Zhang,Small Business, italy ,Europe,Apparel,Running Shoes,1,63.58,0.1,8.51,PayPal,Completed
ORD-106643,2023-07-07,CUST-00554,Linda Smith,Consumer,Spain,Europe,Beauty,Sunscreen SPF50,1,31.8,0.0,2.16,Debit Card,Completed
ORD-101980,2024-10-05,CUST-00661,Tom Rossi,Consumer, australia ,Oceania,Electronics,Smartphone Case,2,73.22,0.0,3.22,Bank Transfer,Completed
ORD-106431,2023-12-02,CUST-00060,Grace Nakamura,Enterprise,India,Asia,Beauty,Lip Balm,1,42.33,0.0,14.23,Gift Card,Completed
ORD-105329,2024-10-08,CUST-00358,Tom Silva,Consumer,Brazil,South America,Beauty,Sunscreen SPF50,2,10.26,0.0,12.49,Debit Card,Completed
ORD-100269,2023-11-29,CUST-00055,Grace Jones,Consumer,France,Europe,Electronics,Bluetooth Speaker,1,16.89,0.0,2.72,PayPal,Completed
ORD-106586,2024-02-25,CUST-00003,Ana Khan,Small Business,United States,North America,Electronics,USB-C Cable,1,96.68,0.0,2.39,Credit Card,Returned
ORD-100018,2024-07-20,CUST-00621,Mia Zhang,Enterprise,Mexico,South America,Apparel,Baseball Cap,1,81.18,0.0,16.78,Bank Transfer,Completed
ORD-102622,2023-10-19,CUST-00140,Chen Khan,,Brazil,South America,Electronics,USB-C Cable,1,1043.934451857206,0.0,11.28,Credit Card,Completed
ORD-101152,2024-04-24,CUST-00472,Wei Dubois,Consumer,Japan,Asia,Home & Kitchen,Coffee Maker,3,50.57,0.0,23.49,PayPal,Completed
ORD-103003,2024-06-02,CUST-00815,James Jones,Consumer,Germany,Europe,Apparel,Baseball Cap,1,47.38,0.0,20.9,Bank Transfer,Cancelled
ORD-100779,2023-08-05,CUST-00141,David Muller,Consumer,United States,North America,Electronics,Laptop Stand,1,19.21,0.0,14.0,Debit Card,Completed
ORD-101405,2024-09-01,CUST-00354,Noah Tanaka,Enterprise,Spain,Europe,Electronics,Headphones,1,51.13,0.0,9.5,Credit Card,Completed
ORD-106596,2024-10-20,CUST-00727,Tom Garcia,Enterprise,Japan,Asia,Sports & Outdoors,Water Bottle,2,79.68,0.0,9.81,Credit Card,Completed
ORD-100253,2024-05-15,CUST-00850,Sofia Brown,Consumer,United Kingdom,Europe,Beauty,Lip Balm,2,20.11,0.05,11.46,Credit Card,Completed
ORD-100644,2024-03-01,CUST-00315,Lucas Brown,Consumer,Germany,Europe,Beauty,Face Serum,1,14.0,0.0,10.16,Debit Card,Completed
ORD-101505,2023-02-21,CUST-00284,Wei Nakamura,Consumer,United States,North America,Beauty,Shampoo,1,20.93,0.2,6.01,Credit Card,Returned
ORD-103470,2024-11-22,CUST-00458,Emma Dubois,Consumer,Japan,Asia,Apparel,Baseball Cap,1,71.32,0.0,18.25,Debit Card,Completed
ORD-104835,2024-04-29,CUST-00293,Lucas Davis,Consumer,Spain,Europe,Sports & Outdoors,Water Bottle,1,112.57,0.0,24.07,Bank Transfer,Completed
ORD-106839,2024-08-10,CUST-00393,Carlos Martinez,Consumer,United States,North America,Apparel,Baseball Cap,1,17.98,0.0,21.66,Debit Card,Returned
ORD-106531,2024-09-20,CUST-00510,,Consumer,Canada,North America,Beauty,Shampoo,1,44.2,0.0,4.27,PayPal,Completed
ORD-103329,2024-08-12,CUST-00128,Tom Dubois,Small Business,Germany,Europe,Apparel,Baseball Cap,4,74.31,0.0,7.58,Credit Card,Completed
ORD-102271,2024-07-07,CUST-00264,Patricia Silva,Consumer,United Kingdom,Europe,Sports & Outdoors,Hiking Backpack,3,115.77,0.1,3.34,Credit Card,Completed
ORD-106897,2024-07-09,CUST-00498,Fatima Costa,Small Business,Japan,Asia,Home & Kitchen,Cutting Board,2,111.16,0.0,2.57,PayPal,Completed
ORD-101203,2024-06-20,CUST-00009,Yuki Khan,Consumer,Germany,Europe,Electronics,Laptop Stand,1,119.82,0.0,23.52,Bank Transfer,Completed
ORD-103536,2024-08-28,CUST-00810,Mary Muller,Small Business,India,Asia,Electronics,USB-C Cable,2,159.64,0.0,8.35,Credit Card,Cancelled
ORD-102161,2023-08-20,CUST-00660,Olivia Dubois,Small Business,United States,North America,Beauty,Face Serum,4,6.06,0.0,9.74,PayPal,Completed
ORD-106270,2024-09-24,CUST-00454,Olivia Brown,Small Business,United Kingdom,Europe,Electronics,Laptop Stand,1,21.44,0.1,12.69,Credit Card,Returned
ORD-106092,2024-06-19,CUST-00089,Ines Dubois,Consumer,United Kingdom,Europe,Electronics,Headphones,1,23.88,0.0,13.23,Bank Transfer,Completed
ORD-101512,2023-11-19,CUST-00539,Ana Costa,Consumer,United States,North America,Electronics,Headphones,1,92.43,0.0,21.07,Credit Card,Returned
ORD-103059,2023-08-03,CUST-00809,John Dubois,Small Business,United States,North America,Apparel,T-Shirt,1,81.8,0.1,17.37,Credit Card,Completed
ORD-104224,2024-01-18,CUST-00557,Emma Johnson,,United Kingdom,Europe,Beauty,Hair Dryer,1,40.18,0.0,11.91,Credit Card,Completed
ORD-102342,2023-11-01,CUST-00034,Wei Nakamura,Enterprise,India,Asia,Electronics,Laptop Stand,1,71.75,0.0,22.41,Credit Card,Completed
ORD-104935,2023-06-17,CUST-00758,Ines Silva,Small Business,Singapore,Asia,Electronics,Smartphone Case,2,184.1,0.0,21.7,Bank Transfer,Completed
ORD-100077,2023-09-03,CUST-00438,Patricia Dubois,Consumer,United States,North America,Office,Notebook Set,1,22.8,0.0,22.66,PayPal,Returned
ORD-105222,2024-05-03,CUST-00225,Jennifer Nakamura,Small Business,Spain,Europe,Apparel,T-Shirt,1,60.95,0.0,24.94,Credit Card,Completed
ORD-105635,2024-04-14,CUST-00598,Michael Miller,Consumer, india ,Asia,Electronics,Headphones,4,138.42,0.2,10.61,Debit Card,Cancelled
ORD-100903,2023-08-04,CUST-00098,Patricia Johnson,Enterprise,United States,North America,Electronics,Headphones,1,178.1,0.05,23.82,PayPal,Completed
ORD-104987,2024-06-11,CUST-00802,Liam Rossi,Small Business, canada ,North America,Office,Standing Desk Mat,1,4.02,0.0,17.4,Credit Card,Completed
ORD-103366,2023-12-13,CUST-00303,Yuki Martinez,Consumer,Canada,North America,Apparel,Baseball Cap,2,48.48,0.05,19.01,Debit Card,Completed
ORD-102741,2024-03-12,CUST-00052,Elizabeth Zhang,Consumer,Italy,Europe,Apparel,Running Shoes,2,67.62,0.0,18.3,Debit Card,Completed
ORD-101551,2023-10-07,CUST-00309,Emma Brown,Consumer,United States,North America,Electronics,USB-C Cable,1,164.49,0.05,8.5,Credit Card,Completed
ORD-103093,2024-09-20,CUST-00727,Tom Garcia,Enterprise,Japan,Asia,Electronics,Headphones,3,191.48,0.05,23.25,Bank Transfer,Returned
ORD-106441,2023-12-29,CUST-00430,Hiro Miller,Consumer,France,Europe,Apparel,Wool Socks,2,53.07,0.05,13.84,Debit Card,Completed
ORD-106691,2024-10-19,CUST-00470,Jennifer Johnson,Small Business,India,Asia,Beauty,Lip Balm,2,9.84,0.0,24.26,Bank Transfer,Completed
ORD-101390,2024-04-29,CUST-00178,John Tanaka,Consumer,Italy,Europe,Apparel,Baseball Cap,2,78.4,0.1,20.83,Gift Card,Completed
ORD-103500,2024-05-26,CUST-00098,Patricia Johnson,Enterprise,United States,North America,Apparel,Baseball Cap,1,66.73,0.0,16.15,Credit Card,Completed
ORD-101080,2024-03-31,CUST-00520,Wei Martinez,Small Business,Australia,Oceania,Electronics,Bluetooth Speaker,1,162.89,0.0,5.91,Credit Card,Completed
ORD-103179,2023-04-03,CUST-00715,Patricia Khan,Small Business,United Kingdom,Europe,Home & Kitchen,Coffee Maker,1,17.6,0.0,12.24,Credit Card,Completed
ORD-103915,2023-10-03,CUST-00327,Emma Kumar,Consumer,Mexico,South America,Office,Desk Organizer,1,41.71,0.0,22.12,Credit Card,Completed
ORD-100848,2023-11-12,CUST-00821,Grace Rossi,,United States,North America,Beauty,Face Serum,2,9.89,0.0,17.2,Gift Card,Completed
ORD-103983,2024-02-27,CUST-00717,Sofia Khan,Consumer, italy ,Europe,Sports & Outdoors,Camping Tent,1,75.06,0.0,7.81,Debit Card,Completed
ORD-105696,2024-05-03,CUST-00175,Carlos Brown,,United States,North America,Electronics,Headphones,1,40.18,0.0,17.39,Debit Card,Cancelled
ORD-106290,2024-04-12,CUST-00669,Jennifer Williams,Enterprise,Germany,Europe,Beauty,Hair Dryer,1,59.86,0.05,3.95,Bank Transfer,Completed
ORD-106183,2024-06-22,CUST-00395,Ana Johnson,Consumer,United States,North America,Beauty,Sunscreen SPF50,1,38.4,0.15,6.87,PayPal,Completed
ORD-101606,2024-10-26,CUST-00778,John Davis,Small Business,United States,North America,Beauty,Face Serum,1,16.06,0.0,4.9,Credit Card,Returned
ORD-104349,2023-08-16,CUST-00442,Olivia Khan,Consumer,Australia,Oceania,Beauty,Sunscreen SPF50,1,5.83,0.0,7.79,Credit Card,Completed
ORD-104846,2023-06-29,CUST-00824,David Miller,Consumer,Australia,Oceania,Apparel,Baseball Cap,2,30.59,0.15,15.03,Credit Card,Completed
ORD-103514,2023-04-17,CUST-00426,Mia Miller,Consumer,United States,North America,Apparel,Running Shoes,2,47.31,0.0,3.62,Gift Card,Completed
ORD-104995,2024-07-21,CUST-00657,Emma Martinez,Consumer,United Kingdom,Europe,Electronics,Bluetooth Speaker,1,180.28,0.0,4.62,Credit Card,Completed
ORD-100443,2023-07-14,CUST-00011,Ines Tanaka,Enterprise,United Kingdom,Europe,Home & Kitchen,Blender,2,148.93,0.0,12.32,Credit Card,Completed
ORD-105985,2024-07-25,CUST-00699,Mary Dubois,Consumer,United States,North America,Electronics,Headphones,2,60.15,0.0,13.27,Credit Card,Completed
ORD-102984,2024-10-02,CUST-00365,Mia Garcia,Consumer,FRANCE,Europe,Electronics,USB-C Cable,1,1214.0381269573743,0.0,23.47,Bank Transfer,Completed
ORD-106338,2024-09-28,CUST-00634,James Johnson,Consumer,UNITED STATES,North America,Electronics,Bluetooth Speaker,1,158.16,0.0,24.24,Bank Transfer,Completed
ORD-102672,2024-04-30,CUST-00612,Olivia Brown,Consumer,United States,North America,Electronics,USB-C Cable,2,198.83,0.0,12.7,Debit Card,Completed
ORD-106767,2024-06-05,CUST-00517,Jennifer Miller,Consumer,United States,North America,Sports & Outdoors,Camping Tent,1,24.8,0.0,12.57,Credit Card,Completed
ORD-105846,2024-04-03,CUST-00126,Tom Williams,Enterprise,Germany,Europe,Electronics,Bluetooth Speaker,1,126.06,0.0,10.99,Credit Card,Completed
ORD-105205,2024-05-03,CUST-00561,Grace Tanaka,Small Business, india ,Asia,Sports & Outdoors,Hiking Backpack,1,119.43,0.2,11.26,Debit Card,Completed
ORD-106770,2023-12-30,CUST-00784,Elizabeth Smith,Consumer,Australia,Oceania,Electronics,Bluetooth Speaker,1,95.17,0.1,21.35,PayPal,Completed
ORD-100908,2024-06-11,CUST-00695,Carlos Muller,Consumer,ITALY,Europe,Home & Kitchen,Coffee Maker,2,81.07,0.0,14.97,Credit Card,Completed
ORD-106114,2024-07-18,CUST-00763,Liam Rossi,Small Business, united states ,North America,Apparel,Running Shoes,1,29.19,0.05,20.09,PayPal,Returned
ORD-106805,2024-02-15,CUST-00692,Ahmed Rossi,Consumer,France,Europe,Electronics,Headphones,1,134.57,0.0,23.23,Bank Transfer,Completed
ORD-104369,2024-01-09,CUST-00094,Hiro Rossi,Consumer,United States,North America,Electronics,Bluetooth Speaker,2,83.22,0.0,8.34,PayPal,Completed
ORD-100235,2023-08-09,CUST-00347,Sofia Rodriguez,Consumer,United States,North America,Apparel,Baseball Cap,-2,20.77,0.15,12.46,Credit Card,Completed
ORD-105961,2023-05-31,CUST-00715,Patricia Khan,Small Business,United Kingdom,Europe,Office,Pen Pack,1,42.76,0.0,15.14,Debit Card,Completed
ORD-103524,2024-09-07,CUST-00709,Ines Davis,Consumer,United Kingdom,Europe,Apparel,T-Shirt,5,81.67,0.0,20.31,Credit Card,Completed
ORD-103968,2024-10-05,CUST-00306,Wei Nakamura,Consumer,United States,North America,Apparel,T-Shirt,1,15.34,0.0,10.13,Credit Card,Completed
ORD-102229,2024-06-17,CUST-00667,James Costa,Consumer,SINGAPORE,Asia,Home & Kitchen,Blender,1,88.59,0.15,13.72,Credit Card,Completed
ORD-105113,2024-02-02,CUST-00014,Noah Muller,Consumer,Singapore,Asia,Electronics,USB-C Cable,2,135.31,0.0,16.12,Credit Card,Completed
ORD-105069,2024-04-08,CUST-00101,Lucas Khan,Consumer,FRANCE,Europe,Sports & Outdoors,Resistance Bands,1,26.42,0.0,4.71,Credit Card,Completed
ORD-103818,2023-06-05,CUST-00812,Liam Miller,Small Business,Brazil,South America,Apparel,Running Shoes,1,64.14,0.0,3.84,PayPal,Completed
ORD-102327,2024-05-04,CUST-00673,David Garcia,Consumer,Spain,Europe,Electronics,Bluetooth Speaker,1,164.97,0.0,22.61,Credit Card,Completed
ORD-104513,2023-08-04,CUST-00106,Ana Miller,Consumer,India,Asia,Sports & Outdoors,Water Bottle,1,50.31,0.0,4.01,PayPal,Completed
ORD-106726,2024-06-08,CUST-00148,Sofia Brown,Small Business,United States,North America,Apparel,Running Shoes,1,71.04,0.0,13.75,Debit Card,Completed
ORD-103280,2024-07-11,CUST-00256,Robert Smith,Consumer,United States,North America,Electronics,Headphones,1,107.66,0.05,16.42,Credit Card,Completed
ORD-102474,2023-12-05,CUST-00186,Lucas Jones,Consumer,Germany,Europe,Electronics,Smartphone Case,1,200.84,0.15,8.08,Debit Card,Completed
ORD-102075,2024-08-22,CUST-00198,Yuki Rodriguez,Consumer,Spain,Europe,Sports & Outdoors,Water Bottle,1,79.66,0.0,5.8,Bank Transfer,Completed
ORD-106572,2024-11-01,CUST-00051,Wei Costa,Enterprise,United States,North America,Beauty,Sunscreen SPF50,2,54.43,0.0,10.35,PayPal,Completed
ORD-106969,2024-10-25,CUST-00065,James Williams,Small Business,United States,North America,Sports & Outdoors,Camping Tent,1,93.87,0.0,13.28,Credit Card,Completed
ORD-106366,2023-07-04,CUST-00433,Emma Johnson,Consumer,India,Asia,Apparel,T-Shirt,1,51.79,0.15,4.84,Bank Transfer,Completed
ORD-103860,2024-04-10,CUST-00674,Elizabeth Davis,Small Business,United States,North America,Office,Pen Pack,2,48.64,0.0,23.31,Gift Card,Completed
ORD-103785,2023-12-29,CUST-00778,John Davis,Small Business,UNITED STATES,North America,Office,Notebook Set,1,68.23,0.0,6.87,Credit Card,Cancelled
ORD-104676,2023-09-29,CUST-00471,Noah Costa,Enterprise,Singapore,Asia,Beauty,Lip Balm,1,27.95,0.15,22.55,Debit Card,Completed
ORD-104017,2023-10-13,CUST-00315,Lucas Brown,Consumer,Germany,Europe,Home & Kitchen,Throw Pillow,1,14.11,0.0,13.5,Debit Card,Completed
ORD-103512,2024-01-21,CUST-00485,Mia Rossi,Enterprise,UNITED KINGDOM,Europe,Home & Kitchen,Storage Bin,1,144.82,0.15,20.95,Gift Card,Completed
ORD-103477,2024-03-30,CUST-00604,Sofia Johnson,Consumer,GERMANY,Europe,Electronics,Headphones,1,47.99,0.0,24.89,PayPal,Completed
ORD-104457,2024-06-14,CUST-00388,Wei Muller,Small Business,United States,North America,Apparel,Running Shoes,1,13.58,0.15,12.44,PayPal,Completed
ORD-102974,2024-04-16,CUST-00318,Carlos Jones,Consumer,United States,North America,Electronics,Headphones,1,180.06,0.0,7.47,Bank Transfer,Completed
ORD-105848,2024-08-07,CUST-00826,Elizabeth Johnson,,United States,North America,Home & Kitchen,Cutting Board,2,73.51,0.0,15.01,Credit Card,Cancelled
ORD-101636,2023-02-10,CUST-00684,Hiro Miller,Enterprise, united states ,North America,Home & Kitchen,Blender,2,119.0,0.0,12.82,PayPal,Completed
ORD-102062,2023-08-07,CUST-00756,James Williams,Small Business,Germany,Europe,Home & Kitchen,Storage Bin,1,37.42,0.05,2.69,Bank Transfer,Completed
ORD-104994,2024-09-02,CUST-00437,Grace Johnson,Enterprise,United Kingdom,Europe,Electronics,Headphones,2,151.3,0.0,20.15,Credit Card,Completed
ORD-100058,2024-02-16,CUST-00140,Chen Khan,Consumer,Brazil,South America,Apparel,Baseball Cap,1,41.6,0.05,12.31,Credit Card,Cancelled
ORD-106850,2024-03-15,CUST-00793,Fatima Rossi,Small Business,United States,North America,Apparel,Denim Jacket,5,26.99,0.0,17.98,Credit Card,Completed
ORD-102193,2024-11-22,CUST-00067,Mary Brown,Consumer,Japan,Asia,Sports & Outdoors,Yoga Mat,1,164.14,0.0,10.3,PayPal,Completed
ORD-101473,2024-10-09,CUST-00083,Ana Silva,Consumer,United Kingdom,Europe,Beauty,Face Serum,1,36.1,0.2,18.94,Debit Card,Completed
ORD-106437,2024-08-22,CUST-00849,John Kumar,Consumer,Mexico,South America,Apparel,Denim Jacket,2,80.4,0.0,2.52,Gift Card,Completed
ORD-101204,2024-08-22,CUST-00848,,Consumer,Canada,North America,Sports & Outdoors,Resistance Bands,1,54.13,0.0,2.56,PayPal,Completed
ORD-106097,2024-04-11,CUST-00424,Emma Martinez,Enterprise,United Kingdom,Europe,Home & Kitchen,Coffee Maker,1,89.52,0.15,3.46,Debit Card,Completed
ORD-106018,2023-07-17,CUST-00046,David Smith,Enterprise,Germany,Europe,Sports & Outdoors,Hiking Backpack,2,177.13,0.15,16.38,Bank Transfer,Completed
ORD-105285,2023-11-23,CUST-00361,Fatima Jones,Enterprise,Brazil,South America,Sports & Outdoors,Hiking Backpack,1,160.46,0.0,19.58,Bank Transfer,Completed
ORD-103315,2024-03-30,CUST-00476,Jennifer Davis,Consumer,United States,North America,Electronics,Laptop Stand,1,31.85,0.0,12.61,Credit Card,Cancelled
ORD-102787,2024-09-02,CUST-00411,Wei Jones,Consumer,United States,North America,Electronics,Headphones,1,178.68,0.0,9.23,Credit Card,Completed
ORD-104727,2024-06-25,CUST-00590,Robert Johnson,Consumer,Singapore,Asia,Office,Pen Pack,2,54.67,0.0,2.14,Gift Card,Completed
ORD-101475,2024-03-11,CUST-00377,Hiro Muller,Enterprise,Mexico,South America,Electronics,Bluetooth Speaker,2,164.2,0.0,13.89,PayPal,Completed
ORD-101569,2024-04-26,CUST-00236,Mary Zhang,Small Business,Japan,Asia,Beauty,Shampoo,2,11.33,0.0,13.36,PayPal,Returned
ORD-103076,2024-03-17,CUST-00599,Mia Dubois,Consumer,France,Europe,Apparel,Wool Socks,1,40.86,0.15,14.97,Credit Card,Completed
ORD-100466,2023-03-23,CUST-00521,Lucas Nakamura,,Australia,Oceania,Apparel,Baseball Cap,1,72.99,0.0,10.33,Credit Card,Completed
ORD-103072,2024-08-02,CUST-00312,Patricia Khan,Small Business,United States,North America,Electronics,USB-C Cable,2,197.46,0.0,23.49,Debit Card,Completed
ORD-101590,2023-06-05,CUST-00526,Carlos Jones,Small Business,Singapore,Asia,Beauty,Lip Balm,1,48.74,0.0,19.57,Credit Card,Completed
ORD-103603,2023-10-25,CUST-00180,Liam Brown,Consumer,Singapore,Asia,Office,Desk Organizer,1,64.61,0.0,14.58,Debit Card,Completed
ORD-101009,2024-07-06,CUST-00557,Emma Johnson,Small Business,United Kingdom,Europe,Sports & Outdoors,Camping Tent,1,61.21,0.2,9.36,Debit Card,Completed
ORD-105472,2024-06-04,CUST-00173,Carlos Miller,Small Business,United States,North America,Sports & Outdoors,Water Bottle,1,166.87,0.1,9.71,Debit Card,Completed
ORD-101580,2024-01-16,CUST-00350,John Khan,Small Business,Canada,North America,Electronics,Laptop Stand,5,204.69,0.0,17.77,PayPal,Completed
ORD-101305,2023-08-01,CUST-00343,Wei Dubois,Consumer, india ,Asia,Home & Kitchen,Blender,3,62.13,0.0,15.76,Gift Card,Completed
ORD-104764,2024-01-24,CUST-00280,Carlos Nakamura,Consumer,France,Europe,Apparel,T-Shirt,1,80.23,0.2,10.49,Credit Card,Completed
ORD-106244,2024-07-25,CUST-00050,Noah Kumar,Consumer,United States,North America,Electronics,Bluetooth Speaker,2,73.65,0.0,10.02,Credit Card,Completed
ORD-100347,2024-07-15,CUST-00039,Noah Brown,Small Business,India,Asia,Home & Kitchen,Cutting Board,2,134.86,0.1,16.15,Gift Card,Completed
ORD-100503,2024-07-20,CUST-00298,James Nakamura,,United States,North America,Beauty,Lip Balm,1,16.94,0.0,20.32,PayPal,Completed
ORD-101233,2023-09-10,CUST-00257,John Williams,Small Business,CANADA,North America,Electronics,USB-C Cable,1,166.5,0.0,7.29,Debit Card,Completed
ORD-101644,2024-06-16,CUST-00252,Ines Martinez,Small Business,Canada,North America,Electronics,Laptop Stand,1,131.51,0.0,15.42,Credit Card,Completed
ORD-102991,2024-12-03,CUST-00484,Hiro Jones,Small Business,Spain,Europe,Sports & Outdoors,Hiking Backpack,1,33.53,0.0,16.57,Debit Card,Completed
ORD-100834,2024-11-05,CUST-00280,Carlos Nakamura,Consumer,France,Europe,Beauty,Lip Balm,1,5.07,0.0,11.49,Debit Card,Completed
ORD-101039,2024-08-24,CUST-00289,Sofia Williams,Enterprise,Australia,Oceania,Electronics,Bluetooth Speaker,1,48.57,0.0,10.81,Bank Transfer,Completed
ORD-102141,2023-06-08,CUST-00252,Ines Martinez,Small Business,Canada,North America,Sports & Outdoors,Resistance Bands,1,119.83,0.1,6.65,Debit Card,Completed
ORD-106265,2023-06-09,CUST-00680,Elizabeth Smith,Small Business,India,Asia,Home & Kitchen,Cutting Board,1,20.31,0.0,22.26,Gift Card,Completed
ORD-101363,2023-02-24,CUST-00677,Chen Kumar,Consumer,United States,North America,Office,Wireless Mouse,2,21.64,0.0,4.24,PayPal,Completed
ORD-101165,2024-04-07,CUST-00438,Patricia Dubois,Consumer,United States,North America,Home & Kitchen,Cutting Board,1,58.95,0.0,4.74,Credit Card,Completed
ORD-105513,2024-04-04,CUST-00250,,Small Business,Singapore,Asia,Apparel,Denim Jacket,4,79.92,0.0,6.43,PayPal,Completed
ORD-101765,2024-10-21,CUST-00608,Ines Martinez,Consumer,Spain,Europe,Apparel,Baseball Cap,1,49.79,0.0,14.5,PayPal,Completed
ORD-105874,2024-09-15,CUST-00091,Carlos Johnson,Consumer,United States,North America,Electronics,Headphones,1,179.48,0.0,3.41,Bank Transfer,Completed
ORD-104740,2024-08-31,CUST-00232,Noah Miller,Enterprise,France,Europe,Electronics,Smartphone Case,2,136.08,0.05,3.18,Credit Card,Completed
ORD-101426,2024-10-30,CUST-00243,Mary Jones,Consumer,Germany,Europe,Electronics,Smartphone Case,2,87.43,0.0,8.34,Gift Card,Completed
ORD-100543,2024-10-16,CUST-00264,Patricia Silva,Consumer,United Kingdom,Europe,Sports & Outdoors,Camping Tent,2,120.14,0.0,2.22,PayPal,Completed
ORD-101492,2024-01-03,CUST-00062,Liam Miller,Small Business,ITALY,Europe,Beauty,Sunscreen SPF50,1,43.54,0.0,16.41,PayPal,Completed
ORD-100489,2024-06-03,CUST-00432,Priya Miller,Consumer,United Kingdom,Europe,Home & Kitchen,Blender,2,118.35,0.05,18.45,Gift Card,Completed
ORD-104709,2024-03-17,CUST-00850,Sofia Brown,Consumer,United Kingdom,Europe,Home & Kitchen,Storage Bin,1,148.15,0.0,11.39,PayPal,Completed
ORD-101667,2023-09-06,CUST-00185,Elizabeth Brown,Enterprise,United States,North America,Electronics,Laptop Stand,1,174.99,0.0,10.93,Credit Card,Completed
ORD-101946,2024-10-02,CUST-00299,Liam Khan,Enterprise,Canada,North America,Office,Notebook Set,5,48.05,0.1,3.02,Credit Card,Completed
ORD-106682,2024-10-12,CUST-00602,Elizabeth Muller,Small Business,India,Asia,Apparel,T-Shirt,2,31.94,0.0,12.24,Debit Card,Completed
ORD-103051,2024-03-12,CUST-00076,Tom Dubois,Consumer,France,Europe,Office,Desk Organizer,1,9.56,0.0,5.89,Debit Card,Completed
ORD-105710,2024-08-25,CUST-00011,Ines Tanaka,Enterprise,United Kingdom,Europe,Electronics,Smartphone Case,1,135.54,0.2,7.04,Credit Card,Completed
ORD-102352,2024-08-12,CUST-00687,James Williams,Consumer,Brazil,South America,Home & Kitchen,Storage Bin,3,2470.6021726897907,0.0,3.59,Credit Card,Returned
ORD-103783,2024-06-08,CUST-00036,Linda Tanaka,Consumer,Canada,North America,Sports & Outdoors,Camping Tent,1,51.73,0.0,21.52,Debit Card,Completed
ORD-100566,2024-04-19,CUST-00603,Lucas Johnson,Consumer,United Kingdom,Europe,Office,Notebook Set,1,41.79,0.0,23.04,Credit Card,Completed
ORD-100264,2024-10-12,CUST-00102,Elizabeth Kumar,Small Business,Germany,Europe,Home & Kitchen,Storage Bin,1,64.55,0.0,22.23,PayPal,Completed
ORD-104582,2024-02-23,CUST-00782,Tom Garcia,Small Business,United States,North America,Electronics,Bluetooth Speaker,2,204.09,0.0,3.96,Credit Card,Completed
ORD-101325,2023-10-29,CUST-00415,Wei Davis,Consumer,United Kingdom,Europe,Home & Kitchen,Coffee Maker,1,141.05,0.0,5.26,Credit Card,Completed
ORD-100382,2024-04-21,CUST-00012,Ines Davis,Consumer,United States,North America,Apparel,Wool Socks,1,75.85,0.0,10.42,Credit Card,Completed
ORD-105545,2024-05-25,CUST-00031,Tom Brown,Small Business,Germany,Europe,Beauty,Sunscreen SPF50,2,59.31,0.0,19.64,Gift Card,Completed
ORD-100614,2023-08-27,CUST-00379,Patricia Nakamura,Consumer,Germany,Europe,Office,Wireless Mouse,1,32.0,0.0,12.33,Bank Transfer,Completed
ORD-105943,2023-12-10,CUST-00732,Linda Johnson,Consumer,Japan,Asia,Electronics,Headphones,1,145.6,0.1,18.78,Debit Card,Completed
ORD-100216,2024-08-15,CUST-00524,Liam Martinez,Consumer,France,Europe,Electronics,Smartphone Case,1,74.12,0.0,21.56,Bank Transfer,Completed
ORD-101978,2024-09-16,CUST-00613,Olivia Smith,Consumer,India,Asia,Office,Desk Organizer,5,44.05,0.0,3.59,Gift Card,Completed
ORD-106236,2024-01-15,CUST-00638,Noah Brown,Enterprise,France,Europe,Office,Wireless Mouse,1,5.06,0.0,18.4,Credit Card,Completed
ORD-101103,2023-11-07,CUST-00236,Mary Zhang,Small Business,Japan,Asia,Beauty,Shampoo,1,16.86,0.0,15.73,Debit Card,Completed
ORD-103878,2024-06-24,CUST-00315,Lucas Brown,Consumer,Germany,Europe,Sports & Outdoors,Yoga Mat,1,93.01,0.2,19.66,Credit Card,Completed
ORD-101979,2023-06-08,CUST-00268,Fatima Miller,Enterprise,Spain,Europe,Electronics,Smartphone Case,1,33.6,0.2,8.47,Debit Card,Completed
ORD-103803,2024-06-10,CUST-00361,Fatima Jones,Enterprise,Brazil,South America,Apparel,Running Shoes,2,46.4,0.0,3.72,Credit Card,Cancelled
ORD-104599,2023-04-18,CUST-00228,Wei Jones,Consumer,Germany,Europe,Home & Kitchen,Blender,1,64.45,0.0,24.72,PayPal,Completed
ORD-103427,2024-05-27,CUST-00713,Ines Miller,Small Business,India,Asia,Home & Kitchen,Blender,1,144.73,0.15,8.91,PayPal,Completed
ORD-102866,2024-02-22,CUST-00730,Elizabeth Zhang,Consumer,Brazil,South America,Beauty,Lip Balm,1,5.52,0.0,19.34,PayPal,Completed
ORD-103387,2024-02-08,CUST-00613,Olivia Smith,Consumer,India,Asia,Sports & Outdoors,Hiking Backpack,3,138.68,0.2,2.96,PayPal,Completed
ORD-101113,2023-12-07,CUST-00593,Tom Tanaka,,United Kingdom,Europe,Home & Kitchen,Storage Bin,2,57.54,0.15,10.06,Credit Card,Completed
ORD-104526,2024-02-12,CUST-00658,Ines Nakamura,Small Business,United Kingdom,Europe,Home & Kitchen,Cutting Board,2,84.22,0.05,22.39,PayPal,Completed
ORD-105555,2024-07-19,CUST-00722,Chen Rodriguez,Small Business,Canada,North America,Sports & Outdoors,Hiking Backpack,1,123.89,0.0,6.21,PayPal,Completed
ORD-103404,2023-02-16,CUST-00273,Robert Rossi,Consumer, spain ,Europe,Electronics,Bluetooth Speaker,1,35.59,0.0,16.32,Credit Card,Completed
ORD-105680,2023-11-06,CUST-00563,Elizabeth Kumar,Consumer,France,Europe,Electronics,Bluetooth Speaker,2,59.69,0.15,14.94,Debit Card,Completed
ORD-104509,2023-11-27,CUST-00420,Patricia Costa,Consumer,Mexico,South America,Home & Kitchen,Cutting Board,1,58.87,0.05,6.58,Debit Card,Cancelled
ORD-101694,2024-09-06,CUST-00613,Olivia Smith,Consumer,India,Asia,Electronics,Headphones,1,194.07,0.0,5.22,Debit Card,Completed
ORD-101618,2023-06-28,CUST-00657,Emma Martinez,Consumer,United Kingdom,Europe,Apparel,Baseball Cap,1,79.64,0.0,15.44,PayPal,Completed
ORD-103951,2024-01-26,CUST-00730,Elizabeth Zhang,Consumer,Brazil,South America,Home & Kitchen,Storage Bin,4,87.02,0.1,4.58,PayPal,Completed
ORD-106597,2024-07-23,CUST-00742,Elizabeth Brown,Enterprise,Canada,North America,Sports & Outdoors,Water Bottle,1,40.64,0.0,5.32,Credit Card,Completed
ORD-104668,2023-10-30,CUST-00672,Michael Rodriguez,Consumer,France,Europe,Beauty,Shampoo,1,14.66,0.15,3.4,Bank Transfer,Completed
ORD-103056,2023-08-29,CUST-00109,Tom Costa,Small Business,Japan,Asia,Office,Pen Pack,2,11.44,0.0,,PayPal,Completed
ORD-100033,2023-05-24,CUST-00445,Michael Kumar,Enterprise,Mexico,South America,Sports & Outdoors,Water Bottle,1,83.61,0.0,6.82,PayPal,Completed
ORD-104225,2024-11-01,CUST-00636,Michael Rodriguez,Consumer,United States,North America,Electronics,USB-C Cable,1,62.34,0.15,23.48,Bank Transfer,Completed
ORD-100115,2023-12-07,CUST-00120,Ines Khan,Consumer,Spain,Europe,Beauty,Hair Dryer,2,9.05,0.05,11.24,Debit Card,Returned
ORD-104937,2023-05-11,CUST-00665,Chen Miller,Consumer,Germany,Europe,Beauty,Sunscreen SPF50,1,31.73,0.0,23.68,Credit Card,Completed
ORD-104933,2023-10-21,CUST-00347,Sofia Rodriguez,Consumer,United States,North America,Sports & Outdoors,Yoga Mat,1,102.76,0.0,2.82,PayPal,Completed
ORD-102289,2024-04-09,CUST-00293,Lucas Davis,Consumer, spain ,Europe,Sports & Outdoors,Camping Tent,1,30.69,0.05,17.13,PayPal,Completed
ORD-100821,2024-07-09,CUST-00638,Noah Brown,Enterprise,France,Europe,Apparel,T-Shirt,2,24.8,0.0,8.54,Credit Card,Completed
ORD-102250,2023-08-10,CUST-00790,Fatima Rodriguez,Consumer,France,Europe,Apparel,Baseball Cap,1,27.6,0.2,18.88,Credit Card,Completed
ORD-105764,2023-11-09,CUST-00515,Wei Davis,Consumer,Germany,Europe,Beauty,Hair Dryer,1,9.31,0.1,23.65,Bank Transfer,Completed
ORD-103272,2024-09-25,CUST-00363,,Small Business,Germany,Europe,Home & Kitchen,Cutting Board,1,105.82,0.0,14.79,Bank Transfer,Returned
ORD-100587,2023-11-03,CUST-00485,Mia Rossi,Enterprise,United Kingdom,Europe,Sports & Outdoors,Hiking Backpack,2,34.92,0.0,24.24,Debit Card,Completed
ORD-101348,2024-10-30,CUST-00270,Mary Brown,Consumer,Mexico,South America,Electronics,Bluetooth Speaker,2,133.23,0.0,16.64,Gift Card,Completed
ORD-104311,2024-06-03,CUST-00221,Patricia Garcia,Enterprise,United States,North America,Home & Kitchen,Coffee Maker,1,130.69,0.0,11.31,Debit Card,Completed
ORD-101099,2024-11-15,CUST-00086,Grace Tanaka,Small Business,United States,North America,Beauty,Face Serum,1,32.72,0.0,14.52,Credit Card,Completed
ORD-101364,2024-04-30,CUST-00096,Tom Rodriguez,Consumer,United Kingdom,Europe,Home & Kitchen,Throw Pillow,1,16.24,0.0,22.91,PayPal,Completed
ORD-100394,2024-02-02,CUST-00093,Fatima Miller,Consumer,Australia,Oceania,Beauty,Shampoo,1,8.65,0.0,15.96,Bank Transfer,Completed
ORD-101516,2024-06-03,CUST-00309,Emma Brown,Consumer,United States,North America,Sports & Outdoors,Yoga Mat,1,171.24,0.0,3.24,Bank Transfer,Completed
ORD-106026,2023-10-11,CUST-00573,Michael Miller,Small Business,Italy,Europe,Electronics,Bluetooth Speaker,4,156.1,0.0,23.0,PayPal,Returned
ORD-106321,2023-10-31,CUST-00285,Ines Rossi,Enterprise,United States,North America,Office,Standing Desk Mat,1,64.19,0.1,17.26,Gift Card,Completed
ORD-106169,2023-04-08,CUST-00778,John Davis,Small Business,United States,North America,Home & Kitchen,Storage Bin,1,90.14,0.15,24.16,Credit Card,Completed
ORD-102446,2023-08-22,CUST-00747,Tom Davis,,United Kingdom,Europe,Electronics,USB-C Cable,1,215.35,0.0,7.43,PayPal,Completed
ORD-103478,2024-06-05,CUST-00479,Chen Jones,Enterprise,United States,North America,Apparel,Denim Jacket,2,35.55,0.0,7.05,Bank Transfer,Completed
ORD-102329,2024-02-22,CUST-00021,Sofia Muller,Consumer,France,Europe,Office,Notebook Set,2,55.14,0.0,13.23,Gift Card,Returned
ORD-105151,2023-01-18,CUST-00411,Wei Jones,Consumer,United States,North America,Electronics,USB-C Cable,2,32.85,0.0,9.16,Credit Card,Returned
ORD-101710,2023-07-14,CUST-00291,Ahmed Tanaka,Consumer,Mexico,South America,Office,Wireless Mouse,-1,19.05,0.0,16.88,Credit Card,Completed
ORD-100984,2023-09-17,CUST-00235,Jennifer Brown,Small Business,United Kingdom,Europe,Office,Standing Desk Mat,1,55.91,0.0,5.97,PayPal,Completed
ORD-105927,2024-05-22,CUST-00495,Ana Zhang,Consumer,Spain,Europe,Apparel,Baseball Cap,1,33.14,0.0,19.13,Debit Card,Completed
ORD-100554,2024-02-21,CUST-00587,Jennifer Dubois,Enterprise,United Kingdom,Europe,Electronics,Laptop Stand,1,37.74,0.0,3.05,Credit Card,Cancelled
ORD-106068,2024-10-20,CUST-00313,Lucas Dubois,Consumer,Australia,Oceania,Sports & Outdoors,Camping Tent,1,171.23,0.0,10.53,Debit Card,Completed
ORD-103308,2024-04-12,CUST-00439,Lucas Smith,Small Business,France,Europe,Beauty,Lip Balm,1,18.09,0.2,12.71,Credit Card,Completed
ORD-106879,2024-06-28,CUST-00776,Priya Nakamura,Consumer,United States,North America,Sports & Outdoors,Hiking Backpack,2,24.94,0.0,3.95,Credit Card,Completed
ORD-101254,2024-03-08,CUST-00567,Sofia Nakamura,Small Business,Brazil,South America,Electronics,Laptop Stand,1,62.41,0.0,21.32,Debit Card,Completed
ORD-106861,2024-06-14,CUST-00149,James Garcia,Small Business,Mexico,South America,Electronics,Laptop Stand,1,134.57,0.05,21.02,Credit Card,Completed
ORD-104842,2024-01-02,CUST-00256,Robert Smith,,United States,North America,Sports & Outdoors,Resistance Bands,4,127.5,0.0,20.18,PayPal,Cancelled
ORD-105490,2024-05-24,CUST-00566,Linda Kumar,Consumer,Japan,Asia,Home & Kitchen,Coffee Maker,1,74.33,0.0,10.18,PayPal,Completed
ORD-102788,2024-01-15,CUST-00641,Raj Martinez,Consumer,Germany,Europe,Office,Pen Pack,1,17.54,0.0,24.46,PayPal,Completed
ORD-104296,2024-07-05,CUST-00114,Emma Dubois,Consumer,Brazil,South America,Sports & Outdoors,Yoga Mat,1,18.22,0.0,11.03,Debit Card,Completed
ORD-104946,2024-07-26,CUST-00435,Ana Khan,Consumer,Singapore,Asia,Electronics,Laptop Stand,2,53.54,0.15,24.64,Debit Card,Returned
ORD-100667,2024-04-22,CUST-00719,Fatima Silva,Small Business,United States,North America,Beauty,Shampoo,2,35.31,0.0,16.0,PayPal,Completed
ORD-106160,2024-07-25,CUST-00532,Ana Rodriguez,Small Business,India,Asia,Home & Kitchen,Cutting Board,1,10.31,0.0,8.72,Credit Card,Returned
ORD-102680,2024-01-16,CUST-00748,Chen Johnson,Consumer,Canada,North America,Beauty,Shampoo,-1,23.8,0.0,19.73,Credit Card,Completed
ORD-101414,2023-04-21,CUST-00298,James Nakamura,Consumer,United States,North America,Electronics,Headphones,2,80.3,0.0,17.61,PayPal,Returned
ORD-104504,2023-12-13,CUST-00349,Elizabeth Smith,Consumer,United States,North America,Beauty,Lip Balm,1,23.36,0.0,22.94,PayPal,Completed
ORD-100529,2024-04-09,CUST-00098,Patricia Johnson,Enterprise,United States,North America,Apparel,Baseball Cap,1,45.1,0.05,4.91,Credit Card,Completed
ORD-105494,2024-03-12,CUST-00481,Mary Jones,Consumer,United States,North America,Apparel,Wool Socks,2,39.05,0.0,17.71,Debit Card,Completed
ORD-102061,2024-11-19,CUST-00580,David Jones,Consumer,Japan,Asia,Apparel,Baseball Cap,1,67.86,0.0,23.91,PayPal,Returned
ORD-100486,2024-02-02,CUST-00691,Carlos Rossi,Consumer,Canada,North America,Beauty,Hair Dryer,1,20.42,0.05,20.19,PayPal,Completed
ORD-103592,2024-09-29,CUST-00133,Carlos Costa,Consumer,Germany,Europe,Beauty,Shampoo,1,33.81,0.0,7.74,PayPal,Completed
ORD-105422,2023-12-08,CUST-00644,Elizabeth Rodriguez,Small Business,Spain,Europe,Office,Pen Pack,1,26.33,0.1,7.15,Bank Transfer,Completed
ORD-106957,2024-11-06,CUST-00805,Liam Rodriguez,Consumer,Germany,Europe,Apparel,Denim Jacket,1,55.18,0.0,10.71,Credit Card,Cancelled
ORD-105345,2024-06-06,CUST-00737,Liam Brown,Consumer,Mexico,South America,Electronics,Bluetooth Speaker,4,178.39,0.0,23.75,Credit Card,Completed
ORD-104956,2024-03-01,CUST-00377,Hiro Muller,Enterprise,Mexico,South America,Electronics,Bluetooth Speaker,1,45.73,0.0,23.41,Credit Card,Completed
ORD-102782,2024-12-06,CUST-00505,Priya Silva,,AUSTRALIA,Oceania,Apparel,Wool Socks,1,48.24,0.2,17.75,Credit Card,Completed
ORD-103864,2024-06-01,CUST-00586,Grace Zhang,Consumer,Mexico,South America,Office,Wireless Mouse,1,61.68,0.0,16.31,Gift Card,Completed
ORD-102918,2023-03-24,CUST-00395,Ana Johnson,Consumer,United States,North America,Office,Pen Pack,2,206.9936287363491,0.0,7.75,Credit Card,Completed
ORD-105952,2023-05-01,CUST-00584,Patricia Rodriguez,Small Business,United States,North America,Sports & Outdoors,Resistance Bands,1,127.42,0.0,23.44,Credit Card,Completed
ORD-105237,2023-11-01,CUST-00240,Elizabeth Williams,Small Business,BRAZIL,South America,Electronics,USB-C Cable,1,122.52,0.0,14.92,PayPal,Completed
ORD-106539,2023-07-21,CUST-00265,Mia Miller,Consumer,United States,North America,Electronics,Smartphone Case,2,147.06,0.0,16.74,Debit Card,Completed
ORD-101598,2024-07-26,CUST-00334,David Garcia,Consumer,Germany,Europe,Office,Standing Desk Mat,1,67.53,0.0,5.53,Gift Card,Completed
ORD-101468,2024-04-05,CUST-00120,Ines Khan,Consumer,Spain,Europe,Home & Kitchen,Blender,1,48.69,0.05,8.25,Credit Card,Cancelled
ORD-106690,2024-09-04,CUST-00170,Emma Costa,Consumer,United States,North America,Electronics,Smartphone Case,1,22.36,0.05,4.47,PayPal,Completed
ORD-103289,2024-05-28,CUST-00689,Noah Rodriguez,Enterprise,Germany,Europe,Beauty,Face Serum,2,19.5,0.0,13.8,Gift Card,Completed
ORD-104449,2023-11-01,CUST-00128,Tom Dubois,Small Business,Germany,Europe,Apparel,T-Shirt,1,88.94,0.05,11.65,Credit Card,Completed
ORD-104899,2024-09-23,CUST-00036,Linda Tanaka,Consumer,Canada,North America,Electronics,USB-C Cable,2,93.87,0.0,16.39,Credit Card,Completed
ORD-101124,2024-10-27,CUST-00097,Ines Kumar,Consumer,Singapore,Asia,Electronics,Laptop Stand,1,210.4,0.0,18.14,Credit Card,Completed
ORD-106354,2023-06-13,CUST-00491,Carlos Dubois,Consumer,United States,North America,Electronics,Laptop Stand,1,175.3,0.0,14.59,Bank Transfer,Completed
ORD-100227,2024-08-13,CUST-00574,Tom Costa,Consumer,Canada,North America,Apparel,Wool Socks,1,82.84,0.1,7.42,PayPal,Completed
ORD-101029,2024-08-01,CUST-00704,Emma Brown,Consumer,France,Europe,Beauty,Sunscreen SPF50,1,42.04,0.0,6.55,Gift Card,Cancelled
ORD-103670,2024-10-09,CUST-00678,Lucas Kumar,Consumer,Germany,Europe,Home & Kitchen,Storage Bin,1,111.54,0.0,7.2,Credit Card,Cancelled
ORD-103904,2024-03-04,CUST-00680,Elizabeth Smith,Small Business,India,Asia,Electronics,Laptop Stand,2,53.47,0.0,15.3,PayPal,Completed
ORD-106310,2024-04-22,CUST-00025,Grace Rossi,Consumer,United States,North America,Electronics,Headphones,1,53.82,0.05,23.92,Credit Card,Completed
ORD-100556,2024-05-05,CUST-00768,,Consumer,Germany,Europe,Electronics,Smartphone Case,1,38.04,0.1,17.44,Credit Card,Completed
ORD-102138,2024-08-26,CUST-00621,Mia Zhang,Enterprise,Mexico,South America,Sports & Outdoors,Resistance Bands,1,46.11,0.1,23.66,PayPal,Completed
ORD-105087,2024-04-02,CUST-00422,Liam Dubois,Consumer, japan ,Asia,Office,Wireless Mouse,1,17.95,0.0,13.36,PayPal,Completed
ORD-106852,2024-05-07,CUST-00501,Hiro Muller,Enterprise,United Kingdom,Europe,Office,Desk Organizer,1,66.16,0.0,13.74,Credit Card,Completed
ORD-103687,2024-03-04,CUST-00567,Sofia Nakamura,Small Business,Brazil,South America,Beauty,Shampoo,2,22.66,0.05,2.82,Gift Card,Completed
ORD-105993,2024-02-21,CUST-00311,Ana Garcia,Consumer,United Kingdom,Europe,Home & Kitchen,Coffee Maker,2,120.18,0.0,11.44,Bank Transfer,Completed
ORD-105498,2024-06-30,CUST-00349,Elizabeth Smith,Consumer,United States,North America,Beauty,Sunscreen SPF50,2,59.53,0.0,20.67,Bank Transfer,Completed
ORD-100708,2024-03-18,CUST-00636,Michael Rodriguez,Consumer,United States,North America,Home & Kitchen,Blender,1,84.95,0.1,19.19,Credit Card,Completed
ORD-105965,2024-08-28,CUST-00238,Olivia Muller,Small Business,Brazil,South America,Home & Kitchen,Throw Pillow,2,120.23,0.0,19.97,PayPal,Completed
ORD-106622,2023-04-13,CUST-00255,Lucas Smith,Consumer, brazil ,South America,Electronics,Headphones,1,70.0,0.0,5.48,Credit Card,Completed
ORD-105506,2024-04-13,CUST-00161,John Rodriguez,Consumer,France,Europe,Electronics,USB-C Cable,3,107.33,0.05,20.57,Debit Card,Completed
ORD-103729,2024-05-12,CUST-00460,Grace Rossi,Small Business,Germany,Europe,Home & Kitchen,Cutting Board,1,69.2,0.0,14.57,Gift Card,Completed
ORD-103659,2024-03-29,CUST-00395,Ana Johnson,Consumer,United States,North America,Home & Kitchen,Coffee Maker,1,72.85,0.0,16.8,Credit Card,Returned
ORD-100292,2024-07-23,CUST-00750,Elizabeth Silva,Consumer, united kingdom ,Europe,Beauty,Shampoo,1,51.05,0.0,3.12,Credit Card,Completed
ORD-104917,2024-07-30,CUST-00817,Chen Zhang,Consumer,Italy,Europe,Office,Standing Desk Mat,3,47.64,0.1,23.13,PayPal,Completed
ORD-101172,2024-02-03,CUST-00248,David Williams,Small Business,United States,North America,Beauty,Hair Dryer,2,32.08,0.0,14.32,Credit Card,Completed
ORD-103277,2023-12-21,CUST-00717,Sofia Khan,Consumer,Italy,Europe,Apparel,Wool Socks,2,28.2,0.1,3.88,Debit Card,Completed
ORD-102777,2024-01-05,CUST-00417,Fatima Rossi,Enterprise,United States,North America,Electronics,Laptop Stand,1,143.76,0.0,20.91,Credit Card,Completed
ORD-106762,2024-05-09,CUST-00234,James Garcia,Consumer,United Kingdom,Europe,Sports & Outdoors,Hiking Backpack,3,106.52,0.1,9.49,PayPal,Completed
ORD-105166,2024-05-24,CUST-00498,Fatima Costa,Small Business,Japan,Asia,Apparel,Denim Jacket,1,67.45,0.0,17.71,Credit Card,Completed
ORD-102677,2024-01-01,CUST-00587,Jennifer Dubois,Enterprise,United Kingdom,Europe,Sports & Outdoors,Water Bottle,1,174.94,0.0,17.52,Debit Card,Completed
ORD-104943,2024-01-05,CUST-00404,David Rodriguez,Small Business,Singapore,Asia,Electronics,Headphones,1,22.92,0.0,4.34,Debit Card,Returned
ORD-106697,2023-12-31,CUST-00235,Jennifer Brown,Small Business,United Kingdom,Europe,Electronics,Headphones,1,31.88,0.0,19.92,PayPal,Completed
ORD-106088,2024-07-04,CUST-00674,Elizabeth Davis,Small Business,United States,North America,Electronics,Bluetooth Speaker,2,128.94,0.0,8.89,Credit Card,Cancelled
ORD-100477,2023-09-29,CUST-00230,Raj Nakamura,Small Business,France,Europe,Electronics,Bluetooth Speaker,5,145.42,0.1,18.15,Bank Transfer,Completed
ORD-104596,2024-07-20,CUST-00428,Yuki Rodriguez,Consumer,Spain,Europe,Beauty,Shampoo,1,31.05,0.0,10.61,Credit Card,Completed
ORD-105740,2023-04-13,CUST-00363,Grace Khan,Small Business,Germany,Europe,Apparel,Wool Socks,2,84.19,0.0,14.62,Bank Transfer,Completed
ORD-106255,2024-09-25,CUST-00781,Elizabeth Brown,Consumer,India,Asia,Electronics,USB-C Cable,1,20.31,0.0,23.63,PayPal,Completed
ORD-102513,2024-08-30,CUST-00212,Mary Davis,Consumer,United States,North America,Office,Notebook Set,2,54.42,0.0,22.66,PayPal,Completed
ORD-102066,2023-09-18,CUST-00696,Priya Garcia,Consumer,United Kingdom,Europe,Office,Wireless Mouse,4,11.45,0.0,23.77,Bank Transfer,Completed
ORD-100104,2024-10-18,CUST-00365,Mia Garcia,Consumer,France,Europe,Apparel,Baseball Cap,2,44.26,0.1,14.95,Debit Card,Completed
ORD-104549,2024-01-28,CUST-00144,Yuki Costa,Enterprise,Japan,Asia,Home & Kitchen,Storage Bin,1,145.38,0.0,24.03,Credit Card,Completed
ORD-100524,2024-07-21,CUST-00336,Liam Davis,,United Kingdom,Europe,Electronics,USB-C Cable,2,196.22,0.0,2.52,PayPal,Completed
ORD-100067,2024-06-22,CUST-00231,Grace Garcia,Enterprise,Canada,North America,Beauty,Hair Dryer,2,44.14,0.0,2.02,PayPal,Completed
ORD-104567,2024-04-06,CUST-00241,Hiro Kumar,Consumer,United States,North America,Apparel,Denim Jacket,1,89.75,0.0,21.91,PayPal,Cancelled
ORD-105381,2023-08-28,CUST-00329,Chen Brown,Enterprise,United Kingdom,Europe,Apparel,T-Shirt,1,70.68,0.1,24.72,PayPal,Cancelled
ORD-105133,2024-01-02,CUST-00508,Elizabeth Kumar,Enterprise,India,Asia,Office,Notebook Set,2,26.76,0.0,7.91,Credit Card,Completed
ORD-103900,2024-07-08,CUST-00769,Raj Rodriguez,Consumer,France,Europe,Electronics,Smartphone Case,1,191.5,0.0,21.58,PayPal,Completed
ORD-101940,2023-05-17,CUST-00176,Emma Davis,Enterprise,Mexico,South America,Home & Kitchen,Throw Pillow,1,93.68,0.0,15.49,Debit Card,Completed
ORD-102667,2024-03-10,CUST-00370,Patricia Davis,Enterprise,UNITED STATES,North America,Home & Kitchen,Cutting Board,1,109.71,0.1,12.66,PayPal,Returned
ORD-101397,2024-05-05,CUST-00454,Olivia Brown,Small Business,United Kingdom,Europe,Electronics,Headphones,1,204.4,0.0,8.28,PayPal,Completed
ORD-102869,2023-09-12,CUST-00233,Grace Tanaka,,Italy,Europe,Sports & Outdoors,Water Bottle,2,107.26,0.1,15.53,Credit Card,Completed
ORD-100752,2023-11-17,CUST-00785,Ana Jones,Consumer,Germany,Europe,Apparel,Wool Socks,1,28.83,0.0,23.65,Gift Card,Completed
ORD-105255,2023-06-09,CUST-00082,Wei Kumar,Small Business,Australia,Oceania,Home & Kitchen,Blender,1,40.49,0.0,16.04,PayPal,Completed
ORD-104066,2023-11-28,CUST-00013,Sofia Williams,Consumer,Canada,North America,Home & Kitchen,Storage Bin,2,144.59,0.1,12.27,Debit Card,Cancelled
ORD-104221,2023-11-21,CUST-00081,David Costa,Small Business,Canada,North America,Sports & Outdoors,Camping Tent,2,145.06,0.0,17.67,PayPal,Completed
ORD-102107,2023-08-07,CUST-00467,Raj Zhang,Consumer,Germany,Europe,Home & Kitchen,Cutting Board,2,98.27,0.1,24.12,PayPal,Returned
ORD-105112,2024-05-10,CUST-00111,Jennifer Tanaka,Consumer,India,Asia,Electronics,USB-C Cable,2,78.18,0.0,19.74,Credit Card,Completed
ORD-106533,2024-02-16,CUST-00395,Ana Johnson,Consumer,United States,North America,Electronics,Laptop Stand,1,213.88,0.0,16.43,PayPal,Cancelled
ORD-106683,2023-02-14,CUST-00170,Emma Costa,Consumer,United States,North America,Home & Kitchen,Throw Pillow,2,84.26,0.05,23.48,Credit Card,Returned
ORD-102004,2023-07-17,CUST-00398,Ines Davis,Small Business,Mexico,South America,Home & Kitchen,Storage Bin,-1,28.64,0.0,4.51,Debit Card,Completed
ORD-103556,2024-08-25,CUST-00414,Robert Williams,Small Business,United Kingdom,Europe,Office,Standing Desk Mat,1,59.35,0.15,16.13,PayPal,Completed
ORD-100703,2024-06-25,CUST-00400,Liam Muller,Consumer,India,Asia,Apparel,Denim Jacket,1,79.73,0.05,2.52,Credit Card,Completed
ORD-100011,2024-08-09,CUST-00607,Noah Martinez,Small Business,Brazil,South America,Apparel,Wool Socks,1,78.76,0.1,18.78,Debit Card,Completed
ORD-106308,2024-07-06,CUST-00587,Jennifer Dubois,Enterprise,United Kingdom,Europe,Sports & Outdoors,Camping Tent,2,148.78,0.2,14.38,PayPal,Completed
ORD-102201,2024-05-13,CUST-00575,Ines Tanaka,Consumer,Germany,Europe,Home & Kitchen,Coffee Maker,2,134.01,0.0,17.45,Credit Card,Completed
ORD-102098,2024-01-17,CUST-00015,Lucas Tanaka,Consumer,SINGAPORE,Asia,Apparel,Wool Socks,2,15.11,0.15,4.17,Debit Card,Completed
ORD-102273,2024-07-26,CUST-00448,Priya Costa,Consumer,France,Europe,Sports & Outdoors,Camping Tent,1,15.83,0.0,4.25,Bank Transfer,Completed
ORD-100775,2024-02-09,CUST-00702,Ines Dubois,Small Business,India,Asia,Home & Kitchen,Throw Pillow,3,29.25,0.0,2.73,PayPal,Completed
ORD-100760,2024-04-16,CUST-00305,Hiro Dubois,Enterprise,Mexico,South America,Office,Wireless Mouse,1,35.57,0.1,20.81,Credit Card,Completed
ORD-104850,2024-07-05,CUST-00594,Jennifer Martinez,Consumer,Japan,Asia,Apparel,Wool Socks,1,32.41,0.0,18.85,Debit Card,Completed
ORD-105469,2024-02-01,CUST-00525,Ana Zhang,Small Business,United States,North America,Office,Desk Organizer,3,15.02,0.15,6.04,Debit Card,Cancelled
ORD-104207,2024-10-04,CUST-00050,,Consumer,United States,North America,Apparel,Running Shoes,1,77.69,0.0,7.28,Credit Card,Completed
ORD-105804,2023-08-23,CUST-00737,Liam Brown,Consumer,Mexico,South America,Sports & Outdoors,Yoga Mat,1,175.3,0.15,19.7,PayPal,Returned
ORD-100491,2023-10-10,CUST-00248,David Williams,Small Business,United States,North America,Apparel,Running Shoes,1,40.47,0.0,14.37,Credit Card,Completed
ORD-101191,2023-10-01,CUST-00143,Tom Jones,Small Business,United States,North America,Electronics,Smartphone Case,1,84.48,0.0,16.56,PayPal,Completed
ORD-104003,2024-05-08,CUST-00342,Sofia Kumar,Small Business,United Kingdom,Europe,Electronics,Smartphone Case,2,164.19,0.0,22.77,Debit Card,Completed
ORD-101090,2024-04-02,CUST-00709,Ines Davis,Consumer,United Kingdom,Europe,Apparel,Denim Jacket,1,25.63,0.15,7.48,Bank Transfer,Cancelled
ORD-101480,2024-03-05,CUST-00225,Jennifer Nakamura,Small Business,Spain,Europe,Office,Pen Pack,1,47.14,0.0,3.14,Credit Card,Returned
ORD-103202,2023-05-01,CUST-00122,Carlos Johnson,Small Business,United Kingdom,Europe,Beauty,Face Serum,2,13.03,0.1,21.47,Credit Card,Completed
ORD-106227,2024-08-24,CUST-00084,Ines Rodriguez,Small Business,Australia,Oceania,Sports & Outdoors,Camping Tent,2,131.91,0.0,14.81,Credit Card,Completed
ORD-102073,2024-06-19,CUST-00305,Hiro Dubois,Enterprise,Mexico,South America,Electronics,Laptop Stand,2,15.3,0.0,23.43,PayPal,Completed
ORD-100072,2023-10-25,CUST-00490,Fatima Jones,Small Business,United States,North America,Electronics,Smartphone Case,2,128.45,0.0,10.93,PayPal,Completed
ORD-106948,2023-10-12,CUST-00361,Fatima Jones,Enterprise,Brazil,South America,Office,Desk Organizer,1,51.35,0.1,8.76,Credit Card,Completed
ORD-101853,2024-01-21,CUST-00598,Michael Miller,Consumer,India,Asia,Electronics,USB-C Cable,1,21.0,0.0,9.02,PayPal,Completed
ORD-102728,2024-04-11,CUST-00555,Sofia Khan,Consumer,Brazil,South America,Office,Desk Organizer,1,44.75,0.15,,Credit Card,Completed
ORD-104422,2024-02-12,CUST-00196,Lucas Silva,Consumer,United Kingdom,Europe,Electronics,Laptop Stand,1,60.18,0.0,17.64,PayPal,Completed
ORD-103849,2023-12-26,CUST-00159,Tom Garcia,Consumer,Germany,Europe,Home & Kitchen,Cutting Board,1,106.62,0.0,19.09,Debit Card,Returned
ORD-100825,2024-06-14,CUST-00066,Ana Brown,Consumer,Australia,Oceania,Electronics,Smartphone Case,2,124.3,0.0,24.64,Credit Card,Completed
ORD-100387,2024-09-20,CUST-00110,Noah Kumar,Small Business,United Kingdom,Europe,Electronics,USB-C Cable,3,38.94,0.0,10.48,PayPal,Completed
ORD-100348,2024-04-28,CUST-00536,Tom Garcia,Enterprise,Canada,North America,Office,Wireless Mouse,1,14.88,0.05,10.51,Gift Card,Completed
ORD-103673,2024-08-28,CUST-00616,Ahmed Silva,Consumer,Italy,Europe,Apparel,Wool Socks,2,23.72,0.0,12.57,Bank Transfer,Completed
ORD-102808,2024-01-05,CUST-00460,Grace Rossi,Small Business,Germany,Europe,Electronics,Bluetooth Speaker,1,119.59,0.0,10.53,PayPal,Cancelled
ORD-105313,2024-08-10,CUST-00369,Linda Williams,Small Business,United States,North America,Electronics,Laptop Stand,1,122.33,0.0,16.14,PayPal,Completed
ORD-100469,2024-07-08,CUST-00505,Priya Silva,Small Business,Australia,Oceania,Home & Kitchen,Throw Pillow,2,100.0,0.0,20.85,Credit Card,Completed
ORD-101419,2024-07-31,CUST-00444,Yuki Brown,Small Business,Germany,Europe,Home & Kitchen,Cutting Board,2,86.03,0.0,12.46,Credit Card,Completed
ORD-104936,2024-10-11,CUST-00227,Wei Williams,,United States,North America,Home & Kitchen,Throw Pillow,5,142.99,0.0,16.43,Credit Card,Completed
ORD-100342,2024-03-23,CUST-00833,Grace Zhang,Consumer,Japan,Asia,Home & Kitchen,Coffee Maker,1,99.83,0.0,15.98,Debit Card,Completed
ORD-101300,2024-09-01,CUST-00174,Sofia Costa,Small Business,United Kingdom,Europe,Electronics,Headphones,1,82.41,0.0,11.44,Credit Card,Completed
ORD-102228,2024-02-25,CUST-00239,David Khan,Consumer,France,Europe,Electronics,Laptop Stand,3,18.56,0.0,16.88,Debit Card,Completed
ORD-101620,2024-05-31,CUST-00445,,Enterprise,Mexico,South America,Office,Desk Organizer,4,23.15,0.0,18.19,Credit Card,Completed
ORD-102491,2024-02-23,CUST-00667,James Costa,Consumer,Singapore,Asia,Beauty,Face Serum,2,33.03,0.05,2.71,Bank Transfer,Completed
ORD-104841,2024-05-06,CUST-00487,Lucas Dubois,Consumer,Japan,Asia,Apparel,Denim Jacket,1,66.45,0.05,2.86,Gift Card,Completed
ORD-103176,2023-11-26,CUST-00409,,Enterprise,Germany,Europe,Office,Wireless Mouse,1,16.47,0.0,3.29,PayPal,Completed
ORD-104797,2024-06-19,CUST-00221,Patricia Garcia,Enterprise,United States,North America,Office,Standing Desk Mat,1,51.52,0.0,8.47,PayPal,Completed
ORD-106553,2023-10-31,CUST-00139,Chen Smith,Consumer,United States,North America,Electronics,USB-C Cable,1,149.88,0.0,22.86,PayPal,Completed
ORD-101928,2024-07-21,CUST-00304,John Garcia,Small Business,Australia,Oceania,Sports & Outdoors,Camping Tent,1,124.39,0.0,8.67,Credit Card,Completed
ORD-104528,2024-01-26,CUST-00398,Ines Davis,Small Business,Mexico,South America,Sports & Outdoors,Water Bottle,1,41.29,0.0,14.12,Credit Card,Completed
ORD-100720,2024-10-06,CUST-00223,Ahmed Costa,Enterprise,United Kingdom,Europe,Apparel,Baseball Cap,1,67.27,0.05,21.02,Credit Card,Completed
ORD-106405,2024-09-01,CUST-00439,Lucas Smith,Small Business,France,Europe,Home & Kitchen,Cutting Board,1,42.11,0.0,20.84,PayPal,Completed
ORD-105354,2024-02-12,CUST-00764,David Garcia,Enterprise,India,Asia,Beauty,Face Serum,1,36.36,0.0,17.66,Gift Card,Completed
ORD-104013,2024-07-16,CUST-00059,Jennifer Brown,Consumer,Germany,Europe,Electronics,USB-C Cable,1,127.01,0.0,15.39,Credit Card,Completed
ORD-103181,2023-03-02,CUST-00132,James Muller,,Germany,Europe,Home & Kitchen,Storage Bin,2,46.29,0.0,15.28,Bank Transfer,Cancelled
ORD-101654,2024-05-27,CUST-00154,,Consumer,United States,North America,Home & Kitchen,Coffee Maker,1,35.55,0.0,9.61,Credit Card,Completed
ORD-100750,2024-07-18,CUST-00090,Olivia Brown,Consumer,United States,North America,Electronics,USB-C Cable,1,47.78,0.0,23.48,PayPal,Completed
ORD-100689,2024-07-26,CUST-00568,John Nakamura,Consumer,Spain,Europe,Apparel,T-Shirt,2,40.92,0.1,19.91,PayPal,Completed
ORD-105959,2024-09-20,CUST-00599,Mia Dubois,Consumer,France,Europe,Electronics,Headphones,2,62.87,0.0,17.04,PayPal,Completed
ORD-104697,2024-09-18,CUST-00083,Ana Silva,Consumer, united kingdom ,Europe,Beauty,Face Serum,2,49.95,0.15,10.64,Credit Card,Completed
ORD-103373,2023-09-16,CUST-00522,Fatima Dubois,Small Business,Germany,Europe,Home & Kitchen,Storage Bin,1,106.97,0.0,3.39,PayPal,Completed
ORD-103097,2024-02-25,CUST-00759,Emma Rossi,Consumer,France,Europe,Apparel,Wool Socks,1,19.2,0.0,12.87,Gift Card,Completed
ORD-101559,2023-09-18,CUST-00474,Michael Nakamura,Small Business,Germany,Europe,Office,Standing Desk Mat,1,25.27,0.0,12.52,Credit Card,Completed
ORD-101082,2023-05-16,CUST-00753,Patricia Dubois,Small Business,United States,North America,Office,Standing Desk Mat,1,67.12,0.0,6.64,PayPal,Completed
ORD-103472,2023-12-26,CUST-00333,David Silva,Consumer,Mexico,South America,Apparel,Wool Socks,1,88.13,0.0,17.73,PayPal,Cancelled
ORD-101854,2024-08-05,CUST-00393,Carlos Martinez,Consumer,UNITED STATES,North America,Electronics,Smartphone Case,2,161.54,0.0,22.38,Bank Transfer,Completed
ORD-104849,2023-11-27,CUST-00796,David Khan,Enterprise,UNITED STATES,North America,Apparel,Running Shoes,1,59.48,0.0,8.19,Credit Card,Completed
ORD-106224,2024-09-16,CUST-00001,Robert Khan,Consumer,Australia,Oceania,Office,Pen Pack,1,7.27,0.1,20.66,Credit Card,Completed
ORD-105626,2024-05-19,CUST-00826,Elizabeth Johnson,Consumer,United States,North America,Electronics,Laptop Stand,1,188.82,0.1,13.39,Credit Card,Completed
ORD-106877,2023-11-18,CUST-00019,Liam Tanaka,Small Business,Germany,Europe,Sports & Outdoors,Resistance Bands,1,29.65,0.0,19.51,Credit Card,Completed
ORD-106853,2023-04-15,CUST-00594,,Consumer,Japan,Asia,Beauty,Face Serum,1,19.9,0.05,2.11,PayPal,Completed
ORD-102660,2024-09-21,CUST-00338,Mia Zhang,Consumer,Brazil,South America,Home & Kitchen,Blender,1,44.43,0.05,17.81,Credit Card,Completed
ORD-106881,2023-10-12,CUST-00001,Robert Khan,Consumer,Australia,Oceania,Sports & Outdoors,Resistance Bands,1,26.37,0.05,22.64,Credit Card,Completed
ORD-102190,2024-06-30,CUST-00213,Ines Muller,Small Business,Japan,Asia,Sports & Outdoors,Hiking Backpack,2,121.72,0.0,,Credit Card,Completed
ORD-103990,2023-09-20,CUST-00660,Olivia Dubois,Small Business,United States,North America,Office,Notebook Set,1,5.54,0.0,17.11,Credit Card,Completed
ORD-101532,2023-12-09,CUST-00086,Grace Tanaka,Small Business,United States,North America,Apparel,T-Shirt,2,84.4,0.05,9.6,Credit Card,Returned
ORD-104847,2024-05-04,CUST-00528,John Miller,,Canada,North America,Office,Notebook Set,2,26.66,0.1,21.09,Credit Card,Completed
ORD-106860,2023-11-05,CUST-00643,Patricia Davis,Small Business,United States,North America,Sports & Outdoors,Camping Tent,1,113.52,0.0,18.23,Debit Card,Completed
ORD-100339,2023-03-07,CUST-00236,Mary Zhang,Small Business,Japan,Asia,Apparel,Denim Jacket,3,59.96,0.0,15.21,PayPal,Completed
ORD-102348,2024-05-02,CUST-00049,Noah Martinez,Consumer,United Kingdom,Europe,Beauty,Hair Dryer,1,43.09,0.0,6.79,Bank Transfer,Completed
ORD-104486,2024-02-06,CUST-00203,Sofia Rossi,Consumer,India,Asia,Electronics,Laptop Stand,1,111.5,0.0,11.08,Bank Transfer,Completed
ORD-101252,2023-07-22,CUST-00315,Lucas Brown,Consumer,Germany,Europe,Beauty,Hair Dryer,2,43.1,0.0,24.24,PayPal,Completed
ORD-101893,2023-12-30,CUST-00119,Liam Martinez,Consumer,India,Asia,Electronics,Headphones,1,98.06,0.0,8.81,PayPal,Completed
ORD-104053,2024-07-16,CUST-00740,Olivia Dubois,Enterprise,United Kingdom,Europe,Sports & Outdoors,Camping Tent,2,47.64,0.2,16.39,Debit Card,Completed
ORD-103671,2024-10-05,CUST-00435,Ana Khan,Consumer,Singapore,Asia,Apparel,Denim Jacket,1,65.37,0.15,2.8,Debit Card,Returned
ORD-100569,2024-10-20,CUST-00769,Raj Rodriguez,Consumer,France,Europe,Electronics,Laptop Stand,2,107.43,0.0,16.55,PayPal,Cancelled
ORD-103454,2024-03-19,CUST-00655,Mia Zhang,Consumer,India,Asia,Electronics,USB-C Cable,1,187.3,0.0,11.51,Bank Transfer,Completed
ORD-106940,2023-11-14,CUST-00657,Emma Martinez,Consumer,United Kingdom,Europe,Apparel,Wool Socks,4,61.95,0.0,7.1,Credit Card,Returned
ORD-100437,2023-05-24,CUST-00490,Fatima Jones,Small Business,UNITED STATES,North America,Sports & Outdoors,Yoga Mat,1,82.02,0.0,19.42,PayPal,Completed
ORD-101560,2023-03-19,CUST-00213,Ines Muller,Small Business,Japan,Asia,Sports & Outdoors,Hiking Backpack,1,176.81,0.05,24.98,Debit Card,Completed
ORD-104980,2024-02-18,CUST-00443,Grace Davis,Consumer,Canada,North America,Apparel,T-Shirt,1,57.83,0.0,23.13,PayPal,Completed
ORD-100656,2024-03-19,CUST-00659,Grace Brown,Consumer,Germany,Europe,Beauty,Face Serum,2,11.07,0.15,4.09,Credit Card,Cancelled
ORD-100555,2024-09-02,CUST-00523,,Consumer,Germany,Europe,Electronics,Bluetooth Speaker,4,69.96,0.0,16.91,Bank Transfer,Completed
ORD-104791,2024-04-11,CUST-00049,Noah Martinez,Consumer,United Kingdom,Europe,Electronics,Headphones,1,148.5,0.1,20.44,Credit Card,Completed
ORD-102043,2023-08-20,CUST-00719,Fatima Silva,Small Business,United States,North America,Sports & Outdoors,Camping Tent,2,160.48,0.15,12.76,PayPal,Completed
ORD-105126,2024-11-16,CUST-00447,Tom Rossi,Consumer,United States,North America,Electronics,Bluetooth Speaker,2,55.95,0.0,6.01,Credit Card,Completed
ORD-104455,2024-08-15,CUST-00611,Noah Martinez,Enterprise,Germany,Europe,Apparel,Wool Socks,2,84.01,0.0,5.28,Credit Card,Completed
ORD-100603,2023-05-20,CUST-00692,Ahmed Rossi,Consumer,France,Europe,Beauty,Face Serum,1,13.25,0.0,19.94,Gift Card,Completed
ORD-100612,2024-02-27,CUST-00420,Patricia Costa,Consumer,Mexico,South America,Beauty,Sunscreen SPF50,2,54.99,0.15,15.54,PayPal,Completed
ORD-102358,2023-11-27,CUST-00483,Wei Dubois,Consumer,Spain,Europe,Sports & Outdoors,Water Bottle,1,78.01,0.0,23.17,Credit Card,Completed
ORD-104205,2024-07-10,CUST-00622,Patricia Kumar,Small Business,Australia,Oceania,Electronics,Smartphone Case,1,158.99,0.0,4.58,Credit Card,Completed
ORD-104040,2024-02-03,CUST-00368,Mary Miller,Small Business,Singapore,Asia,Beauty,Lip Balm,1,38.31,0.0,18.26,PayPal,Completed
ORD-102472,2024-08-20,CUST-00185,Elizabeth Brown,Enterprise,United States,North America,Sports & Outdoors,Resistance Bands,2,175.68,0.2,16.42,Credit Card,Completed
ORD-101734,2024-09-12,CUST-00814,Yuki Khan,Enterprise,United States,North America,Sports & Outdoors,Hiking Backpack,1,132.08,0.0,9.84,PayPal,Completed
ORD-106580,2023-10-22,CUST-00362,Elizabeth Costa,Enterprise,India,Asia,Beauty,Face Serum,1,47.32,0.0,23.62,Credit Card,Completed
ORD-104645,2024-09-28,CUST-00395,Ana Johnson,Consumer,United States,North America,Office,Standing Desk Mat,1,56.67,0.0,23.06,Credit Card,Completed
ORD-100152,2024-04-26,CUST-00589,Jennifer Williams,Consumer,Mexico,South America,Apparel,Baseball Cap,1,78.97,0.0,9.01,PayPal,Completed
ORD-105536,2023-09-07,CUST-00706,Robert Dubois,Consumer,United States,North America,Home & Kitchen,Cutting Board,2,42.14,0.1,5.65,PayPal,Completed
ORD-106452,2024-08-24,CUST-00837,Mary Kumar,Small Business,Germany,Europe,Sports & Outdoors,Hiking Backpack,2,55.7,0.2,21.32,PayPal,Completed
ORD-104266,2023-06-08,CUST-00183,Chen Davis,Consumer,India,Asia,Home & Kitchen,Throw Pillow,1,145.58,0.0,10.32,Credit Card,Cancelled
ORD-102074,2024-07-17,CUST-00594,Jennifer Martinez,Consumer,Japan,Asia,Electronics,Laptop Stand,1,157.2,0.0,2.72,PayPal,Completed
ORD-100783,2023-09-07,CUST-00758,Ines Silva,Small Business,Singapore,Asia,Beauty,Sunscreen SPF50,3,10.36,0.0,13.35,PayPal,Completed
ORD-103054,2024-01-28,CUST-00160,Hiro Silva,Small Business,United Kingdom,Europe,Sports & Outdoors,Resistance Bands,2,164.71,0.05,13.34,Credit Card,Cancelled
ORD-100167,2023-12-10,CUST-00639,Yuki Brown,Consumer, italy ,Europe,Home & Kitchen,Blender,1,47.11,0.05,23.84,Debit Card,Completed
ORD-103790,2024-02-12,CUST-00338,Mia Zhang,Consumer,Brazil,South America,Home & Kitchen,Throw Pillow,1,117.87,0.0,18.62,PayPal,Completed
ORD-105292,2024-03-02,CUST-00517,Jennifer Miller,Consumer,United States,North America,Apparel,T-Shirt,3,51.67,0.0,13.37,Credit Card,Returned
ORD-106463,2024-08-12,CUST-00627,Mia Kumar,Consumer,Germany,Europe,Sports & Outdoors,Resistance Bands,2,174.43,0.0,20.03,Credit Card,Completed
ORD-105909,2024-08-06,CUST-00821,Grace Rossi,Small Business,United States,North America,Home & Kitchen,Blender,1,56.16,0.0,16.56,Gift Card,Completed
ORD-104947,2023-09-23,CUST-00404,David Rodriguez,Small Business,Singapore,Asia,Electronics,Headphones,1,125.4,0.0,2.18,PayPal,Returned
ORD-100143,2024-06-15,CUST-00683,Wei Rodriguez,Consumer,United States,North America,Apparel,Baseball Cap,1,58.92,0.0,8.68,PayPal,Completed
ORD-101987,2024-06-26,CUST-00718,John Smith,Small Business,JAPAN,Asia,Sports & Outdoors,Hiking Backpack,1,155.47,0.0,8.85,Gift Card,Completed
ORD-105910,2024-07-01,CUST-00066,Ana Brown,Consumer,Australia,Oceania,Sports & Outdoors,Yoga Mat,1,43.46,0.0,20.85,Credit Card,Completed
ORD-105570,2023-10-14,CUST-00563,Elizabeth Kumar,Consumer,France,Europe,Apparel,Running Shoes,2,67.55,0.0,8.09,Credit Card,Completed
ORD-105969,2024-05-24,CUST-00746,Ahmed Rossi,Consumer,United Kingdom,Europe,Office,Wireless Mouse,2,53.38,0.0,13.76,Credit Card,Completed
ORD-104060,2023-10-01,CUST-00210,Mia Johnson,Consumer,Japan,Asia,Home & Kitchen,Coffee Maker,2,14.01,0.1,18.4,Credit Card,Completed
ORD-103444,2024-10-24,CUST-00692,Ahmed Rossi,Consumer,France,Europe,Electronics,Bluetooth Speaker,1,209.75,0.0,19.06,PayPal,Returned
ORD-103982,2024-09-30,CUST-00482,Ines Johnson,Consumer,France,Europe,Apparel,Denim Jacket,1,69.83,0.0,4.69,Credit Card,Completed
ORD-102694,2023-07-21,CUST-00226,Mary Davis,Enterprise,Germany,Europe,Apparel,Denim Jacket,2,58.45,0.0,10.73,Credit Card,Returned
ORD-100990,2024-02-12,CUST-00537,James Rodriguez,Consumer,Canada,North America,Electronics,USB-C Cable,1,168.68,0.0,3.22,Gift Card,Completed
ORD-103423,2023-06-26,CUST-00131,Raj Silva,Consumer,France,Europe,Electronics,Bluetooth Speaker,1,181.97,0.0,16.59,Bank Transfer,Cancelled
ORD-101759,2024-03-14,CUST-00331,Mia Silva,Small Business,Japan,Asia,Electronics,USB-C Cable,2,125.82,0.0,23.35,Bank Transfer,Completed
ORD-102370,2024-12-08,CUST-00580,David Jones,Consumer,Japan,Asia,Electronics,Laptop Stand,2,102.82,0.1,20.8,PayPal,Cancelled
ORD-101022,2024-05-27,CUST-00165,Olivia Muller,Consumer,Japan,Asia,Apparel,Wool Socks,1,89.44,0.0,22.77,Credit Card,Completed
ORD-106638,2023-09-19,CUST-00565,Hiro Jones,Small Business,Italy,Europe,Apparel,Baseball Cap,1,20.83,0.05,23.53,Credit Card,Completed
ORD-100867,2024-09-08,CUST-00037,Robert Johnson,Enterprise,Germany,Europe,Apparel,Running Shoes,1,54.3,0.1,8.07,PayPal,Completed
ORD-103021,2023-12-13,CUST-00713,Ines Miller,Small Business,INDIA,Asia,Home & Kitchen,Storage Bin,1,137.02,0.0,23.52,Credit Card,Completed
ORD-106396,2024-05-26,CUST-00767,Raj Smith,,Brazil,South America,Office,Notebook Set,2,27.94,0.0,13.62,PayPal,Completed
ORD-106286,2024-08-19,CUST-00346,Jennifer Silva,Consumer,United Kingdom,Europe,Electronics,USB-C Cable,2,173.89,0.0,10.54,Credit Card,Completed
ORD-101698,2024-05-12,CUST-00395,Ana Johnson,Consumer,United States,North America,Office,Pen Pack,1,19.35,0.0,11.21,Debit Card,Completed
ORD-100328,2024-09-16,CUST-00713,Ines Miller,Small Business,India,Asia,Home & Kitchen,Cutting Board,1,145.01,0.0,7.86,Credit Card,Completed
ORD-106997,2023-12-03,CUST-00263,Ana Costa,Consumer,Japan,Asia,Electronics,Laptop Stand,1,56.32,0.0,14.17,PayPal,Completed
ORD-100804,2024-07-14,CUST-00207,James Williams,Consumer,Japan,Asia,Sports & Outdoors,Resistance Bands,1,40.78,0.0,7.15,PayPal,Completed
ORD-106908,2024-10-09,CUST-00632,Jennifer Smith,Consumer,United States,North America,Beauty,Shampoo,1,35.27,0.1,14.29,PayPal,Completed
ORD-105356,2024-03-15,CUST-00827,John Davis,Enterprise,Germany,Europe,Office,Desk Organizer,1,36.83,0.0,8.59,Credit Card,Completed
ORD-106787,2024-04-25,CUST-00207,James Williams,Consumer,Japan,Asia,Home & Kitchen,Coffee Maker,1,56.31,0.0,,Debit Card,Completed
ORD-102904,2024-06-04,CUST-00707,Tom Williams,Consumer,Canada,North America,Home & Kitchen,Coffee Maker,1,129.19,0.0,,Debit Card,Completed
ORD-104839,2024-07-21,CUST-00812,Liam Miller,Small Business,Brazil,South America,Sports & Outdoors,Yoga Mat,2,13.4,0.0,21.37,PayPal,Completed
ORD-104677,2024-02-08,CUST-00215,Priya Smith,Consumer,Spain,Europe,Home & Kitchen,Storage Bin,2,92.89,0.0,22.6,Credit Card,Completed
ORD-104162,2023-12-30,CUST-00014,Noah Muller,Consumer,Singapore,Asia,Electronics,Laptop Stand,1,37.01,0.2,17.07,Credit Card,Completed
ORD-104745,2024-03-20,CUST-00339,Emma Miller,Consumer,Italy,Europe,Electronics,Bluetooth Speaker,1,73.99,0.0,11.82,Credit Card,Returned
ORD-100402,2024-07-12,CUST-00258,Robert Zhang,Consumer,Singapore,Asia,Apparel,Baseball Cap,1,35.97,0.1,17.0,PayPal,Completed
ORD-103414,2024-09-01,CUST-00445,,Enterprise,Mexico,South America,Home & Kitchen,Cutting Board,2,149.46,0.0,2.17,PayPal,Completed
ORD-101347,2024-04-12,CUST-00132,James Muller,Consumer,Germany,Europe,Electronics,Headphones,1,184.49,0.0,12.58,Credit Card,Completed
ORD-102392,2024-06-05,CUST-00774,Lucas Dubois,Consumer,United States,North America,Apparel,Wool Socks,2,25.51,0.0,16.78,Debit Card,Completed
ORD-101268,2024-11-15,CUST-00443,Grace Davis,Consumer,Canada,North America,Beauty,Hair Dryer,1,17.5,0.05,5.61,Bank Transfer,Completed
ORD-101444,2024-05-31,CUST-00626,Olivia Khan,Consumer,UNITED KINGDOM,Europe,Office,Notebook Set,1,28.3,0.0,14.44,Debit Card,Completed
ORD-106120,2023-07-06,CUST-00258,Robert Zhang,Consumer,Singapore,Asia,Electronics,USB-C Cable,1,108.46,0.1,18.9,PayPal,Completed
ORD-100186,2024-07-08,CUST-00074,Robert Davis,Consumer,Germany,Europe,Electronics,Headphones,2,215.06,0.0,2.32,Credit Card,Completed
ORD-104763,2024-07-20,CUST-00267,,Small Business,India,Asia,Electronics,USB-C Cable,1,116.39,0.05,24.69,PayPal,Completed
ORD-102086,2024-01-25,CUST-00424,Emma Martinez,Enterprise,United Kingdom,Europe,Apparel,Wool Socks,4,60.47,0.05,11.86,PayPal,Completed
ORD-100097,2023-11-21,CUST-00403,Ines Silva,Consumer,Canada,North America,Beauty,Shampoo,1,48.27,0.1,21.8,Credit Card,Completed
ORD-106926,2024-05-11,CUST-00440,Robert Smith,Small Business,Australia,Oceania,Beauty,Lip Balm,1,16.01,0.15,22.57,Bank Transfer,Completed
ORD-106700,2024-11-13,CUST-00425,Fatima Davis,Consumer,United States,North America,Apparel,Running Shoes,1,40.55,0.1,21.87,Credit Card,Completed
ORD-102120,2023-07-23,CUST-00183,Chen Davis,Consumer,India,Asia,Office,Notebook Set,1,64.83,0.0,21.57,PayPal,Completed
ORD-104580,2024-10-11,CUST-00279,Emma Tanaka,Consumer,India,Asia,Sports & Outdoors,Water Bottle,2,175.28,0.15,10.17,PayPal,Completed
ORD-105535,2024-06-09,CUST-00645,Lucas Khan,Small Business,India,Asia,Office,Wireless Mouse,2,24.17,0.05,18.01,PayPal,Completed
ORD-101753,2023-02-24,CUST-00657,Emma Martinez,Consumer,United Kingdom,Europe,Sports & Outdoors,Water Bottle,2,111.97,0.0,10.15,PayPal,Completed
ORD-100470,2024-04-03,CUST-00076,Tom Dubois,Consumer,France,Europe,Office,Wireless Mouse,1,38.08,0.0,14.6,Credit Card,Completed
ORD-104796,2024-07-17,CUST-00374,Liam Rossi,Small Business,United States,North America,Office,Standing Desk Mat,2,57.69,0.15,21.42,Debit Card,Completed
ORD-101660,2023-09-26,CUST-00845,Emma Muller,Consumer,Brazil,South America,Apparel,T-Shirt,1,84.03,0.0,7.8,PayPal,Completed
ORD-103763,2024-06-22,CUST-00052,Elizabeth Zhang,Consumer,Italy,Europe,Home & Kitchen,Throw Pillow,1,139.54,0.0,10.84,PayPal,Completed
ORD-103239,2023-09-29,CUST-00169,Ana Kumar,Small Business,United Kingdom,Europe,Office,Wireless Mouse,1,37.43,0.05,7.38,Credit Card,Completed
ORD-103826,2023-11-08,CUST-00694,Jennifer Smith,Consumer,United States,North America,Electronics,Bluetooth Speaker,1,57.11,0.0,17.39,Credit Card,Completed
ORD-101477,2024-07-30,CUST-00037,Robert Johnson,Enterprise,Germany,Europe,Electronics,Headphones,4,194.84,0.0,14.26,PayPal,Completed
ORD-106786,2023-12-28,CUST-00484,Hiro Jones,Small Business,Spain,Europe,Home & Kitchen,Blender,1,72.01,0.05,20.87,PayPal,Completed
ORD-103159,2024-04-22,CUST-00026,Chen Garcia,Consumer,Italy,Europe,Home & Kitchen,Throw Pillow,1,80.6,0.0,13.49,Credit Card,Completed
ORD-104026,2024-01-19,CUST-00732,Linda Johnson,Consumer,Japan,Asia,Office,Pen Pack,4,68.2,0.05,19.05,Bank Transfer,Completed
ORD-105731,2024-06-27,CUST-00089,Ines Dubois,Consumer,United Kingdom,Europe,Electronics,Laptop Stand,2,165.51,0.0,18.82,Credit Card,Completed
ORD-106920,2023-12-19,CUST-00263,Ana Costa,Consumer,Japan,Asia,Apparel,Baseball Cap,1,27.78,0.0,12.15,Credit Card,Completed
ORD-101378,2024-08-23,CUST-00669,Jennifer Williams,Enterprise,Germany,Europe,Apparel,T-Shirt,1,9.08,0.1,11.89,Debit Card,Completed
ORD-103042,2023-06-02,CUST-00761,Liam Rodriguez,Consumer,United Kingdom,Europe,Beauty,Lip Balm,3,35.38,0.1,15.14,Credit Card,Completed
ORD-101222,2023-08-10,CUST-00753,Patricia Dubois,Small Business,United States,North America,Office,Pen Pack,1,14.88,0.0,20.48,Bank Transfer,Completed
ORD-105199,2023-04-30,CUST-00031,Tom Brown,Small Business,Germany,Europe,Home & Kitchen,Throw Pillow,1,98.52,0.0,6.09,Credit Card,Returned
ORD-106502,2024-05-24,CUST-00574,Tom Costa,Consumer,Canada,North America,Sports & Outdoors,Resistance Bands,3,91.92,0.05,10.1,Debit Card,Completed
ORD-102199,2024-05-09,CUST-00402,Priya Tanaka,Consumer,United States,North America,Apparel,Denim Jacket,1,41.78,0.0,7.17,PayPal,Completed
ORD-102213,2024-12-07,CUST-00262,Grace Silva,Enterprise,United Kingdom,Europe,Beauty,Face Serum,1,40.4,0.1,5.32,Debit Card,Completed
ORD-104058,2024-08-15,CUST-00644,Elizabeth Rodriguez,Small Business,Spain,Europe,Electronics,Headphones,2,60.47,0.0,4.13,Credit Card,Completed
ORD-100944,2024-05-15,CUST-00372,Raj Dubois,Enterprise,United States,North America,Sports & Outdoors,Camping Tent,1,173.99,0.05,8.56,PayPal,Completed
ORD-100242,2024-03-25,CUST-00295,Olivia Dubois,Consumer,United States,North America,Apparel,T-Shirt,1,29.92,0.0,9.74,Debit Card,Completed
ORD-101927,2023-07-30,CUST-00161,John Rodriguez,Consumer,France,Europe,Home & Kitchen,Cutting Board,1,100.66,0.0,14.53,Debit Card,Completed
ORD-102604,2024-11-08,CUST-00742,Elizabeth Brown,Enterprise,Canada,North America,Office,Wireless Mouse,1,56.29,0.1,14.76,Credit Card,Returned
ORD-100527,2024-10-08,CUST-00125,Hiro Davis,Consumer,United States,North America,Sports & Outdoors,Hiking Backpack,1,29.84,0.0,10.47,Credit Card,Completed
ORD-103786,2024-07-16,CUST-00721,Mia Rodriguez,Consumer,United Kingdom,Europe,Home & Kitchen,Storage Bin,4,116.83,0.2,15.8,Credit Card,Cancelled
ORD-101160,2024-08-05,CUST-00107,Linda Garcia,Enterprise,Brazil,South America,Apparel,T-Shirt,2,40.34,0.15,2.79,PayPal,Completed
ORD-105275,2024-03-09,CUST-00243,Mary Jones,Consumer,Germany,Europe,Office,Pen Pack,1,25.86,0.0,19.93,Credit Card,Completed
ORD-104548,2024-06-30,CUST-00094,Hiro Rossi,Consumer,United States,North America,Apparel,Denim Jacket,1,18.51,0.05,5.38,Gift Card,Completed
ORD-102961,2023-05-27,CUST-00189,Noah Silva,Small Business,India,Asia,Beauty,Shampoo,2,45.83,0.1,13.42,Credit Card,Completed
ORD-102253,2024-04-17,CUST-00599,Mia Dubois,Consumer,FRANCE,Europe,Home & Kitchen,Storage Bin,1,103.29,0.2,10.1,Debit Card,Completed
ORD-105789,2023-09-24,CUST-00675,Ahmed Smith,Consumer,Germany,Europe,Electronics,Smartphone Case,1,158.51,0.0,3.69,Bank Transfer,Completed
ORD-104294,2024-10-16,CUST-00791,Linda Martinez,Consumer,United Kingdom,Europe,Electronics,USB-C Cable,1,21.27,0.0,2.07,Debit Card,Completed
ORD-102326,2023-08-08,CUST-00709,Ines Davis,Consumer,United Kingdom,Europe,Electronics,Smartphone Case,2,74.5,0.0,22.29,Bank Transfer,Completed
ORD-105880,2024-11-07,CUST-00667,James Costa,Consumer,Singapore,Asia,Electronics,Laptop Stand,2,23.91,0.2,18.44,PayPal,Completed
ORD-101479,2024-03-13,CUST-00154,,Consumer,United States,North America,Office,Pen Pack,2,63.48,0.0,18.15,Bank Transfer,Completed
ORD-103989,2023-08-01,CUST-00079,Jennifer Dubois,Small Business,Germany,Europe,Apparel,Denim Jacket,1,43.4,0.2,8.81,Gift Card,Completed
ORD-105538,2024-05-19,CUST-00074,Robert Davis,Consumer,Germany,Europe,Apparel,Baseball Cap,2,45.41,0.1,4.92,Credit Card,Completed
ORD-104350,2023-12-30,CUST-00449,Mia Nakamura,Small Business,Germany,Europe,Apparel,Wool Socks,5,48.79,0.1,23.76,Debit Card,Completed
ORD-100321,2024-03-23,CUST-00021,Sofia Muller,Consumer,France,Europe,Beauty,Shampoo,2,28.48,0.0,21.09,Credit Card,Returned
ORD-104649,2023-08-17,CUST-00059,Jennifer Brown,Consumer,Germany,Europe,Apparel,T-Shirt,1,56.14,0.15,24.84,Credit Card,Completed
ORD-104216,2024-07-18,CUST-00122,Carlos Johnson,Small Business,United Kingdom,Europe,Sports & Outdoors,Camping Tent,1,84.38,0.0,9.52,Debit Card,Completed
ORD-101085,2024-09-06,CUST-00844,Linda Silva,Small Business,Spain,Europe,Beauty,Shampoo,3,24.3,0.0,6.33,PayPal,Completed
ORD-103653,2024-10-22,CUST-00724,Ana Kumar,Consumer,Canada,North America,Beauty,Hair Dryer,1,25.18,0.0,9.78,Debit Card,Completed
ORD-101192,2024-01-05,CUST-00840,James Jones,Consumer,United States,North America,Beauty,Sunscreen SPF50,1,54.11,0.0,23.8,PayPal,Cancelled
ORD-103828,2023-11-15,CUST-00635,James Costa,Consumer,Spain,Europe,Electronics,Laptop Stand,1,208.44,0.0,6.54,PayPal,Completed
ORD-100621,2024-10-03,CUST-00789,Patricia Muller,Small Business,Canada,North America,Sports & Outdoors,Resistance Bands,1,150.12,0.0,14.74,Credit Card,Completed
ORD-102099,2023-12-01,CUST-00084,Ines Rodriguez,Small Business,Australia,Oceania,Home & Kitchen,Coffee Maker,1,127.15,0.0,7.9,PayPal,Completed
ORD-106365,2023-08-13,CUST-00105,Lucas Jones,Consumer,United Kingdom,Europe,Beauty,Face Serum,1,55.81,0.05,19.95,PayPal,Completed
ORD-102804,2023-11-20,CUST-00673,David Garcia,Consumer,Spain,Europe,Sports & Outdoors,Yoga Mat,2,39.35,0.0,16.91,Credit Card,Completed
ORD-101865,2023-01-18,CUST-00023,Robert Zhang,Consumer,United States,North America,Electronics,USB-C Cable,2,219.25,0.0,18.7,Credit Card,Completed
ORD-102296,2024-04-12,CUST-00050,Noah Kumar,Consumer,United States,North America,Sports & Outdoors,Camping Tent,2,171.03,0.0,16.07,PayPal,Completed
ORD-101960,2024-09-24,CUST-00679,Ana Williams,,Brazil,South America,Office,Standing Desk Mat,2,11.69,0.0,13.0,Debit Card,Completed
ORD-106876,2024-03-27,CUST-00047,Liam Khan,Consumer,Germany,Europe,Sports & Outdoors,Resistance Bands,2,119.23,0.1,11.48,Debit Card,Completed
ORD-100578,2024-08-19,CUST-00559,Patricia Khan,Enterprise,India,Asia,Apparel,Baseball Cap,1,52.4,0.0,20.67,Gift Card,Completed
ORD-101396,2024-04-01,CUST-00097,Ines Kumar,Consumer,Singapore,Asia,Electronics,Laptop Stand,2,110.19,0.0,10.44,Bank Transfer,Returned
ORD-105997,2023-10-22,CUST-00396,Mary Costa,Consumer,Mexico,South America,Sports & Outdoors,Resistance Bands,1,37.34,0.15,15.43,Credit Card,Completed
ORD-102755,2024-05-21,CUST-00246,Raj Muller,Consumer,United Kingdom,Europe,Apparel,Denim Jacket,2,12.76,0.05,13.14,Bank Transfer,Cancelled
ORD-101806,2023-10-13,CUST-00616,Ahmed Silva,Consumer,Italy,Europe,Home & Kitchen,Throw Pillow,1,140.95,0.0,3.37,Credit Card,Completed
ORD-102855,2024-11-30,CUST-00342,Sofia Kumar,Small Business,United Kingdom,Europe,Office,Standing Desk Mat,1,43.98,0.0,8.14,PayPal,Completed
ORD-106161,2023-08-24,CUST-00550,Jennifer Khan,Enterprise,Japan,Asia,Electronics,USB-C Cable,2,219.38,0.0,15.54,Credit Card,Completed
ORD-104367,2024-11-03,CUST-00640,John Tanaka,Consumer,Brazil,South America,Beauty,Face Serum,1,53.23,0.1,9.54,Credit Card,Completed
ORD-100171,2023-12-19,CUST-00143,Tom Jones,,United States,North America,Beauty,Shampoo,1,22.03,0.15,14.4,PayPal,Completed
ORD-102042,2024-06-03,CUST-00519,Ines Jones,Small Business,Brazil,South America,Electronics,Bluetooth Speaker,1,132.91,0.0,22.86,PayPal,Completed
ORD-101234,2023-07-30,CUST-00645,Lucas Khan,Small Business,India,Asia,Apparel,Wool Socks,1,73.36,0.0,10.78,Credit Card,Completed
ORD-106110,2024-01-04,CUST-00557,Emma Johnson,Small Business,United Kingdom,Europe,Electronics,Headphones,2,49.69,0.15,6.03,PayPal,Completed
ORD-105236,2024-07-10,CUST-00754,Carlos Rodriguez,Small Business,Mexico,South America,Electronics,Bluetooth Speaker,1,172.73,0.2,15.07,Credit Card,Completed
ORD-105370,2024-08-29,CUST-00592,Ahmed Rossi,Small Business,France,Europe,Sports & Outdoors,Hiking Backpack,2,127.91,0.0,24.02,PayPal,Completed
ORD-105270,2024-08-03,CUST-00427,Hiro Rossi,Consumer,United Kingdom,Europe,Sports & Outdoors,Yoga Mat,5,26.06,0.0,22.34,Credit Card,Completed
ORD-101276,2024-05-01,CUST-00840,James Jones,Consumer,United States,North America,Beauty,Shampoo,2,45.21,0.0,17.88,Credit Card,Completed
ORD-103119,2024-03-17,CUST-00655,Mia Zhang,Consumer,India,Asia,Home & Kitchen,Throw Pillow,3,28.38,0.0,22.95,Credit Card,Completed
ORD-104396,2024-10-04,CUST-00610,Yuki Martinez,Enterprise,Germany,Europe,Sports & Outdoors,Camping Tent,1,146.34,0.0,19.47,PayPal,Completed
ORD-102950,2023-10-08,CUST-00201,Raj Martinez,Small Business,Brazil,South America,Electronics,Headphones,1,170.02,0.0,10.98,Bank Transfer,Completed
ORD-106882,2024-09-18,CUST-00544,Noah Rodriguez,Consumer,Australia,Oceania,Electronics,USB-C Cable,1,34.41,0.0,22.56,Credit Card,Returned
ORD-101891,2024-08-18,CUST-00242,Tom Nakamura,Consumer,United States,North America,Electronics,Headphones,1,111.14,0.0,24.96,Credit Card,Returned
ORD-100678,2024-01-17,CUST-00163,Liam Martinez,Consumer,France,Europe,Home & Kitchen,Cutting Board,1,105.87,0.0,16.83,Credit Card,Returned
ORD-105308,2024-05-21,CUST-00735,Linda Rossi,Consumer,UNITED KINGDOM,Europe,Home & Kitchen,Cutting Board,3,132.89,0.0,10.2,PayPal,Completed
ORD-104477,2024-05-29,CUST-00722,Chen Rodriguez,Small Business,Canada,North America,Electronics,Bluetooth Speaker,1,102.54,0.0,23.88,Debit Card,Completed
ORD-105404,2024-10-25,CUST-00661,Tom Rossi,Consumer,Australia,Oceania,Sports & Outdoors,Water Bottle,2,101.77,0.0,23.16,Debit Card,Completed
ORD-105959,2024-09-20,CUST-00599,Mia Dubois,Consumer,France,Europe,Electronics,Headphones,2,62.87,0.0,17.04,PayPal,Completed
ORD-101297,2024-01-17,CUST-00530,Grace Zhang,Consumer,United States,North America,Sports & Outdoors,Water Bottle,2,122.55,0.0,11.83,Credit Card,Completed
ORD-104392,2023-11-22,CUST-00374,Liam Rossi,Small Business,United States,North America,Home & Kitchen,Storage Bin,1,141.14,0.0,8.78,Credit Card,Completed
ORD-104150,2023-03-22,CUST-00750,Elizabeth Silva,Consumer,United Kingdom,Europe,Office,Pen Pack,2,62.3,0.05,21.96,Credit Card,Completed
ORD-103401,2024-08-11,CUST-00011,Ines Tanaka,Enterprise,United Kingdom,Europe,Electronics,Bluetooth Speaker,1,158.94,0.0,9.51,PayPal,Completed
ORD-106402,2024-11-28,CUST-00730,Elizabeth Zhang,Consumer,Brazil,South America,Home & Kitchen,Cutting Board,2,14.02,0.2,7.31,Credit Card,Completed
ORD-106357,2024-06-14,CUST-00290,Chen Khan,Consumer,United States,North America,Home & Kitchen,Coffee Maker,1,142.7,0.05,5.42,PayPal,Completed
ORD-103901,2024-06-05,CUST-00066,Ana Brown,Consumer,Australia,Oceania,Beauty,Lip Balm,1,49.28,0.0,11.95,Credit Card,Completed
ORD-106692,2024-06-28,CUST-00377,Hiro Muller,Enterprise,MEXICO,South America,Electronics,Smartphone Case,5,97.2,0.0,9.62,Credit Card,Completed
ORD-103343,2024-09-27,CUST-00737,Liam Brown,Consumer,Mexico,South America,Sports & Outdoors,Hiking Backpack,1,110.18,0.0,2.11,Credit Card,Completed
ORD-100302,2024-06-26,CUST-00442,Olivia Khan,Consumer,Australia,Oceania,Apparel,T-Shirt,3,20.7,0.0,3.14,Credit Card,Completed
ORD-100366,2024-09-21,CUST-00197,Elizabeth Brown,Consumer,Brazil,South America,Apparel,T-Shirt,1,46.82,0.0,9.65,Credit Card,Completed
ORD-105465,2023-08-12,CUST-00210,Mia Johnson,Consumer,Japan,Asia,Beauty,Shampoo,1,54.57,0.0,22.8,Debit Card,Cancelled
ORD-104199,2024-11-02,CUST-00337,Ahmed Tanaka,Consumer,Italy,Europe,Beauty,Hair Dryer,3,48.03,0.05,19.79,Credit Card,Completed
ORD-106094,2023-11-28,CUST-00209,Elizabeth Nakamura,,Japan,Asia,Beauty,Sunscreen SPF50,1,9.84,0.0,5.01,Credit Card,Returned
ORD-102796,2024-07-23,CUST-00680,Elizabeth Smith,Small Business,India,Asia,Apparel,Denim Jacket,2,26.9,0.2,10.35,Gift Card,Completed
ORD-103695,2024-10-05,CUST-00097,Ines Kumar,Consumer,Singapore,Asia,Electronics,Laptop Stand,1,183.16,0.0,23.37,Credit Card,Completed
ORD-100858,2024-01-05,CUST-00019,Liam Tanaka,Small Business,Germany,Europe,Apparel,Running Shoes,1,46.8,0.05,7.13,Debit Card,Completed
ORD-102306,2024-02-25,CUST-00288,Mia Tanaka,Small Business,France,Europe,Home & Kitchen,Storage Bin,4,75.9,0.0,24.07,Credit Card,Completed
ORD-103006,2024-09-10,CUST-00565,Hiro Jones,Small Business,ITALY,Europe,Office,Standing Desk Mat,2,14.76,0.0,8.57,Credit Card,Completed
ORD-105061,2024-05-10,CUST-00676,Elizabeth Davis,,United Kingdom,Europe,Apparel,Baseball Cap,2,49.13,0.2,17.87,Credit Card,Completed
ORD-104921,2024-09-17,CUST-00002,Robert Muller,Consumer,Mexico,South America,Apparel,T-Shirt,3,84.13,0.0,23.46,Credit Card,Completed
ORD-106231,2024-11-20,CUST-00213,Ines Muller,Small Business,Japan,Asia,Sports & Outdoors,Camping Tent,1,44.15,0.0,2.41,Credit Card,Completed
ORD-100545,2024-02-14,CUST-00644,Elizabeth Rodriguez,Small Business,Spain,Europe,Apparel,Wool Socks,1,48.11,0.0,11.62,PayPal,Returned
ORD-104388,2024-04-10,CUST-00815,James Jones,Consumer,Germany,Europe,Apparel,Running Shoes,2,82.45,0.0,17.92,PayPal,Completed
ORD-105193,2023-09-02,CUST-00101,Lucas Khan,Consumer,France,Europe,Electronics,Bluetooth Speaker,1,195.7,0.0,8.98,Bank Transfer,Cancelled
ORD-103689,2024-06-27,CUST-00651,Emma Nakamura,Consumer,India,Asia,Electronics,Laptop Stand,-1,83.5,0.05,19.08,PayPal,Completed
ORD-102870,2024-03-09,CUST-00628,Olivia Silva,Consumer,India,Asia,Apparel,Wool Socks,1,47.73,0.0,7.69,Credit Card,Completed
ORD-104545,2024-06-12,CUST-00026,Chen Garcia,Consumer,Italy,Europe,Home & Kitchen,Coffee Maker,1,60.32,0.2,11.03,PayPal,Completed
ORD-101871,2024-09-13,CUST-00510,Hiro Martinez,Consumer,Canada,North America,Home & Kitchen,Coffee Maker,1,113.2,0.1,17.18,PayPal,Completed
ORD-106772,2024-07-26,CUST-00563,Elizabeth Kumar,Consumer,France,Europe,Sports & Outdoors,Hiking Backpack,1,59.63,0.05,22.03,PayPal,Completed
ORD-103232,2024-07-29,CUST-00741,Elizabeth Davis,Consumer,United Kingdom,Europe,Electronics,USB-C Cable,1,32.08,0.0,15.72,Credit Card,Returned
ORD-101895,2023-12-02,CUST-00279,Emma Tanaka,Consumer,India,Asia,Apparel,Denim Jacket,1,47.6,0.2,24.91,PayPal,Completed
ORD-101185,2024-09-29,CUST-00803,Emma Zhang,Consumer,United Kingdom,Europe,Apparel,Running Shoes,2,82.11,0.0,13.35,Credit Card,Completed
ORD-105979,2023-07-16,CUST-00587,Jennifer Dubois,Enterprise,United Kingdom,Europe,Sports & Outdoors,Water Bottle,1,17.07,0.0,17.28,PayPal,Completed
ORD-103005,2023-12-24,CUST-00485,Mia Rossi,Enterprise,United Kingdom,Europe,Apparel,Denim Jacket,2,32.88,0.0,18.11,Gift Card,Completed
ORD-101899,2023-10-02,CUST-00155,Linda Dubois,Consumer,France,Europe,Sports & Outdoors,Camping Tent,2,149.2,0.1,10.54,Debit Card,Completed
ORD-100833,2024-05-07,CUST-00599,Mia Dubois,Consumer,France,Europe,Electronics,Bluetooth Speaker,1,117.39,0.0,9.64,PayPal,Completed
ORD-100691,2023-08-03,CUST-00776,Priya Nakamura,Consumer,United States,North America,Home & Kitchen,Blender,1,103.17,0.0,20.35,Bank Transfer,Completed
ORD-105814,2024-06-17,CUST-00564,Chen Davis,Small Business,Brazil,South America,Home & Kitchen,Cutting Board,1,82.96,0.15,9.97,Credit Card,Completed
ORD-103777,2023-10-01,CUST-00553,Ines Jones,Small Business,United Kingdom,Europe,Beauty,Sunscreen SPF50,1,20.14,0.0,10.46,Debit Card,Cancelled
ORD-101513,2024-11-04,CUST-00283,Mia Davis,Small Business,United States,North America,Electronics,USB-C Cable,1,65.38,0.0,3.97,Credit Card,Completed
ORD-105958,2024-03-13,CUST-00562,Lucas Garcia,Consumer,Canada,North America,Home & Kitchen,Cutting Board,4,12.27,0.15,20.96,Credit Card,Completed
ORD-103883,2024-05-25,CUST-00551,Mia Garcia,Consumer,Canada,North America,Beauty,Hair Dryer,1,34.3,0.05,4.56,Gift Card,Completed
ORD-101076,2023-03-18,CUST-00431,Priya Martinez,Small Business,France,Europe,Apparel,Running Shoes,1,79.82,0.0,23.3,Credit Card,Completed
ORD-106868,2023-05-29,CUST-00096,Tom Rodriguez,Consumer,United Kingdom,Europe,Apparel,Wool Socks,2,2012.5519150405428,0.15,19.19,Credit Card,Completed
ORD-104771,2024-05-02,CUST-00090,,Consumer,United States,North America,Home & Kitchen,Storage Bin,1,1018.3164284987472,0.0,,Credit Card,Completed
ORD-102112,2023-08-15,CUST-00490,Fatima Jones,Small Business,United States,North America,Beauty,Lip Balm,1,58.33,0.0,16.46,Credit Card,Completed
ORD-105673,2024-01-31,CUST-00763,Liam Rossi,Small Business,UNITED STATES,North America,Apparel,Wool Socks,1,68.3,0.0,20.54,PayPal,Completed
ORD-106657,2023-07-08,CUST-00352,Ana Williams,Consumer,Italy,Europe,Home & Kitchen,Storage Bin,-1,102.05,0.05,4.72,PayPal,Completed
ORD-102603,2024-11-01,CUST-00005,Hiro Silva,Small Business,Germany,Europe,Home & Kitchen,Cutting Board,1,45.38,0.0,4.47,PayPal,Returned
ORD-101947,2024-06-15,CUST-00586,Grace Zhang,Consumer,Mexico,South America,Apparel,Denim Jacket,1,63.52,0.0,7.2,Bank Transfer,Completed
ORD-106515,2024-09-22,CUST-00407,Mia Muller,,United States,North America,Apparel,Wool Socks,1,19.42,0.15,12.24,Debit Card,Completed
ORD-100753,2023-07-27,CUST-00808,Robert Brown,Small Business,United States,North America,Beauty,Sunscreen SPF50,1,20.54,0.0,,PayPal,Completed
ORD-101362,2023-06-12,CUST-00841,Wei Brown,Consumer,United Kingdom,Europe,Beauty,Sunscreen SPF50,1,20.57,0.0,18.84,PayPal,Completed
ORD-104553,2023-06-16,CUST-00598,Michael Miller,Consumer,India,Asia,Office,Notebook Set,1,14.63,0.15,19.45,Credit Card,Completed
ORD-102683,2024-07-19,CUST-00431,Priya Martinez,Small Business,France,Europe,Home & Kitchen,Cutting Board,1,45.2,0.05,18.5,Bank Transfer,Completed
ORD-103285,2024-05-24,CUST-00027,Patricia Zhang,Small Business,Italy,Europe,Beauty,Shampoo,1,19.2,0.15,4.21,Credit Card,Completed
ORD-105685,2023-12-15,CUST-00063,Ahmed Davis,Consumer,India,Asia,Beauty,Sunscreen SPF50,2,39.5,0.0,2.03,Credit Card,Cancelled
ORD-100364,2024-02-03,CUST-00357,Noah Smith,Consumer,Australia,Oceania,Home & Kitchen,Cutting Board,2,107.43,0.05,6.0,Credit Card,Completed
ORD-102765,2023-12-17,CUST-00060,Grace Nakamura,Enterprise,India,Asia,Sports & Outdoors,Yoga Mat,1,130.21,0.0,12.54,Gift Card,Completed
ORD-101136,2023-08-09,CUST-00475,Sofia Martinez,Consumer,United Kingdom,Europe,Home & Kitchen,Coffee Maker,1,94.4,0.0,8.2,Debit Card,Completed
ORD-103213,2024-05-04,CUST-00572,Liam Rossi,Consumer,Japan,Asia,Home & Kitchen,Coffee Maker,1,23.59,0.0,15.38,Debit Card,Completed
ORD-103808,2023-12-27,CUST-00782,Tom Garcia,Small Business,United States,North America,Home & Kitchen,Coffee Maker,3,140.72,0.0,9.35,PayPal,Completed
ORD-101680,2023-09-06,CUST-00434,Grace Davis,Consumer,France,Europe,Beauty,Shampoo,1,16.69,0.0,12.64,PayPal,Completed
ORD-103590,2024-06-09,CUST-00516,Wei Davis,Consumer,India,Asia,Home & Kitchen,Cutting Board,4,131.11,0.0,6.74,PayPal,Completed
ORD-102357,2024-09-17,CUST-00787,Raj Nakamura,Consumer,Singapore,Asia,Apparel,Wool Socks,1,13.04,0.1,14.72,Credit Card,Completed
ORD-105363,2023-11-22,CUST-00368,Mary Miller,Small Business,Singapore,Asia,Electronics,Headphones,1,130.24,0.15,18.02,PayPal,Completed
ORD-101623,2023-08-23,CUST-00253,Ana Miller,Enterprise,United States,North America,Sports & Outdoors,Water Bottle,1,23.79,0.0,24.9,PayPal,Completed
ORD-105693,2024-03-20,CUST-00129,John Davis,Enterprise,India,Asia,Apparel,Wool Socks,2,63.07,0.0,5.95,Credit Card,Completed
ORD-105495,2023-12-06,CUST-00629,Fatima Miller,Consumer,United States,North America,Home & Kitchen,Blender,1,87.28,0.05,7.28,Credit Card,Completed
ORD-104098,2023-12-19,CUST-00309,Emma Brown,Consumer,United States,North America,Apparel,Baseball Cap,1,53.67,0.0,3.93,PayPal,Completed
ORD-103015,2024-06-26,CUST-00801,Lucas Zhang,Small Business,India,Asia,Beauty,Lip Balm,1,35.04,0.0,13.34,Credit Card,Completed
ORD-102069,2023-07-21,CUST-00607,Noah Martinez,Small Business,Brazil,South America,Electronics,Bluetooth Speaker,1,102.09,0.1,19.29,PayPal,Completed
ORD-104390,2024-10-29,CUST-00064,Priya Garcia,Enterprise,Canada,North America,Beauty,Hair Dryer,1,37.94,0.15,12.48,Credit Card,Completed
ORD-100880,2023-03-27,CUST-00601,Sofia Silva,Small Business,United States,North America,Beauty,Sunscreen SPF50,2,18.8,0.0,6.59,PayPal,Completed
ORD-106380,2023-03-25,CUST-00314,Carlos Williams,Consumer,Singapore,Asia,Office,Pen Pack,1,6.1,0.05,2.57,Debit Card,Completed
ORD-103798,2024-09-30,CUST-00521,Lucas Nakamura,Small Business,Australia,Oceania,Electronics,USB-C Cable,2,155.55,0.0,16.98,Credit Card,Completed
ORD-100759,2024-11-10,CUST-00084,Ines Rodriguez,Small Business,Australia,Oceania,Apparel,Wool Socks,5,25.82,0.0,9.72,Credit Card,Completed
ORD-103122,2024-10-16,CUST-00392,Elizabeth Khan,Consumer,India,Asia,Electronics,USB-C Cable,2,215.81,0.0,23.01,Bank Transfer,Completed
ORD-102403,2024-05-05,CUST-00381,Ana Davis,Small Business,Singapore,Asia,Home & Kitchen,Cutting Board,1,63.53,0.0,6.95,Credit Card,Completed
ORD-102060,2023-12-31,CUST-00684,Hiro Miller,Enterprise,United States,North America,Sports & Outdoors,Resistance Bands,1,121.17,0.0,7.97,Bank Transfer,Completed
ORD-105138,2024-02-14,CUST-00772,James Brown,Consumer, united kingdom ,Europe,Apparel,Wool Socks,1,14.83,0.05,9.93,Credit Card,Completed
ORD-105623,2024-05-13,CUST-00166,Wei Kumar,Consumer,Spain,Europe,Apparel,Baseball Cap,1,38.72,0.0,12.74,PayPal,Completed
ORD-102578,2023-12-23,CUST-00630,Ahmed Brown,Small Business,Germany,Europe,Sports & Outdoors,Camping Tent,3,152.64,0.0,13.57,Credit Card,Completed
ORD-101912,2023-04-30,CUST-00749,Mia Davis,Consumer,Canada,North America,Beauty,Sunscreen SPF50,3,16.57,0.0,16.77,Credit Card,Completed
ORD-104717,2023-10-11,CUST-00508,Elizabeth Kumar,Enterprise,India,Asia,Sports & Outdoors,Resistance Bands,1,117.1,0.0,17.78,Debit Card,Completed
ORD-106560,2024-08-14,CUST-00398,Ines Davis,Small Business,Mexico,South America,Apparel,Denim Jacket,4,19.73,0.0,7.63,Bank Transfer,Completed
ORD-101074,2024-01-23,CUST-00009,Yuki Khan,Consumer,Germany,Europe,Electronics,Smartphone Case,1,178.3,0.0,21.88,PayPal,Completed
ORD-100059,2024-07-26,CUST-00059,Jennifer Brown,Consumer,Germany,Europe,Sports & Outdoors,Hiking Backpack,1,164.16,0.0,16.0,Credit Card,Completed
ORD-106023,2023-12-28,CUST-00746,Ahmed Rossi,Consumer,United Kingdom,Europe,Office,Pen Pack,1,10.39,0.0,7.9,Gift Card,Completed
ORD-102295,2023-11-11,CUST-00664,Noah Brown,Consumer,Italy,Europe,Sports & Outdoors,Water Bottle,1,50.05,0.0,5.43,PayPal,Completed
ORD-104893,2023-09-16,CUST-00499,Ines Rodriguez,Small Business,Australia,Oceania,Electronics,Laptop Stand,4,215.29,0.0,2.2,Credit Card,Completed
ORD-105636,2024-01-24,CUST-00823,Raj Costa,Consumer,Spain,Europe,Electronics,Bluetooth Speaker,2,51.09,0.0,8.23,Debit Card,Completed
ORD-102399,2023-05-17,CUST-00213,Ines Muller,Small Business,Japan,Asia,Sports & Outdoors,Hiking Backpack,1,82.38,0.05,7.9,Gift Card,Completed
ORD-103134,2024-11-30,CUST-00708,Fatima Smith,Consumer,United States,North America,Apparel,Baseball Cap,1,24.49,0.0,12.72,Credit Card,Completed
ORD-101069,2024-07-24,CUST-00788,Tom Johnson,Consumer,Australia,Oceania,Electronics,Headphones,1,31.63,0.2,8.36,PayPal,Completed
ORD-102530,2024-01-16,CUST-00392,Elizabeth Khan,Consumer,India,Asia,Electronics,Laptop Stand,1,144.48,0.0,6.95,Bank Transfer,Completed
ORD-106204,2024-05-22,CUST-00095,Raj Jones,Consumer,France,Europe,Sports & Outdoors,Camping Tent,1,67.34,0.0,24.14,Debit Card,Completed
ORD-101478,2024-10-16,CUST-00223,Ahmed Costa,Enterprise,United Kingdom,Europe,Home & Kitchen,Coffee Maker,1,53.8,0.2,23.68,Credit Card,Completed
ORD-101514,2023-12-09,CUST-00629,Fatima Miller,Consumer,United States,North America,Office,Pen Pack,1,56.27,0.0,3.56,Bank Transfer,Completed
ORD-103286,2024-04-21,CUST-00058,Lucas Kumar,Consumer,Brazil,South America,Office,Pen Pack,2,58.66,0.0,9.92,Debit Card,Cancelled
ORD-105348,2024-08-14,CUST-00688,Grace Garcia,Consumer,United States,North America,Apparel,Denim Jacket,1,32.4,0.0,16.89,PayPal,Completed
ORD-103069,2024-04-04,CUST-00305,Hiro Dubois,Enterprise,Mexico,South America,Electronics,Headphones,1,79.74,0.0,18.39,PayPal,Completed
ORD-105611,2024-03-13,CUST-00408,James Jones,Enterprise,Italy,Europe,Sports & Outdoors,Water Bottle,1,137.88,0.0,17.02,PayPal,Completed
ORD-106388,2023-12-30,CUST-00832,Tom Dubois,Enterprise,France,Europe,Electronics,USB-C Cable,1,103.45,0.05,2.69,Debit Card,Completed
ORD-106659,2024-05-23,CUST-00547,Robert Jones,Small Business,India,Asia,Beauty,Lip Balm,1,10.33,0.0,4.83,PayPal,Completed
ORD-103290,2024-06-15,CUST-00770,Noah Rodriguez,Consumer,Australia,Oceania,Electronics,Bluetooth Speaker,1,158.36,0.0,4.86,Bank Transfer,Completed
ORD-101800,2024-03-25,CUST-00475,Sofia Martinez,Consumer,United Kingdom,Europe,Office,Notebook Set,-3,33.06,0.0,9.97,Credit Card,Completed
ORD-105670,2024-06-25,CUST-00144,Yuki Costa,Enterprise,Japan,Asia,Electronics,Headphones,1,156.42,0.1,13.17,Debit Card,Completed
ORD-105852,2023-09-17,CUST-00488,Patricia Kumar,Consumer,United Kingdom,Europe,Home & Kitchen,Coffee Maker,1,108.47,0.0,18.06,Credit Card,Completed
ORD-102501,2024-11-12,CUST-00588,Fatima Brown,Consumer,United States,North America,Apparel,Running Shoes,1,8.67,0.15,8.47,Debit Card,Completed
ORD-106854,2023-09-12,CUST-00312,Patricia Khan,Small Business,United States,North America,Apparel,Wool Socks,1,56.06,0.0,24.52,PayPal,Completed
ORD-106885,2024-01-05,CUST-00212,Mary Davis,Consumer,United States,North America,Home & Kitchen,Cutting Board,1,111.39,0.0,15.58,PayPal,Completed
ORD-104289,2024-09-01,CUST-00579,Emma Rossi,Small Business,Australia,Oceania,Electronics,Smartphone Case,1,149.77,0.05,20.18,Credit Card,Completed
ORD-103796,2023-12-02,CUST-00569,Mia Martinez,Enterprise,United States,North America,Electronics,Bluetooth Speaker,4,205.56,0.0,5.17,Credit Card,Completed
ORD-105106,2024-03-10,CUST-00670,David Williams,Consumer,India,Asia,Electronics,Laptop Stand,1,64.45,0.0,5.07,PayPal,Completed
ORD-104750,2024-08-06,CUST-00738,Ana Martinez,Small Business,Germany,Europe,Electronics,Bluetooth Speaker,1,86.04,0.0,3.75,Credit Card,Completed
ORD-104086,2024-05-28,CUST-00218,Yuki Rossi,Small Business,Canada,North America,Home & Kitchen,Blender,1,109.83,0.0,12.42,Credit Card,Cancelled
ORD-104741,2024-06-20,CUST-00612,Olivia Brown,Consumer,United States,North America,Electronics,USB-C Cable,4,97.87,0.0,20.43,Credit Card,Completed
ORD-102682,2024-10-24,CUST-00353,Ines Dubois,Consumer,France,Europe,Home & Kitchen,Throw Pillow,1,116.54,0.0,11.92,PayPal,Cancelled
ORD-102506,2024-06-12,CUST-00420,Patricia Costa,Consumer,Mexico,South America,Apparel,Wool Socks,2,33.44,0.0,13.42,Credit Card,Completed
ORD-101304,2024-06-20,CUST-00511,Linda Miller,Consumer,France,Europe,Apparel,T-Shirt,1,44.95,0.05,18.05,PayPal,Completed
ORD-103806,2024-07-13,CUST-00820,Hiro Williams,Consumer,France,Europe,Office,Pen Pack,4,21.94,0.15,2.95,PayPal,Completed
ORD-101174,2024-08-25,CUST-00410,Fatima Martinez,Enterprise,United States,North America,Electronics,Smartphone Case,1,100.13,0.0,3.48,Credit Card,Completed
ORD-101433,2024-06-12,CUST-00424,Emma Martinez,Enterprise, united kingdom ,Europe,Home & Kitchen,Throw Pillow,2,141.81,0.0,22.85,Credit Card,Completed
ORD-101100,2024-03-18,CUST-00277,Chen Rossi,Consumer,Spain,Europe,Electronics,Laptop Stand,1,113.49,0.0,15.93,Debit Card,Completed
ORD-106398,2024-09-28,CUST-00592,Ahmed Rossi,Small Business,France,Europe,Office,Desk Organizer,1,65.3,0.0,21.04,Gift Card,Completed
ORD-101909,2024-02-22,CUST-00381,Ana Davis,Small Business,Singapore,Asia,Electronics,Smartphone Case,2,132.34,0.0,2.56,Debit Card,Completed
ORD-106342,2024-05-30,CUST-00342,Sofia Kumar,Small Business,United Kingdom,Europe,Electronics,Bluetooth Speaker,1,58.08,0.05,24.34,Credit Card,Returned
ORD-106084,2024-06-12,CUST-00342,Sofia Kumar,Small Business,United Kingdom,Europe,Electronics,Bluetooth Speaker,1,119.5,0.0,16.14,Bank Transfer,Completed
ORD-106042,2023-05-01,CUST-00690,Grace Nakamura,Consumer,Germany,Europe,Sports & Outdoors,Yoga Mat,1,100.29,0.15,22.34,Debit Card,Completed
ORD-101406,2024-10-21,CUST-00705,Hiro Brown,Small Business,United States,North America,Electronics,Laptop Stand,1,45.83,0.0,10.53,PayPal,Completed
ORD-106279,2023-11-16,CUST-00548,Grace Johnson,Consumer,United States,North America,Office,Desk Organizer,1,39.3,0.05,16.44,Credit Card,Returned
ORD-106963,2024-04-21,CUST-00039,Noah Brown,Small Business,India,Asia,Home & Kitchen,Blender,1,120.39,0.0,23.48,PayPal,Completed
ORD-102814,2024-10-23,CUST-00728,Liam Nakamura,Small Business,United States,North America,Home & Kitchen,Throw Pillow,1,16.46,0.0,13.32,PayPal,Completed
ORD-100310,2023-12-01,CUST-00223,Ahmed Costa,Enterprise,United Kingdom,Europe,Electronics,Laptop Stand,2,88.35,0.0,17.31,Debit Card,Completed
ORD-104091,2023-10-04,CUST-00201,Raj Martinez,Small Business,Brazil,South America,Sports & Outdoors,Water Bottle,3,89.71,0.05,5.6,Credit Card,Completed
ORD-100776,2024-04-25,CUST-00791,Linda Martinez,Consumer, united kingdom ,Europe,Electronics,Bluetooth Speaker,1,182.25,0.0,16.7,Bank Transfer,Completed
ORD-104581,2024-12-15,CUST-00185,Elizabeth Brown,Enterprise,United States,North America,Beauty,Hair Dryer,3,47.98,0.0,13.08,Debit Card,Completed
ORD-100368,2023-05-21,CUST-00817,Chen Zhang,,Italy,Europe,Sports & Outdoors,Water Bottle,1,108.84,0.0,7.81,PayPal,Completed
ORD-100571,2024-07-04,CUST-00325,Priya Williams,Enterprise,United Kingdom,Europe,Apparel,Baseball Cap,1,77.76,0.1,13.44,Debit Card,Completed
ORD-104100,2024-05-04,CUST-00662,Hiro Jones,Small Business,Brazil,South America,Beauty,Sunscreen SPF50,1,22.8,0.0,20.14,PayPal,Completed
ORD-105679,2024-05-25,CUST-00099,Chen Costa,Enterprise,Mexico,South America,Apparel,Baseball Cap,1,78.41,0.0,9.06,PayPal,Completed
ORD-104538,2023-08-21,CUST-00296,Wei Davis,Consumer,United States,North America,Office,Notebook Set,1,29.95,0.0,2.32,PayPal,Completed
ORD-101594,2023-07-18,CUST-00011,Ines Tanaka,Enterprise,United Kingdom,Europe,Sports & Outdoors,Hiking Backpack,1,36.54,0.0,6.75,Credit Card,Completed
ORD-102264,2023-07-30,CUST-00201,Raj Martinez,Small Business,Brazil,South America,Electronics,Headphones,1,206.27,0.05,16.79,PayPal,Completed
ORD-101542,2024-11-28,CUST-00606,Sofia Kumar,Small Business,Germany,Europe,Beauty,Face Serum,1,38.47,0.05,4.92,Credit Card,Completed
ORD-106056,2023-08-05,CUST-00450,Tom Davis,Consumer,United States,North America,Electronics,Laptop Stand,1,158.56,0.05,7.31,Credit Card,Completed
ORD-106248,2024-05-21,CUST-00082,Wei Kumar,Small Business,Australia,Oceania,Beauty,Sunscreen SPF50,1,16.58,0.0,13.76,Credit Card,Completed
ORD-106356,2024-08-13,CUST-00804,Noah Dubois,Small Business,Mexico,South America,Apparel,T-Shirt,4,15.05,0.1,16.7,Debit Card,Completed
ORD-106996,2024-10-16,CUST-00322,Wei Williams,Enterprise,Germany,Europe,Apparel,Wool Socks,1,84.85,0.15,17.68,Credit Card,Completed
ORD-105002,2024-01-22,CUST-00052,Elizabeth Zhang,Consumer,Italy,Europe,Sports & Outdoors,Hiking Backpack,4,174.14,0.05,22.01,Credit Card,Completed
ORD-105976,2024-03-06,CUST-00010,Liam Smith,Consumer,INDIA,Asia,Apparel,Wool Socks,1,87.84,0.0,7.1,PayPal,Completed
ORD-100073,2024-10-18,CUST-00481,Mary Jones,Consumer,UNITED STATES,North America,Sports & Outdoors,Yoga Mat,3,166.87,0.0,23.35,Credit Card,Completed
ORD-105058,2024-06-03,CUST-00548,Grace Johnson,Consumer,United States,North America,Electronics,Smartphone Case,1,84.91,0.0,9.16,Credit Card,Completed
ORD-102836,2024-01-18,CUST-00666,Ana Khan,Consumer,United Kingdom,Europe,Sports & Outdoors,Hiking Backpack,5,117.53,0.2,16.19,PayPal,Completed
ORD-104270,2024-02-06,CUST-00814,Yuki Khan,Enterprise,United States,North America,Beauty,Shampoo,2,41.87,0.0,22.1,Bank Transfer,Cancelled
ORD-106364,2024-04-06,CUST-00724,Ana Kumar,Consumer,Canada,North America,Home & Kitchen,Cutting Board,1,48.22,0.0,22.95,Credit Card,Completed
ORD-103737,2024-08-07,CUST-00140,Chen Khan,Consumer,Brazil,South America,Electronics,USB-C Cable,1,164.93,0.0,14.21,Bank Transfer,Completed
ORD-105677,2024-09-18,CUST-00584,Patricia Rodriguez,Small Business,United States,North America,Beauty,Lip Balm,2,30.2,0.0,17.47,Debit Card,Completed
ORD-102512,2023-12-18,CUST-00731,Tom Williams,Consumer,India,Asia,Electronics,Smartphone Case,1,113.64,0.0,5.11,Credit Card,Completed
ORD-101781,2024-06-10,CUST-00813,Mary Zhang,Small Business,Germany,Europe,Home & Kitchen,Storage Bin,1,105.15,0.0,16.92,Credit Card,Returned
ORD-101776,2023-09-04,CUST-00005,Hiro Silva,Small Business,Germany,Europe,Home & Kitchen,Blender,1,98.7,0.2,22.91,Credit Card,Completed
ORD-101535,2024-01-29,CUST-00359,Chen Rossi,Consumer,France,Europe,Apparel,Wool Socks,1,83.67,0.0,22.37,PayPal,Completed
ORD-103106,2024-01-22,CUST-00351,Ines Muller,Consumer,Canada,North America,Sports & Outdoors,Camping Tent,1,121.45,0.0,6.73,Debit Card,Completed
ORD-103766,2024-01-16,CUST-00384,Michael Rossi,Consumer,Australia,Oceania,Electronics,Headphones,1,52.84,0.0,8.26,Debit Card,Completed
ORD-103335,2023-10-15,CUST-00035,,Enterprise,Japan,Asia,Home & Kitchen,Cutting Board,1,96.42,0.0,22.06,Credit Card,Returned
ORD-105373,2024-06-02,CUST-00447,Tom Rossi,Consumer,UNITED STATES,North America,Apparel,T-Shirt,4,63.0,0.0,10.52,PayPal,Completed
ORD-106514,2024-11-19,CUST-00030,Yuki Martinez,,Germany,Europe,Apparel,Denim Jacket,1,38.82,0.0,19.89,Bank Transfer,Completed
ORD-106551,2023-06-06,CUST-00457,Olivia Brown,Consumer,United States,North America,Apparel,Wool Socks,2,32.35,0.0,22.3,Debit Card,Completed
ORD-105224,2024-06-08,CUST-00264,Patricia Silva,,United Kingdom,Europe,Apparel,T-Shirt,2,11.46,0.2,9.87,Bank Transfer,Cancelled
ORD-104395,2024-06-22,CUST-00376,Emma Zhang,Consumer,India,Asia,Home & Kitchen,Throw Pillow,2,20.9,0.15,19.06,Credit Card,Completed
ORD-106391,2023-11-23,CUST-00017,Linda Muller,Consumer,United States,North America,Electronics,Bluetooth Speaker,1,186.59,0.0,19.82,Bank Transfer,Completed
ORD-104363,2023-12-04,CUST-00443,Grace Davis,Consumer,Canada,North America,Electronics,Bluetooth Speaker,1,204.69,0.0,6.15,PayPal,Completed
ORD-103963,2024-09-02,CUST-00469,Hiro Brown,Consumer,Mexico,South America,Electronics,Smartphone Case,1,138.5,0.0,7.8,Credit Card,Completed
ORD-106050,2024-08-28,CUST-00602,Elizabeth Muller,Small Business,India,Asia,Beauty,Sunscreen SPF50,1,55.09,0.0,12.35,Bank Transfer,Completed
ORD-101785,2024-07-23,CUST-00773,David Brown,Small Business,Germany,Europe,Office,Standing Desk Mat,1,65.93,0.0,11.42,Gift Card,Completed
ORD-105754,2024-08-13,CUST-00117,Carlos Zhang,Consumer,Spain,Europe,Beauty,Hair Dryer,1,49.14,0.0,6.6,Debit Card,Completed
ORD-101030,2024-10-18,CUST-00730,Elizabeth Zhang,Consumer,Brazil,South America,Office,Wireless Mouse,2,36.09,0.0,7.46,Credit Card,Completed
ORD-100520,2024-05-02,CUST-00376,Emma Zhang,Consumer,India,Asia,Electronics,Headphones,1,150.15,0.0,9.34,Credit Card,Cancelled
ORD-102447,2023-05-26,CUST-00018,,Small Business,Italy,Europe,Apparel,Wool Socks,1,62.2,0.05,16.42,Credit Card,Returned
ORD-101915,2024-01-01,CUST-00728,Liam Nakamura,Small Business,United States,North America,Electronics,Smartphone Case,2,50.43,0.05,8.81,Credit Card,Completed
ORD-106761,2023-12-28,CUST-00355,Ana Garcia,Small Business,United Kingdom,Europe,Electronics,USB-C Cable,1,152.53,0.0,20.04,Gift Card,Completed
ORD-101610,2024-05-19,CUST-00397,Chen Williams,Small Business,Germany,Europe,Apparel,T-Shirt,2,36.71,0.2,5.39,Credit Card,Completed
ORD-105614,2024-06-05,CUST-00453,Tom Kumar,Consumer,India,Asia,Sports & Outdoors,Resistance Bands,4,119.64,0.0,14.69,Credit Card,Completed
ORD-100396,2024-11-20,CUST-00751,Yuki Kumar,Small Business,United Kingdom,Europe,Electronics,USB-C Cable,1,90.38,0.0,10.8,Credit Card,Returned
ORD-104191,2024-01-09,CUST-00127,Ana Davis,Small Business,France,Europe,Sports & Outdoors,Resistance Bands,2,142.8,0.0,21.53,Credit Card,Completed
ORD-101984,2023-08-24,CUST-00178,John Tanaka,Consumer,Italy,Europe,Apparel,Baseball Cap,1,28.2,0.0,7.48,Credit Card,Returned
ORD-101937,2024-02-09,CUST-00421,Sofia Smith,Consumer,United Kingdom,Europe,Beauty,Face Serum,2,22.78,0.0,6.09,PayPal,Completed
ORD-103365,2024-07-09,CUST-00063,Ahmed Davis,Consumer,India,Asia,Apparel,Wool Socks,1,33.96,0.15,11.98,Debit Card,Completed
ORD-106689,2024-07-12,CUST-00191,Raj Miller,Small Business,Germany,Europe,Sports & Outdoors,Camping Tent,2,67.58,0.15,2.72,PayPal,Completed
ORD-101034,2023-10-10,CUST-00296,Wei Davis,Consumer,United States,North America,Electronics,Bluetooth Speaker,1,40.87,0.0,22.53,Credit Card,Completed
ORD-105409,2023-10-01,CUST-00591,Ana Zhang,Small Business,Spain,Europe,Electronics,Bluetooth Speaker,1,92.2,0.15,3.25,Credit Card,Completed
ORD-101556,2024-01-08,CUST-00138,John Muller,Consumer,Australia,Oceania,Apparel,Denim Jacket,1,25.98,0.0,,Debit Card,Cancelled
ORD-104389,2024-09-23,CUST-00824,David Miller,Consumer,Australia,Oceania,Sports & Outdoors,Camping Tent,1,106.57,0.0,13.45,PayPal,Returned
ORD-100605,2024-10-26,CUST-00694,Jennifer Smith,Consumer, united states ,North America,Beauty,Hair Dryer,1,52.15,0.15,4.16,Gift Card,Completed
ORD-105107,2023-12-26,CUST-00484,Hiro Jones,Small Business,Spain,Europe,Apparel,Denim Jacket,1,66.44,0.0,16.22,Debit Card,Returned
ORD-106011,2024-08-30,CUST-00389,James Williams,Small Business,Singapore,Asia,Apparel,Denim Jacket,1,85.41,0.05,17.25,Credit Card,Completed
ORD-102805,2023-10-12,CUST-00598,Michael Miller,Consumer,India,Asia,Home & Kitchen,Blender,5,82.01,0.0,5.48,PayPal,Completed
ORD-101432,2024-08-21,CUST-00020,Emma Zhang,Consumer,United States,North America,Beauty,Sunscreen SPF50,2,56.11,0.0,10.78,Credit Card,Completed
ORD-105964,2023-10-19,CUST-00590,Robert Johnson,Consumer,Singapore,Asia,Electronics,USB-C Cable,4,84.91,0.0,9.21,Gift Card,Completed
ORD-103651,2024-03-18,CUST-00248,David Williams,,United States,North America,Sports & Outdoors,Camping Tent,3,69.81,0.0,18.57,Bank Transfer,Completed
ORD-106188,2023-12-18,CUST-00760,Carlos Jones,Small Business,Italy,Europe,Electronics,Laptop Stand,2,174.57,0.0,2.85,Debit Card,Completed
ORD-102366,2024-03-12,CUST-00039,Noah Brown,Small Business,India,Asia,Sports & Outdoors,Camping Tent,1,111.92,0.05,13.1,PayPal,Returned
ORD-101322,2023-11-08,CUST-00789,Patricia Muller,Small Business,Canada,North America,Beauty,Sunscreen SPF50,1,11.9,0.0,9.75,Debit Card,Completed
ORD-102577,2024-10-04,CUST-00340,Grace Costa,Consumer,Germany,Europe,Apparel,Running Shoes,2,1216.087568826051,0.0,4.72,Credit Card,Completed
ORD-106066,2023-12-13,CUST-00241,Hiro Kumar,Consumer,United States,North America,Apparel,T-Shirt,1,77.22,0.0,2.22,PayPal,Completed
ORD-102642,2024-11-24,CUST-00650,Lucas Dubois,Consumer,Brazil,South America,Home & Kitchen,Coffee Maker,1,70.1,0.05,12.32,Credit Card,Completed
ORD-105757,2024-03-01,CUST-00568,John Nakamura,Consumer,Spain,Europe,Electronics,Smartphone Case,1,35.19,0.0,15.28,Credit Card,Completed
ORD-105365,2024-06-13,CUST-00848,James Rodriguez,Consumer,Canada,North America,Apparel,Denim Jacket,1,16.39,0.0,13.21,Credit Card,Completed
ORD-105229,2024-10-24,CUST-00158,Ines Martinez,Consumer,UNITED STATES,North America,Apparel,Baseball Cap,3,40.77,0.0,13.33,Credit Card,Completed
ORD-103433,2024-10-08,CUST-00674,Elizabeth Davis,Small Business,UNITED STATES,North America,Apparel,Wool Socks,1,87.06,0.0,20.2,Credit Card,Completed
ORD-102684,2023-12-29,CUST-00259,Liam Smith,Small Business,Spain,Europe,Sports & Outdoors,Camping Tent,1,20.54,0.05,10.16,Debit Card,Cancelled
ORD-103381,2024-05-01,CUST-00122,Carlos Johnson,Small Business,UNITED KINGDOM,Europe,Electronics,USB-C Cable,1,120.8,0.0,19.47,Credit Card,Completed
ORD-104319,2024-04-18,CUST-00206,Fatima Tanaka,Small Business,United Kingdom,Europe,Home & Kitchen,Blender,1,68.74,0.0,16.51,Credit Card,Returned
ORD-104074,2024-08-28,CUST-00317,Olivia Rossi,Consumer,France,Europe,Sports & Outdoors,Camping Tent,1,54.25,0.1,24.74,Gift Card,Completed
ORD-105988,2023-03-16,CUST-00448,Priya Costa,Consumer,France,Europe,Sports & Outdoors,Yoga Mat,1,59.11,0.0,10.17,PayPal,Completed
ORD-105448,2024-03-04,CUST-00739,Hiro Dubois,Consumer,UNITED STATES,North America,Electronics,Smartphone Case,1,185.05,0.0,5.76,Credit Card,Completed
ORD-103933,2024-04-15,CUST-00624,Yuki Costa,Consumer,Germany,Europe,Home & Kitchen,Throw Pillow,1,80.62,0.0,24.97,PayPal,Completed
ORD-101743,2024-07-24,CUST-00820,Hiro Williams,Consumer,France,Europe,Electronics,Headphones,2,84.35,0.05,16.73,Debit Card,Completed
ORD-105299,2024-07-26,CUST-00665,Chen Miller,Consumer,Germany,Europe,Electronics,USB-C Cable,2,74.39,0.0,10.19,PayPal,Completed
ORD-101878,2023-09-01,CUST-00783,Grace Rossi,Small Business,United States,North America,Apparel,Denim Jacket,1,29.59,0.15,24.82,Debit Card,Completed
ORD-105342,2024-10-14,CUST-00002,Robert Muller,Consumer,Mexico,South America,Beauty,Shampoo,1,56.39,0.1,5.12,Credit Card,Completed
ORD-106303,2023-04-30,CUST-00720,Ana Garcia,Consumer,United States,North America,Beauty,Sunscreen SPF50,5,17.94,0.0,5.35,Debit Card,Completed
ORD-105457,2024-10-13,CUST-00625,Linda Nakamura,Enterprise,Brazil,South America,Office,Notebook Set,1,39.09,0.15,19.19,Credit Card,Returned
ORD-101924,2024-10-03,CUST-00603,Lucas Johnson,Consumer,UNITED KINGDOM,Europe,Home & Kitchen,Storage Bin,1,17.85,0.1,24.34,Gift Card,Completed
ORD-106071,2024-06-30,CUST-00584,Patricia Rodriguez,Small Business,United States,North America,Apparel,Baseball Cap,2,31.29,0.05,14.86,Credit Card,Completed
ORD-102842,2024-08-30,CUST-00313,Lucas Dubois,Consumer,AUSTRALIA,Oceania,Apparel,Wool Socks,1,18.91,0.0,20.79,Debit Card,Completed
ORD-104384,2024-07-17,CUST-00444,Yuki Brown,Small Business, germany ,Europe,Home & Kitchen,Storage Bin,1,31.6,0.0,17.8,Debit Card,Completed
ORD-106840,2024-04-11,CUST-00106,Ana Miller,Consumer,India,Asia,Home & Kitchen,Storage Bin,1,76.71,0.0,7.89,Debit Card,Completed
ORD-105519,2024-07-11,CUST-00799,Elizabeth Zhang,Enterprise,Canada,North America,Beauty,Face Serum,3,25.45,0.1,10.44,Credit Card,Completed
ORD-104210,2023-10-06,CUST-00829,Mary Costa,Consumer,Japan,Asia,Home & Kitchen,Blender,5,73.29,0.0,23.73,Credit Card,Completed
ORD-100028,2024-09-11,CUST-00191,Raj Miller,Small Business,Germany,Europe,Apparel,Baseball Cap,1,59.39,0.0,19.72,Bank Transfer,Completed
ORD-105099,2024-07-10,CUST-00076,Tom Dubois,Consumer,France,Europe,Electronics,Smartphone Case,3,146.98,0.0,20.77,Credit Card,Completed
ORD-103569,2024-09-22,CUST-00488,Patricia Kumar,Consumer,United Kingdom,Europe,Home & Kitchen,Blender,1,81.18,0.0,4.64,PayPal,Completed
ORD-106663,2023-10-24,CUST-00429,Priya Dubois,Enterprise,United Kingdom,Europe,Apparel,Running Shoes,1,19.75,0.0,6.6,Credit Card,Completed
ORD-102177,2023-08-04,CUST-00804,Noah Dubois,Small Business,Mexico,South America,Office,Notebook Set,2,12.42,0.0,14.35,Gift Card,Returned
ORD-104622,2024-02-03,CUST-00189,,Small Business,India,Asia,Sports & Outdoors,Water Bottle,1,27.14,0.0,15.32,Credit Card,Completed
ORD-105232,2024-06-28,CUST-00697,Elizabeth Tanaka,Consumer,United Kingdom,Europe,Apparel,Wool Socks,1,65.84,0.1,15.38,Credit Card,Completed
ORD-106568,2023-11-30,CUST-00299,Liam Khan,Enterprise,Canada,North America,Office,Desk Organizer,1,12.48,0.0,17.13,Credit Card,Completed
ORD-103880,2024-03-14,CUST-00482,Ines Johnson,Consumer,France,Europe,Sports & Outdoors,Water Bottle,-1,41.67,0.0,12.06,Credit Card,Completed
ORD-104603,2024-06-21,CUST-00350,John Khan,Small Business,Canada,North America,Office,Notebook Set,1,6.54,0.0,14.22,Gift Card,Completed
ORD-106768,2023-11-23,CUST-00125,Hiro Davis,,United States,North America,Beauty,Sunscreen SPF50,1,55.42,0.05,20.42,PayPal,Completed
ORD-106938,2024-04-14,CUST-00053,Patricia Garcia,Small Business,India,Asia,Sports & Outdoors,Resistance Bands,2,23.72,0.0,12.8,Debit Card,Completed
ORD-101224,2024-09-13,CUST-00142,John Johnson,Small Business,Japan,Asia,Beauty,Hair Dryer,1,6.24,0.05,10.66,Debit Card,Completed
ORD-102445,2023-12-28,CUST-00569,Mia Martinez,Enterprise,United States,North America,Sports & Outdoors,Yoga Mat,1,164.32,0.0,23.48,Credit Card,Cancelled
ORD-105258,2024-05-16,CUST-00447,Tom Rossi,Consumer,United States,North America,Electronics,Smartphone Case,5,108.73,0.05,24.65,Credit Card,Completed
ORD-103313,2024-02-23,CUST-00473,Elizabeth Kumar,Consumer,Australia,Oceania,Office,Notebook Set,1,54.5,0.15,10.27,Credit Card,Completed
ORD-104765,2023-11-29,CUST-00283,Mia Davis,Small Business,United States,North America,Electronics,Smartphone Case,1,123.95,0.2,,Debit Card,Completed
ORD-103068,2023-08-26,CUST-00291,Ahmed Tanaka,Consumer,Mexico,South America,Apparel,Wool Socks,1,19.31,0.0,22.08,Credit Card,Returned
ORD-101627,2024-05-13,CUST-00495,Ana Zhang,Consumer,Spain,Europe,Home & Kitchen,Blender,1,145.84,0.0,16.82,PayPal,Completed
ORD-101265,2024-01-19,CUST-00813,Mary Zhang,Small Business,Germany,Europe,Beauty,Shampoo,2,37.33,0.0,15.39,PayPal,Completed
ORD-103970,2024-04-28,CUST-00052,Elizabeth Zhang,Consumer,Italy,Europe,Sports & Outdoors,Resistance Bands,4,172.36,0.0,2.74,Debit Card,Completed
ORD-106824,2024-06-10,CUST-00244,Linda Kumar,Consumer,United States,North America,Home & Kitchen,Coffee Maker,2,80.78,0.1,6.3,Credit Card,Completed
ORD-100878,2024-05-11,CUST-00258,Robert Zhang,Consumer,Singapore,Asia,Electronics,Laptop Stand,1,188.81,0.0,8.32,PayPal,Returned
ORD-106849,2024-01-03,CUST-00366,Wei Rodriguez,Consumer,Japan,Asia,Home & Kitchen,Coffee Maker,1,48.87,0.05,10.58,PayPal,Completed
ORD-103479,2023-11-10,CUST-00583,Priya Tanaka,Consumer,Germany,Europe,Beauty,Face Serum,1,11.39,0.0,7.24,PayPal,Completed
ORD-104110,2024-10-02,CUST-00270,Mary Brown,Consumer,MEXICO,South America,Office,Wireless Mouse,1,61.23,0.05,9.69,Credit Card,Completed
ORD-100482,2023-06-18,CUST-00826,Elizabeth Johnson,Consumer,United States,North America,Beauty,Face Serum,2,26.88,0.15,24.01,PayPal,Completed
ORD-105932,2023-11-13,CUST-00302,James Martinez,Enterprise,Italy,Europe,Electronics,Laptop Stand,2,19.85,0.0,16.81,Credit Card,Completed
ORD-102553,2023-10-01,CUST-00537,James Rodriguez,Consumer,Canada,North America,Electronics,Smartphone Case,1,169.53,0.0,3.04,Credit Card,Returned
ORD-106492,2024-09-28,CUST-00170,Emma Costa,Consumer,United States,North America,Beauty,Lip Balm,4,57.31,0.0,4.31,Debit Card,Returned
ORD-103130,2024-07-05,CUST-00219,Ahmed Rossi,,Australia,Oceania,Apparel,Running Shoes,1,14.15,0.0,18.94,Credit Card,Completed
ORD-104143,2024-09-27,CUST-00424,Emma Martinez,Enterprise,United Kingdom,Europe,Electronics,Headphones,2,86.68,0.0,23.34,Bank Transfer,Completed
ORD-102919,2023-09-23,CUST-00799,Elizabeth Zhang,Enterprise,Canada,North America,Apparel,T-Shirt,1,54.71,0.0,19.7,Bank Transfer,Completed
ORD-106181,2024-07-20,CUST-00521,Lucas Nakamura,Small Business,Australia,Oceania,Office,Notebook Set,2,42.97,0.0,3.56,Credit Card,Completed
ORD-106936,2024-09-13,CUST-00583,Priya Tanaka,Consumer, germany ,Europe,Sports & Outdoors,Yoga Mat,1,172.16,0.0,10.72,PayPal,Completed
ORD-102315,2024-01-31,CUST-00052,Elizabeth Zhang,Consumer,ITALY,Europe,Home & Kitchen,Throw Pillow,1,108.27,0.1,9.11,Credit Card,Returned
ORD-106746,2024-07-02,CUST-00392,Elizabeth Khan,Consumer,India,Asia,Electronics,Laptop Stand,2,64.07,0.2,14.77,Credit Card,Completed
ORD-104329,2024-10-21,CUST-00625,Linda Nakamura,Enterprise,Brazil,South America,Apparel,Denim Jacket,2,50.36,0.0,14.21,Credit Card,Completed
ORD-100942,2024-03-17,CUST-00722,Chen Rodriguez,Small Business,CANADA,North America,Office,Standing Desk Mat,2,67.7,0.0,18.47,Credit Card,Completed
ORD-106591,2024-03-08,CUST-00623,Ahmed Dubois,Consumer,France,Europe,Apparel,Denim Jacket,2,45.15,0.0,8.58,Credit Card,Completed
ORD-106696,2024-08-25,CUST-00301,Mary Martinez,Consumer,United States,North America,Office,Standing Desk Mat,1,60.87,0.0,23.51,Credit Card,Completed
ORD-106901,2024-11-22,CUST-00332,Fatima Jones,Enterprise,Germany,Europe,Electronics,Laptop Stand,1,218.59,0.0,6.54,Credit Card,Completed
ORD-103238,2024-02-04,CUST-00457,Olivia Brown,,United States,North America,Apparel,Running Shoes,2,88.38,0.05,18.57,Credit Card,Returned
ORD-104901,2023-03-14,CUST-00796,David Khan,Enterprise,United States,North America,Electronics,Bluetooth Speaker,3,162.0,0.0,10.8,Debit Card,Completed
ORD-101810,2024-08-26,CUST-00549,Jennifer Brown,Consumer,United Kingdom,Europe,Apparel,Wool Socks,2,24.1,0.0,13.9,Credit Card,Completed
ORD-105164,2024-06-28,CUST-00372,Raj Dubois,Enterprise,United States,North America,Beauty,Sunscreen SPF50,2,33.13,0.05,15.56,Credit Card,Completed
ORD-101166,2024-10-17,CUST-00697,Elizabeth Tanaka,Consumer,UNITED KINGDOM,Europe,Beauty,Sunscreen SPF50,5,10.29,0.2,12.77,Credit Card,Completed
ORD-100205,2023-09-22,CUST-00427,Hiro Rossi,Consumer,United Kingdom,Europe,Beauty,Shampoo,1,37.01,0.05,13.94,PayPal,Completed
ORD-105798,2024-11-07,CUST-00337,Ahmed Tanaka,Consumer,Italy,Europe,Office,Desk Organizer,1,62.14,0.15,10.67,Credit Card,Completed
ORD-103690,2024-09-06,CUST-00580,David Jones,Consumer, japan ,Asia,Office,Desk Organizer,2,59.86,0.15,6.65,PayPal,Completed
ORD-106624,2023-12-25,CUST-00459,Ahmed Nakamura,Consumer,Italy,Europe,Office,Standing Desk Mat,4,15.35,0.0,8.26,Credit Card,Completed
ORD-103510,2024-02-14,CUST-00030,Yuki Martinez,Consumer,GERMANY,Europe,Apparel,Wool Socks,1,50.92,0.05,4.54,PayPal,Completed
ORD-101163,2024-03-01,CUST-00259,Liam Smith,Small Business,Spain,Europe,Apparel,Wool Socks,5,57.64,0.0,7.33,Credit Card,Completed
ORD-102730,2024-01-01,CUST-00469,,Consumer,Mexico,South America,Beauty,Sunscreen SPF50,1,45.74,0.0,20.94,Debit Card,Completed
ORD-101601,2024-09-03,CUST-00263,Ana Costa,Consumer,Japan,Asia,Office,Pen Pack,1,59.98,0.0,5.79,PayPal,Completed
ORD-100087,2024-09-11,CUST-00468,Grace Johnson,Enterprise,United Kingdom,Europe,Home & Kitchen,Storage Bin,1,128.83,0.0,23.72,Credit Card,Completed
ORD-104960,2024-07-05,CUST-00052,Elizabeth Zhang,Consumer,Italy,Europe,Office,Wireless Mouse,1,45.98,0.1,24.81,Gift Card,Completed
ORD-102208,2023-11-20,CUST-00050,Noah Kumar,Consumer,United States,North America,Beauty,Hair Dryer,1,52.87,0.0,4.43,PayPal,Completed
ORD-103047,2024-07-22,CUST-00757,Robert Tanaka,Small Business,Spain,Europe,Apparel,Running Shoes,1,62.77,0.0,13.95,PayPal,Completed
ORD-104718,2023-11-12,CUST-00218,Yuki Rossi,Small Business, canada ,North America,Home & Kitchen,Coffee Maker,1,98.46,0.05,7.72,Debit Card,Returned
ORD-100365,2023-12-02,CUST-00403,,Consumer,Canada,North America,Apparel,Wool Socks,2,72.93,0.0,9.66,PayPal,Completed
ORD-103981,2024-08-06,CUST-00217,Linda Muller,Consumer,United Kingdom,Europe,Beauty,Face Serum,1,31.64,0.05,20.2,PayPal,Completed
ORD-106429,2024-11-28,CUST-00322,Wei Williams,Enterprise,Germany,Europe,Beauty,Shampoo,1,7.06,0.15,15.7,PayPal,Completed
ORD-106867,2024-03-11,CUST-00083,Ana Silva,Consumer,United Kingdom,Europe,Sports & Outdoors,Water Bottle,3,133.35,0.0,12.7,Debit Card,Completed
ORD-101293,2023-07-11,CUST-00759,Emma Rossi,Consumer,France,Europe,Apparel,Denim Jacket,1,76.71,0.0,23.18,Credit Card,Completed
ORD-103976,2024-05-28,CUST-00199,Noah Smith,Consumer,India,Asia,Electronics,Smartphone Case,1,19.09,0.0,17.79,Debit Card,Completed
ORD-104888,2024-06-14,CUST-00046,David Smith,Enterprise,Germany,Europe,Sports & Outdoors,Yoga Mat,1,84.32,0.0,9.54,Credit Card,Completed
ORD-105769,2024-09-01,CUST-00113,Mia Johnson,Small Business,United States,North America,Apparel,Baseball Cap,1,49.05,0.1,14.57,Debit Card,Completed
ORD-101000,2024-03-16,CUST-00554,Linda Smith,Consumer,Spain,Europe,Sports & Outdoors,Yoga Mat,2,71.75,0.0,9.99,Credit Card,Completed
ORD-103173,2024-07-03,CUST-00624,Yuki Costa,Consumer,Germany,Europe,Office,Desk Organizer,1,23.45,0.0,24.63,PayPal,Completed
ORD-101037,2024-02-18,CUST-00526,Carlos Jones,Small Business,Singapore,Asia,Sports & Outdoors,Camping Tent,1,16.61,0.0,,Debit Card,Completed
ORD-106376,2023-06-07,CUST-00830,Fatima Costa,Consumer,Spain,Europe,Home & Kitchen,Throw Pillow,1,14.22,0.2,6.88,Debit Card,Completed
ORD-102803,2023-10-30,CUST-00767,Raj Smith,Small Business,BRAZIL,South America,Apparel,T-Shirt,1,8.16,0.0,9.95,Gift Card,Returned
ORD-102695,2023-05-19,CUST-00476,Jennifer Davis,Consumer,United States,North America,Electronics,Headphones,3,219.49,0.0,2.09,Debit Card,Completed
ORD-101337,2023-11-15,CUST-00124,Ana Rossi,Small Business,Canada,North America,Beauty,Lip Balm,1,9.12,0.0,19.88,Credit Card,Completed
ORD-100996,2024-04-14,CUST-00193,Ahmed Dubois,Consumer,Australia,Oceania,Electronics,Smartphone Case,1,191.26,0.0,24.94,PayPal,Completed
ORD-100221,2024-01-15,CUST-00574,Tom Costa,Consumer,Canada,North America,Beauty,Sunscreen SPF50,1,31.48,0.0,17.32,Gift Card,Completed
ORD-102402,2023-12-18,CUST-00195,Emma Williams,Consumer,Brazil,South America,Home & Kitchen,Storage Bin,1,18.63,0.0,,Bank Transfer,Completed
ORD-104945,2024-08-11,CUST-00709,Ines Davis,Consumer,United Kingdom,Europe,Apparel,Running Shoes,1,36.02,0.0,11.78,PayPal,Completed
ORD-103822,2024-03-07,CUST-00451,,Small Business,United Kingdom,Europe,Electronics,Bluetooth Speaker,1,56.84,0.0,13.88,PayPal,Completed
ORD-100250,2023-12-19,CUST-00694,Jennifer Smith,,United States,North America,Office,Notebook Set,1,24.84,0.0,13.02,Gift Card,Completed
ORD-102008,2024-01-25,CUST-00112,Emma Rossi,Consumer,Spain,Europe,Electronics,Smartphone Case,3,117.08,0.1,13.39,Credit Card,Completed
ORD-106985,2023-07-10,CUST-00595,Hiro Garcia,Consumer,Canada,North America,Apparel,Denim Jacket,1,33.15,0.0,4.96,Credit Card,Completed
ORD-101887,2024-08-14,CUST-00691,Carlos Rossi,Consumer,Canada,North America,Electronics,USB-C Cable,1,160.1,0.0,8.12,Debit Card,Completed
ORD-105290,2024-09-16,CUST-00030,Yuki Martinez,Consumer,Germany,Europe,Beauty,Lip Balm,2,37.06,0.0,23.41,Credit Card,Completed
ORD-104660,2023-04-16,CUST-00834,Yuki Martinez,Consumer, india ,Asia,Apparel,Denim Jacket,2,51.66,0.0,3.7,Credit Card,Completed
ORD-105507,2024-02-01,CUST-00047,Liam Khan,Consumer,Germany,Europe,Sports & Outdoors,Yoga Mat,1,40.14,0.1,19.96,Credit Card,Completed
ORD-103467,2024-08-03,CUST-00415,Wei Davis,Consumer,United Kingdom,Europe,Office,Desk Organizer,1,26.55,0.1,16.14,Credit Card,Completed
ORD-102539,2024-04-12,CUST-00795,Sofia Brown,Consumer,United States,North America,Apparel,T-Shirt,1,52.34,0.0,11.03,PayPal,Completed
ORD-105377,2024-09-05,CUST-00396,Mary Costa,Consumer,Mexico,South America,Apparel,Baseball Cap,1,81.93,0.0,15.8,Credit Card,Completed
ORD-104482,2023-11-15,CUST-00510,Hiro Martinez,Consumer,Canada,North America,Home & Kitchen,Blender,1,98.15,0.1,8.04,Bank Transfer,Completed
ORD-105392,2023-09-22,CUST-00464,Priya Smith,Enterprise,Singapore,Asia,Electronics,Smartphone Case,1,168.7,0.0,22.78,Debit Card,Completed
ORD-104619,2023-10-16,CUST-00707,Tom Williams,Consumer,Canada,North America,Beauty,Face Serum,1,15.94,0.0,21.15,Credit Card,Completed
ORD-100592,2023-05-04,CUST-00583,Priya Tanaka,Consumer,Germany,Europe,Electronics,Laptop Stand,1,68.57,0.0,4.85,PayPal,Completed
ORD-105628,2024-06-15,CUST-00826,Elizabeth Johnson,Consumer,United States,North America,Home & Kitchen,Coffee Maker,1,119.65,0.0,13.85,Bank Transfer,Completed
ORD-102203,2024-09-27,CUST-00586,Grace Zhang,Consumer,Mexico,South America,Electronics,Bluetooth Speaker,1,42.06,0.0,8.37,PayPal,Completed
ORD-102226,2024-03-21,CUST-00183,Chen Davis,Consumer,India,Asia,Sports & Outdoors,Resistance Bands,2,10.71,0.0,22.02,Bank Transfer,Completed
ORD-102260,2024-02-09,CUST-00815,James Jones,Consumer,Germany,Europe,Electronics,USB-C Cable,1,30.95,0.0,3.49,Debit Card,Completed
ORD-104479,2024-06-24,CUST-00722,Chen Rodriguez,Small Business,Canada,North America,Office,Notebook Set,1,52.36,0.0,9.94,Credit Card,Completed
ORD-100519,2024-06-05,CUST-00801,Lucas Zhang,Small Business,India,Asia,Sports & Outdoors,Resistance Bands,2,21.6,0.05,8.33,Credit Card,Completed
ORD-104670,2024-10-24,CUST-00690,Grace Nakamura,Consumer,GERMANY,Europe,Beauty,Sunscreen SPF50,1,51.61,0.0,16.72,Credit Card,Completed
ORD-104868,2024-05-08,CUST-00830,Fatima Costa,Consumer,Spain,Europe,Electronics,Smartphone Case,1,15.85,0.0,19.48,Gift Card,Completed
ORD-103105,2024-11-21,CUST-00693,Ines Nakamura,Consumer,United Kingdom,Europe,Apparel,Running Shoes,1,38.94,0.05,22.32,Bank Transfer,Completed
ORD-104063,2024-08-12,CUST-00723,Chen Rossi,Consumer,United Kingdom,Europe,Home & Kitchen,Storage Bin,2,127.98,0.0,17.66,Gift Card,Completed
ORD-103046,2024-02-15,CUST-00506,Carlos Garcia,Consumer,Brazil,South America,Beauty,Lip Balm,3,6.23,0.0,,Credit Card,Completed
ORD-104673,2023-02-21,CUST-00340,Grace Costa,Consumer,GERMANY,Europe,Apparel,T-Shirt,2,75.08,0.2,16.03,PayPal,Completed
ORD-101651,2024-08-11,CUST-00182,Fatima Nakamura,Consumer,Germany,Europe,Apparel,Baseball Cap,1,28.11,0.0,7.66,Credit Card,Returned
ORD-106304,2024-08-14,CUST-00298,James Nakamura,Consumer,United States,North America,Sports & Outdoors,Camping Tent,1,47.51,0.0,11.08,Debit Card,Completed
ORD-106672,2024-09-02,CUST-00412,Elizabeth Muller,Consumer, united states ,North America,Apparel,Denim Jacket,1,43.46,0.0,6.82,PayPal,Returned
ORD-106232,2024-07-15,CUST-00538,,Small Business,United Kingdom,Europe,Beauty,Lip Balm,4,9.05,0.2,2.79,Credit Card,Completed
ORD-101275,2023-12-30,CUST-00777,Patricia Zhang,Consumer,France,Europe,Home & Kitchen,Cutting Board,2,124.88,0.0,18.37,Credit Card,Completed
ORD-101817,2024-03-09,CUST-00104,Mary Williams,Consumer,United Kingdom,Europe,Beauty,Hair Dryer,5,54.45,0.0,18.2,Credit Card,Completed
ORD-102635,2023-03-25,CUST-00421,Sofia Smith,Consumer,United Kingdom,Europe,Office,Standing Desk Mat,1,38.12,0.0,12.93,Credit Card,Completed
ORD-101328,2023-12-22,CUST-00204,Fatima Rodriguez,Consumer,Italy,Europe,Beauty,Hair Dryer,1,59.95,0.0,22.93,Credit Card,Returned
ORD-104736,2023-12-14,CUST-00276,Jennifer Smith,Consumer,Canada,North America,Electronics,Bluetooth Speaker,-2,84.51,0.0,11.63,PayPal,Completed
ORD-106054,2024-03-10,CUST-00037,Robert Johnson,Enterprise,Germany,Europe,Office,Wireless Mouse,1,13.58,0.0,14.92,PayPal,Completed
ORD-100044,2023-11-29,CUST-00606,,Small Business,Germany,Europe,Electronics,Headphones,1,217.26,0.1,5.88,Credit Card,Completed
ORD-100008,2023-12-17,CUST-00265,Mia Miller,Consumer,United States,North America,Apparel,Wool Socks,2,24.19,0.1,22.75,Gift Card,Returned
ORD-100481,2024-05-21,CUST-00447,Tom Rossi,Consumer,United States,North America,Apparel,Wool Socks,1,36.71,0.0,2.6,Credit Card,Completed
ORD-100472,2024-02-17,CUST-00206,Fatima Tanaka,Small Business,United Kingdom,Europe,Home & Kitchen,Throw Pillow,1,110.01,0.0,14.78,Debit Card,Completed
ORD-104518,2024-06-19,CUST-00425,Fatima Davis,Consumer,United States,North America,Office,Standing Desk Mat,1,48.58,0.0,14.25,PayPal,Returned
ORD-105550,2024-01-02,CUST-00082,Wei Kumar,Small Business,Australia,Oceania,Electronics,USB-C Cable,3,78.76,0.0,20.83,Credit Card,Completed
ORD-102238,2024-05-01,CUST-00492,Olivia Martinez,,Germany,Europe,Sports & Outdoors,Yoga Mat,3,88.28,0.0,18.95,Debit Card,Completed
ORD-105368,2024-03-30,CUST-00327,Emma Kumar,Consumer,Mexico,South America,Apparel,T-Shirt,2,81.34,0.1,14.73,Credit Card,Completed
ORD-105018,2024-06-25,CUST-00649,John Costa,Enterprise,United States,North America,Electronics,USB-C Cable,1,145.79,0.0,20.67,PayPal,Completed
ORD-100655,2024-08-24,CUST-00239,David Khan,Consumer,France,Europe,Office,Wireless Mouse,2,15.36,0.0,9.39,Credit Card,Completed
ORD-104929,2024-09-10,CUST-00325,Priya Williams,Enterprise,United Kingdom,Europe,Home & Kitchen,Cutting Board,2,30.17,0.1,23.34,Debit Card,Completed
ORD-106379,2023-10-16,CUST-00371,Tom Brown,Consumer,SPAIN,Europe,Electronics,Bluetooth Speaker,4,25.82,0.0,10.27,PayPal,Completed
ORD-104405,2024-08-19,CUST-00087,Raj Johnson,Consumer,United States,North America,Apparel,Running Shoes,1,17.27,0.1,21.46,Debit Card,Completed
ORD-100465,2023-12-20,CUST-00273,Robert Rossi,Consumer,Spain,Europe,Beauty,Face Serum,2,36.79,0.0,,Debit Card,Completed
ORD-103903,2024-06-07,CUST-00279,Emma Tanaka,Consumer,India,Asia,Electronics,Laptop Stand,1,136.28,0.05,7.9,Debit Card,Completed
ORD-104564,2023-10-18,CUST-00688,Grace Garcia,Consumer,United States,North America,Electronics,Bluetooth Speaker,1,108.47,0.0,22.04,Credit Card,Completed
ORD-101692,2024-10-06,CUST-00595,Hiro Garcia,Consumer,Canada,North America,Apparel,Denim Jacket,1,61.43,0.1,8.2,PayPal,Completed
ORD-100698,2024-09-23,CUST-00641,Raj Martinez,Consumer,Germany,Europe,Sports & Outdoors,Resistance Bands,4,132.63,0.0,23.86,Credit Card,Completed
ORD-102231,2023-02-18,CUST-00354,Noah Tanaka,Enterprise,Spain,Europe,Electronics,Bluetooth Speaker,1,17.55,0.0,11.6,PayPal,Completed
ORD-103709,2024-10-19,CUST-00263,Ana Costa,Consumer,Japan,Asia,Electronics,Bluetooth Speaker,1,86.69,0.0,11.6,Bank Transfer,Completed
ORD-102696,2024-03-30,CUST-00008,Carlos Davis,Enterprise,Australia,Oceania,Apparel,T-Shirt,2,37.66,0.05,14.86,Credit Card,Completed
ORD-100066,2024-09-09,CUST-00431,Priya Martinez,Small Business,France,Europe,Electronics,Laptop Stand,1,174.27,0.0,5.98,Bank Transfer,Completed
ORD-101349,2024-07-25,CUST-00485,Mia Rossi,Enterprise,United Kingdom,Europe,Home & Kitchen,Throw Pillow,1,138.86,0.0,19.61,Gift Card,Returned
ORD-102416,2024-01-15,CUST-00368,,Small Business,Singapore,Asia,Beauty,Lip Balm,1,53.96,0.0,4.03,Credit Card,Completed
ORD-102481,2024-07-08,CUST-00420,Patricia Costa,Consumer,Mexico,South America,Beauty,Shampoo,5,30.14,0.1,4.0,PayPal,Returned
ORD-102150,2024-04-16,CUST-00692,Ahmed Rossi,Consumer,France,Europe,Electronics,USB-C Cable,2,214.39,0.0,23.24,Bank Transfer,Completed
ORD-106435,2024-12-11,CUST-00648,Olivia Martinez,Consumer,United States,North America,Electronics,Headphones,-2,208.66,0.05,5.06,Credit Card,Completed
ORD-106703,2024-11-24,CUST-00177,Sofia Khan,Consumer,India,Asia,Electronics,Smartphone Case,1,193.3,0.0,21.14,Bank Transfer,Returned
ORD-105036,2024-05-20,CUST-00310,Patricia Rossi,Consumer,India,Asia,Sports & Outdoors,Hiking Backpack,1,81.71,0.0,11.48,PayPal,Returned
ORD-105663,2023-03-04,CUST-00653,Jennifer Zhang,Consumer,Singapore,Asia,Sports & Outdoors,Water Bottle,3,131.53,0.0,,Credit Card,Completed
ORD-102048,2024-11-29,CUST-00647,Yuki Jones,Consumer,Canada,North America,Sports & Outdoors,Water Bottle,1,26.28,0.0,20.25,Bank Transfer,Completed
ORD-103853,2024-01-25,CUST-00364,Lucas Martinez,,Italy,Europe,Home & Kitchen,Coffee Maker,2,61.66,0.0,22.5,Credit Card,Completed
ORD-104226,2024-02-11,CUST-00649,John Costa,Enterprise,United States,North America,Electronics,USB-C Cable,1,159.41,0.05,16.29,Debit Card,Completed
ORD-105263,2024-06-12,CUST-00749,Mia Davis,Consumer,Canada,North America,Sports & Outdoors,Hiking Backpack,4,178.02,0.0,14.12,Debit Card,Completed
ORD-100850,2024-01-07,CUST-00578,Raj Johnson,Small Business,Canada,North America,Apparel,T-Shirt,3,8.04,0.0,17.7,PayPal,Completed
ORD-104988,2024-01-21,CUST-00013,Sofia Williams,Consumer,Canada,North America,Home & Kitchen,Throw Pillow,1,43.43,0.0,5.7,Credit Card,Completed
ORD-103966,2024-12-20,CUST-00214,James Rossi,,Japan,Asia,Electronics,Laptop Stand,1,122.16,0.05,9.47,Debit Card,Completed
ORD-100418,2024-07-26,CUST-00514,Michael Rodriguez,Small Business,Canada,North America,Electronics,Headphones,2,157.09,0.0,18.32,Credit Card,Completed
ORD-103719,2024-04-17,CUST-00321,Priya Kumar,Consumer,United States,North America,Home & Kitchen,Blender,1,82.66,0.0,13.41,PayPal,Completed
ORD-105449,2023-05-24,CUST-00556,Lucas Rossi,Small Business,Canada,North America,Electronics,Smartphone Case,2,76.33,0.1,3.53,Credit Card,Completed
ORD-102286,2024-09-22,CUST-00410,Fatima Martinez,Enterprise,United States,North America,Electronics,USB-C Cable,1,89.37,0.15,10.19,Credit Card,Completed
ORD-102550,2024-11-30,CUST-00215,Priya Smith,Consumer,Spain,Europe,Home & Kitchen,Storage Bin,1,10.02,0.0,24.43,PayPal,Completed
ORD-106306,2023-02-15,CUST-00669,Jennifer Williams,Enterprise,Germany,Europe,Electronics,USB-C Cable,1,180.49,0.0,20.57,Debit Card,Completed
ORD-104357,2024-10-25,CUST-00809,John Dubois,Small Business,United States,North America,Beauty,Sunscreen SPF50,2,38.96,0.0,8.6,Credit Card,Completed
ORD-101923,2024-07-24,CUST-00255,Lucas Smith,Consumer,Brazil,South America,Beauty,Sunscreen SPF50,1,51.88,0.1,6.22,Credit Card,Completed
ORD-105681,2023-12-27,CUST-00295,Olivia Dubois,Consumer,United States,North America,Electronics,USB-C Cable,1,71.8,0.0,2.16,Credit Card,Completed
ORD-102571,2023-05-02,CUST-00693,Ines Nakamura,Consumer,United Kingdom,Europe,Apparel,Running Shoes,1,43.27,0.0,23.64,Gift Card,Completed
ORD-106085,2024-01-22,CUST-00489,Jennifer Muller,Small Business,Germany,Europe,Apparel,Running Shoes,2,68.69,0.0,24.08,Credit Card,Completed
ORD-106823,2023-09-27,CUST-00517,Jennifer Miller,Consumer,United States,North America,Electronics,Headphones,1,31.92,0.0,22.47,Debit Card,Completed
ORD-102103,2023-07-31,CUST-00781,Elizabeth Brown,Consumer,India,Asia,Home & Kitchen,Throw Pillow,3,100.49,0.0,15.81,Credit Card,Completed
ORD-106590,2024-06-15,CUST-00124,Ana Rossi,Small Business,Canada,North America,Beauty,Face Serum,1,9.08,0.0,16.61,Credit Card,Completed
ORD-105493,2024-09-24,CUST-00360,Carlos Martinez,Small Business,United Kingdom,Europe,Apparel,Running Shoes,3,87.89,0.0,10.04,Debit Card,Completed
ORD-106779,2023-07-15,CUST-00719,Fatima Silva,Small Business,United States,North America,Home & Kitchen,Blender,2,88.78,0.0,4.81,PayPal,Completed
ORD-106322,2024-04-22,CUST-00836,Chen Johnson,Enterprise,Brazil,South America,Home & Kitchen,Cutting Board,1,85.23,0.0,22.6,Credit Card,Returned
ORD-101482,2023-05-01,CUST-00813,Mary Zhang,Small Business,Germany,Europe,Apparel,Wool Socks,2,31.64,0.0,16.13,Bank Transfer,Completed
ORD-100383,2024-04-12,CUST-00455,Hiro Silva,Consumer,Germany,Europe,Electronics,USB-C Cable,4,156.0,0.15,15.16,Credit Card,Completed
ORD-106563,2024-10-18,CUST-00171,Mary Johnson,Small Business,United States,North America,Electronics,Headphones,1,185.22,0.0,15.87,PayPal,Completed
ORD-104273,2024-08-24,CUST-00326,Ines Silva,Consumer,UNITED KINGDOM,Europe,Sports & Outdoors,Hiking Backpack,1,67.95,0.0,2.05,Credit Card,Completed
ORD-104782,2024-02-12,CUST-00610,Yuki Martinez,Enterprise,Germany,Europe,Home & Kitchen,Coffee Maker,1,92.98,0.0,15.52,Credit Card,Completed
ORD-104655,2023-12-17,CUST-00213,Ines Muller,Small Business,Japan,Asia,Sports & Outdoors,Yoga Mat,1,104.33,0.0,10.55,PayPal,Completed
ORD-105845,2024-10-26,CUST-00258,Robert Zhang,Consumer,Singapore,Asia,Apparel,T-Shirt,4,39.32,0.1,5.73,Credit Card,Returned
ORD-100030,2024-07-14,CUST-00171,Mary Johnson,Small Business,United States,North America,Electronics,USB-C Cable,1,20.8,0.0,15.72,PayPal,Returned
ORD-104560,2024-03-18,CUST-00038,Carlos Jones,Consumer,France,Europe,Apparel,T-Shirt,-1,15.38,0.0,23.45,PayPal,Returned
ORD-103812,2024-07-12,CUST-00468,Grace Johnson,Enterprise,United Kingdom,Europe,Beauty,Shampoo,1,1216.087568826051,0.0,14.2,Debit Card,Completed
ORD-105527,2024-07-18,CUST-00578,Raj Johnson,Small Business,Canada,North America,Electronics,Laptop Stand,1,32.09,0.0,4.14,PayPal,Completed
ORD-106942,2024-01-02,CUST-00225,Jennifer Nakamura,Small Business,Spain,Europe,Sports & Outdoors,Yoga Mat,1,179.24,0.2,6.1,PayPal,Completed
ORD-100322,2023-08-30,CUST-00647,Yuki Jones,Consumer,Canada,North America,Sports & Outdoors,Yoga Mat,2,149.18,0.2,8.22,Debit Card,Completed
ORD-106577,2023-11-04,CUST-00221,Patricia Garcia,Enterprise,United States,North America,Electronics,Smartphone Case,2,37.56,0.0,4.93,Credit Card,Completed
ORD-103698,2024-03-11,CUST-00294,Olivia Zhang,Consumer,Spain,Europe,Electronics,Smartphone Case,2,211.7,0.0,10.28,Bank Transfer,Completed
ORD-104615,2024-08-25,CUST-00420,Patricia Costa,Consumer,Mexico,South America,Apparel,Baseball Cap,1,38.96,0.0,9.47,Bank Transfer,Completed
ORD-104962,2024-06-04,CUST-00727,Tom Garcia,Enterprise,Japan,Asia,Beauty,Face Serum,2,38.92,0.1,2.97,Credit Card,Completed
ORD-103685,2023-09-09,CUST-00745,Sofia Johnson,Enterprise,India,Asia,Electronics,Laptop Stand,2,87.71,0.0,8.04,Credit Card,Completed
ORD-103345,2024-11-15,CUST-00709,Ines Davis,Consumer,United Kingdom,Europe,Apparel,T-Shirt,2,36.99,0.0,10.97,PayPal,Completed
ORD-104905,2024-07-16,CUST-00101,Lucas Khan,Consumer,France,Europe,Apparel,Denim Jacket,1,67.61,0.05,19.2,Debit Card,Completed
ORD-105101,2024-09-27,CUST-00162,Lucas Miller,Consumer,United Kingdom,Europe,Sports & Outdoors,Resistance Bands,4,99.17,0.0,24.99,Credit Card,Completed
ORD-105040,2024-05-17,CUST-00533,Yuki Brown,,Japan,Asia,Home & Kitchen,Storage Bin,2,17.76,0.0,15.27,Debit Card,Completed
ORD-104692,2024-05-28,CUST-00680,Elizabeth Smith,Small Business,India,Asia,Apparel,Wool Socks,1,54.52,0.1,19.38,Credit Card,Returned
ORD-106258,2024-11-05,CUST-00307,Tom Miller,Consumer,United States,North America,Beauty,Hair Dryer,1,34.63,0.0,19.9,Credit Card,Completed
ORD-106925,2023-10-14,CUST-00243,Mary Jones,Consumer,Germany,Europe,Sports & Outdoors,Yoga Mat,3,83.42,0.0,24.55,Debit Card,Completed
ORD-103945,2024-04-30,CUST-00741,Elizabeth Davis,Consumer,United Kingdom,Europe,Electronics,Bluetooth Speaker,1,43.26,0.0,20.34,Bank Transfer,Completed
ORD-105233,2024-05-07,CUST-00272,Olivia Zhang,Consumer,Australia,Oceania,Sports & Outdoors,Water Bottle,1,133.69,0.05,4.85,PayPal,Completed
ORD-105030,2024-01-23,CUST-00642,,Consumer,United States,North America,Beauty,Shampoo,1,35.37,0.0,2.53,Credit Card,Completed
ORD-106667,2024-01-15,CUST-00220,Ines Garcia,Consumer,United Kingdom,Europe,Sports & Outdoors,Yoga Mat,1,70.99,0.0,4.53,PayPal,Completed
ORD-103281,2024-09-03,CUST-00347,Sofia Rodriguez,Consumer,United States,North America,Office,Wireless Mouse,1,12.22,0.0,19.24,Credit Card,Completed
ORD-102948,2024-09-06,CUST-00601,Sofia Silva,Small Business,United States,North America,Apparel,T-Shirt,2,11.14,0.0,20.33,PayPal,Completed
ORD-103186,2023-12-11,CUST-00091,Carlos Johnson,Consumer,United States,North America,Beauty,Hair Dryer,3,54.46,0.0,21.7,PayPal,Completed
ORD-103168,2024-06-28,CUST-00185,Elizabeth Brown,Enterprise,United States,North America,Apparel,Running Shoes,3,24.86,0.0,21.33,Debit Card,Completed
ORD-100098,2023-09-22,CUST-00094,Hiro Rossi,Consumer,UNITED STATES,North America,Apparel,Denim Jacket,2,15.08,0.15,20.9,PayPal,Completed
ORD-105645,2024-08-08,CUST-00481,Mary Jones,Consumer,United States,North America,Electronics,USB-C Cable,1,158.46,0.0,5.62,PayPal,Completed
ORD-102430,2024-08-13,CUST-00092,Ahmed Zhang,Small Business,United Kingdom,Europe,Beauty,Shampoo,1,48.56,0.15,8.67,PayPal,Completed
ORD-102246,2024-02-07,CUST-00227,,Consumer,United States,North America,Sports & Outdoors,Camping Tent,1,99.82,0.05,22.82,Debit Card,Completed
ORD-105581,2023-07-15,CUST-00470,Jennifer Johnson,Small Business,India,Asia,Apparel,Denim Jacket,1,71.22,0.0,18.96,Credit Card,Completed
ORD-102077,2024-04-30,CUST-00445,Michael Kumar,Enterprise,MEXICO,South America,Home & Kitchen,Blender,1,79.77,0.2,3.56,PayPal,Completed
ORD-100448,2024-03-18,CUST-00228,Wei Jones,Consumer,Germany,Europe,Beauty,Sunscreen SPF50,2,29.4,0.2,24.08,Debit Card,Completed
ORD-100015,2024-08-31,CUST-00104,Mary Williams,Consumer, united kingdom ,Europe,Beauty,Lip Balm,2,23.78,0.1,5.53,PayPal,Completed
ORD-104394,2024-06-03,CUST-00306,Wei Nakamura,Consumer,United States,North America,Office,Pen Pack,1,10.51,0.0,21.35,Credit Card,Completed
ORD-105094,2024-05-23,CUST-00638,Noah Brown,Enterprise,France,Europe,Apparel,Denim Jacket,4,58.37,0.0,9.38,Credit Card,Cancelled
ORD-101216,2024-02-01,CUST-00517,Jennifer Miller,Consumer,United States,North America,Electronics,USB-C Cable,5,122.14,0.0,19.89,Debit Card,Completed
ORD-103795,2024-03-31,CUST-00682,David Dubois,Enterprise,United States,North America,Office,Wireless Mouse,4,49.85,0.0,24.86,Debit Card,Completed
ORD-106998,2023-03-26,CUST-00181,Ines Nakamura,Consumer,Singapore,Asia,Sports & Outdoors,Resistance Bands,4,178.28,0.0,22.2,Debit Card,Completed
ORD-102343,2023-10-03,CUST-00659,Grace Brown,Consumer,Germany,Europe,Home & Kitchen,Cutting Board,5,110.46,0.0,8.12,Debit Card,Completed
ORD-100287,2023-05-18,CUST-00678,,Consumer,Germany,Europe,Apparel,Denim Jacket,3,25.53,0.2,8.89,Credit Card,Completed
ORD-103844,2023-05-05,CUST-00629,Fatima Miller,Consumer,United States,North America,Electronics,USB-C Cable,1,30.33,0.15,12.9,Debit Card,Completed
ORD-104219,2023-04-23,CUST-00166,Wei Kumar,Consumer, spain ,Europe,Beauty,Face Serum,2,34.64,0.05,21.43,Credit Card,Completed
ORD-102313,2024-02-17,CUST-00406,Patricia Kumar,Consumer,France,Europe,Home & Kitchen,Blender,2,143.97,0.15,18.88,Debit Card,Cancelled
ORD-102860,2023-11-19,CUST-00405,,Consumer,Canada,North America,Electronics,Headphones,1,76.61,0.0,14.09,PayPal,Cancelled
ORD-100780,2023-06-11,CUST-00182,Fatima Nakamura,Consumer,Germany,Europe,Beauty,Face Serum,1,40.93,0.0,20.65,Credit Card,Completed
ORD-106636,2024-08-06,CUST-00704,Emma Brown,Consumer,France,Europe,Home & Kitchen,Cutting Board,1,115.69,0.0,6.4,PayPal,Completed
ORD-104020,2023-04-06,CUST-00465,Ines Williams,Consumer,Singapore,Asia,Sports & Outdoors,Yoga Mat,2,104.97,0.0,5.65,Credit Card,Completed
ORD-102053,2023-12-29,CUST-00733,James Johnson,Consumer,Canada,North America,Beauty,Shampoo,1,59.98,0.05,14.12,Credit Card,Completed
ORD-104525,2024-07-22,CUST-00156,Noah Muller,Small Business,Brazil,South America,Beauty,Hair Dryer,1,11.65,0.0,14.97,Bank Transfer,Completed
ORD-106136,2023-05-18,CUST-00251,Emma Garcia,Consumer,Canada,North America,Beauty,Lip Balm,1,20.45,0.05,5.81,PayPal,Completed
ORD-105844,2024-08-12,CUST-00503,Mary Tanaka,Consumer,United States,North America,Electronics,Headphones,1,194.43,0.0,10.94,PayPal,Completed
ORD-105856,2024-01-24,CUST-00426,Mia Miller,Consumer,United States,North America,Home & Kitchen,Blender,2,47.5,0.0,21.66,Bank Transfer,Completed
ORD-104447,2024-05-30,CUST-00101,,Consumer,France,Europe,Office,Wireless Mouse,1,39.95,0.0,6.04,Debit Card,Returned
ORD-106480,2024-09-07,CUST-00093,Fatima Miller,Consumer,Australia,Oceania,Electronics,USB-C Cable,4,118.38,0.15,2.89,Credit Card,Completed
ORD-100166,2024-01-12,CUST-00053,Patricia Garcia,Small Business,India,Asia,Sports & Outdoors,Water Bottle,2,74.4,0.0,19.33,Credit Card,Returned
ORD-100661,2024-10-18,CUST-00290,Chen Khan,Consumer,United States,North America,Home & Kitchen,Cutting Board,1,134.27,0.0,5.67,Bank Transfer,Completed
ORD-103109,2024-11-20,CUST-00556,Lucas Rossi,Small Business,Canada,North America,Electronics,Laptop Stand,2,119.58,0.1,21.63,Credit Card,Cancelled
ORD-101340,2024-05-18,CUST-00772,James Brown,Consumer,United Kingdom,Europe,Office,Pen Pack,2,62.6,0.0,14.22,Debit Card,Cancelled
ORD-101139,2023-02-04,CUST-00164,Wei Zhang,Small Business,Italy,Europe,Electronics,Bluetooth Speaker,2,144.51,0.0,14.85,PayPal,Returned
ORD-102619,2024-08-07,CUST-00635,James Costa,Consumer,Spain,Europe,Electronics,USB-C Cable,2,79.07,0.0,19.02,PayPal,Returned
ORD-104480,2024-01-31,CUST-00626,Olivia Khan,Consumer,United Kingdom,Europe,Electronics,Headphones,2,54.91,0.2,20.51,Credit Card,Completed
ORD-102217,2024-08-11,CUST-00051,Wei Costa,Enterprise,United States,North America,Apparel,Baseball Cap,1,63.44,0.0,14.27,Credit Card,Completed
ORD-102189,2023-11-14,CUST-00549,Jennifer Brown,Consumer,United Kingdom,Europe,Sports & Outdoors,Yoga Mat,1,53.47,0.0,23.51,Debit Card,Completed
ORD-103833,2024-09-20,CUST-00642,Hiro Davis,,United States,North America,Electronics,Laptop Stand,1,68.91,0.0,8.85,Credit Card,Completed
ORD-106041,2024-10-13,CUST-00619,Liam Costa,Enterprise,Canada,North America,Office,Desk Organizer,1,763.9294565492488,0.0,16.44,PayPal,Completed
ORD-104562,2024-08-03,CUST-00544,Noah Rodriguez,Consumer,Australia,Oceania,Electronics,Laptop Stand,2,49.79,0.0,3.43,Gift Card,Returned
ORD-100300,2024-01-08,CUST-00827,John Davis,Enterprise,Germany,Europe,Home & Kitchen,Cutting Board,2,74.51,0.0,6.63,Credit Card,Completed
ORD-101616,2024-04-15,CUST-00453,Tom Kumar,Consumer,India,Asia,Home & Kitchen,Cutting Board,2,82.16,0.0,23.16,Debit Card,Completed
ORD-105634,2023-10-22,CUST-00850,Sofia Brown,Consumer,United Kingdom,Europe,Home & Kitchen,Storage Bin,2,99.71,0.0,18.62,Credit Card,Completed
ORD-101134,2024-03-04,CUST-00836,Chen Johnson,Enterprise,Brazil,South America,Home & Kitchen,Cutting Board,1,137.61,0.0,5.41,Bank Transfer,Completed
ORD-103082,2024-07-16,CUST-00621,Mia Zhang,Enterprise,Mexico,South America,Apparel,Denim Jacket,1,80.0,0.0,6.34,Credit Card,Completed
ORD-103143,2024-10-19,CUST-00242,Tom Nakamura,Consumer,United States,North America,Apparel,T-Shirt,1,18.49,0.0,19.94,Debit Card,Completed
ORD-101938,2024-06-23,CUST-00435,Ana Khan,Consumer,Singapore,Asia,Apparel,Denim Jacket,1,71.82,0.0,12.01,PayPal,Completed
ORD-101049,2023-10-25,CUST-00508,Elizabeth Kumar,Enterprise,India,Asia,Electronics,Bluetooth Speaker,1,76.63,0.0,23.58,Debit Card,Returned
ORD-106240,2024-09-29,CUST-00473,Elizabeth Kumar,Consumer,AUSTRALIA,Oceania,Electronics,Laptop Stand,1,166.71,0.0,22.46,Gift Card,Completed
ORD-106457,2023-08-29,CUST-00278,Jennifer Zhang,Consumer,ITALY,Europe,Home & Kitchen,Storage Bin,1,135.0,0.15,16.47,Credit Card,Completed
ORD-100847,2024-10-31,CUST-00001,Robert Khan,Consumer,Australia,Oceania,Office,Notebook Set,3,58.54,0.0,13.59,Credit Card,Returned
ORD-100252,2024-04-29,CUST-00346,Jennifer Silva,Consumer,United Kingdom,Europe,Beauty,Lip Balm,4,32.92,0.0,2.37,Credit Card,Completed
ORD-103035,2024-04-03,CUST-00553,Ines Jones,Small Business,United Kingdom,Europe,Beauty,Hair Dryer,1,22.52,0.05,15.95,PayPal,Returned
ORD-101028,2024-07-04,CUST-00721,Mia Rodriguez,Consumer,United Kingdom,Europe,Beauty,Face Serum,1,31.92,0.0,8.67,Debit Card,Completed
ORD-100807,2024-09-19,CUST-00221,Patricia Garcia,Enterprise,United States,North America,Beauty,Shampoo,1,8.12,0.05,9.15,Credit Card,Completed
ORD-101553,2024-07-02,CUST-00073,Fatima Williams,Consumer,Brazil,South America,Sports & Outdoors,Camping Tent,2,37.55,0.0,13.09,PayPal,Completed
ORD-100032,2023-11-14,CUST-00444,Yuki Brown,Small Business,Germany,Europe,Apparel,Wool Socks,2,45.95,0.0,16.79,PayPal,Completed
ORD-100716,2023-12-23,CUST-00830,Fatima Costa,Consumer,Spain,Europe,Office,Standing Desk Mat,1,6.11,0.1,6.15,Credit Card,Completed
ORD-102385,2024-09-06,CUST-00522,Fatima Dubois,Small Business,Germany,Europe,Home & Kitchen,Coffee Maker,4,122.31,0.0,24.32,Credit Card,Completed
ORD-104951,2024-08-07,CUST-00766,Yuki Smith,Small Business,United States,North America,Apparel,Running Shoes,2,41.67,0.05,6.84,Credit Card,Completed
ORD-106782,2023-03-05,CUST-00368,Mary Miller,Small Business,Singapore,Asia,Electronics,Smartphone Case,1,25.89,0.0,22.96,PayPal,Completed
ORD-105839,2023-09-03,CUST-00735,Linda Rossi,Consumer,United Kingdom,Europe,Home & Kitchen,Blender,1,145.5,0.05,4.86,Credit Card,Cancelled
ORD-106999,2023-11-17,CUST-00096,Tom Rodriguez,Consumer,United Kingdom,Europe,Apparel,Baseball Cap,1,25.51,0.1,16.63,Debit Card,Completed
ORD-103460,2024-05-16,CUST-00521,Lucas Nakamura,Small Business,Australia,Oceania,Electronics,Headphones,2,18.7,0.05,18.93,Debit Card,Completed
ORD-105089,2024-07-28,CUST-00697,Elizabeth Tanaka,Consumer,United Kingdom,Europe,Sports & Outdoors,Resistance Bands,1,106.78,0.1,17.2,Debit Card,Completed
ORD-101045,2024-03-18,CUST-00322,Wei Williams,Enterprise,Germany,Europe,Apparel,T-Shirt,2,43.94,0.0,3.91,Bank Transfer,Completed
ORD-102145,2023-08-29,CUST-00645,Lucas Khan,Small Business,India,Asia,Electronics,Headphones,3,70.66,0.05,5.3,PayPal,Completed
ORD-102490,2024-03-02,CUST-00519,Ines Jones,Small Business,Brazil,South America,Beauty,Hair Dryer,1,34.83,0.0,10.1,PayPal,Completed
ORD-103245,2024-07-15,CUST-00522,Fatima Dubois,,Germany,Europe,Beauty,Shampoo,3,29.0,0.0,7.16,PayPal,Completed
ORD-103192,2024-06-06,CUST-00295,Olivia Dubois,Consumer,United States,North America,Apparel,Denim Jacket,1,85.65,0.0,15.7,PayPal,Completed
ORD-105230,2023-12-03,CUST-00340,Grace Costa,Consumer,GERMANY,Europe,Sports & Outdoors,Hiking Backpack,2,138.04,0.0,11.21,Bank Transfer,Completed
ORD-105323,2024-07-13,CUST-00124,Ana Rossi,Small Business,Canada,North America,Apparel,T-Shirt,3,36.88,0.0,9.63,Credit Card,Completed
ORD-103988,2024-08-16,CUST-00765,Olivia Silva,Consumer,United Kingdom,Europe,Beauty,Shampoo,4,7.3,0.0,6.33,Credit Card,Completed
ORD-100331,2023-12-03,CUST-00539,Ana Costa,Consumer,United States,North America,Apparel,Denim Jacket,1,63.23,0.15,9.05,Credit Card,Returned
ORD-106355,2024-08-15,CUST-00676,Elizabeth Davis,Small Business,United Kingdom,Europe,Apparel,Denim Jacket,1,30.16,0.0,2.38,Credit Card,Completed
ORD-103511,2023-10-20,CUST-00632,Jennifer Smith,Consumer,United States,North America,Apparel,Running Shoes,2,57.7,0.0,19.13,Gift Card,Completed
ORD-100862,2023-11-30,CUST-00739,Hiro Dubois,Consumer,United States,North America,Apparel,Baseball Cap,1,58.1,0.1,15.92,PayPal,Completed
ORD-101199,2024-01-16,CUST-00356,Carlos Nakamura,Consumer,India,Asia,Apparel,Denim Jacket,1,39.17,0.1,18.13,Credit Card,Completed
ORD-104424,2024-04-14,CUST-00626,Olivia Khan,,United Kingdom,Europe,Electronics,USB-C Cable,1,77.39,0.0,9.76,PayPal,Returned
ORD-103952,2023-12-12,CUST-00708,Fatima Smith,Consumer,United States,North America,Apparel,Running Shoes,3,42.03,0.0,2.94,Gift Card,Returned
ORD-101089,2024-09-24,CUST-00465,Ines Williams,Consumer,Singapore,Asia,Sports & Outdoors,Yoga Mat,1,81.36,0.0,23.2,Credit Card,Completed
ORD-104220,2024-07-20,CUST-00063,Ahmed Davis,Consumer,India,Asia,Apparel,Denim Jacket,1,83.56,0.0,15.76,Bank Transfer,Completed
ORD-102516,2023-10-14,CUST-00389,James Williams,Small Business,Singapore,Asia,Beauty,Hair Dryer,1,55.8,0.0,2.51,Credit Card,Completed
ORD-100004,2023-08-24,CUST-00681,Ines Garcia,Small Business,Spain,Europe,Office,Pen Pack,2,5.72,0.0,6.48,Credit Card,Completed
ORD-103758,2024-09-13,CUST-00540,Olivia Zhang,Enterprise, united states ,North America,Home & Kitchen,Throw Pillow,2,112.42,0.2,15.22,PayPal,Completed
ORD-103725,2023-05-19,CUST-00588,Fatima Brown,Consumer,United States,North America,Office,Wireless Mouse,1,25.59,0.0,22.25,Debit Card,Completed
ORD-106891,2024-08-11,CUST-00782,Tom Garcia,Small Business,United States,North America,Electronics,Laptop Stand,1,106.34,0.05,19.08,Credit Card,Completed
ORD-104041,2023-08-16,CUST-00174,Sofia Costa,Small Business,United Kingdom,Europe,Sports & Outdoors,Water Bottle,1,149.45,0.0,5.14,PayPal,Completed
ORD-102460,2024-03-19,CUST-00250,Ahmed Rodriguez,Small Business,Singapore,Asia,Beauty,Hair Dryer,1,29.4,0.05,7.48,Gift Card,Completed
ORD-104711,2024-01-23,CUST-00484,Hiro Jones,Small Business,Spain,Europe,Beauty,Sunscreen SPF50,1,10.58,0.0,11.19,PayPal,Completed
ORD-100550,2024-08-10,CUST-00379,Patricia Nakamura,Consumer,GERMANY,Europe,Electronics,USB-C Cable,2,199.28,0.0,13.55,Debit Card,Completed
ORD-104653,2023-09-23,CUST-00535,David Muller,,CANADA,North America,Apparel,T-Shirt,1,15.63,0.2,6.73,Debit Card,Completed
ORD-105556,2023-10-26,CUST-00562,Lucas Garcia,Consumer,Canada,North America,Electronics,USB-C Cable,1,114.34,0.0,,Credit Card,Completed
ORD-104361,2024-06-12,CUST-00467,Raj Zhang,Consumer,GERMANY,Europe,Apparel,Baseball Cap,1,67.09,0.0,16.2,Credit Card,Completed
ORD-105192,2023-10-22,CUST-00270,Mary Brown,Consumer,Mexico,South America,Electronics,Smartphone Case,1,137.58,0.0,19.24,Credit Card,Returned
ORD-106423,2024-04-26,CUST-00281,Tom Smith,,France,Europe,Beauty,Sunscreen SPF50,1,15.99,0.0,24.81,PayPal,Completed
ORD-101472,2024-07-22,CUST-00333,David Silva,Consumer,Mexico,South America,Sports & Outdoors,Resistance Bands,1,170.03,0.0,17.8,Credit Card,Completed
ORD-101235,2024-04-12,CUST-00502,Olivia Rodriguez,Small Business,Germany,Europe,Apparel,Baseball Cap,1,17.93,0.0,23.43,Credit Card,Completed
ORD-101155,2024-01-18,CUST-00295,,Consumer,United States,North America,Sports & Outdoors,Water Bottle,2,69.16,0.0,15.98,Debit Card,Completed
ORD-101402,2023-08-20,CUST-00166,Wei Kumar,Consumer,Spain,Europe,Home & Kitchen,Coffee Maker,1,113.78,0.0,6.5,Credit Card,Completed
ORD-100919,2024-07-18,CUST-00616,Ahmed Silva,Consumer,Italy,Europe,Electronics,Smartphone Case,2,29.69,0.05,8.1,Credit Card,Returned
ORD-104521,2024-10-23,CUST-00377,Hiro Muller,Enterprise,Mexico,South America,Apparel,Running Shoes,5,41.27,0.0,24.04,Bank Transfer,Completed
ORD-102349,2024-02-18,CUST-00589,Jennifer Williams,Consumer,Mexico,South America,Beauty,Lip Balm,4,17.13,0.0,23.3,PayPal,Completed
ORD-106046,2024-03-15,CUST-00333,David Silva,Consumer,Mexico,South America,Apparel,Wool Socks,1,46.81,0.1,9.86,Gift Card,Completed
ORD-103661,2023-10-03,CUST-00339,Emma Miller,Consumer,Italy,Europe,Apparel,Denim Jacket,1,83.23,0.0,7.88,Debit Card,Completed
ORD-105594,2024-06-18,CUST-00539,Ana Costa,Consumer,United States,North America,Home & Kitchen,Storage Bin,2,2368.1300792559546,0.0,14.97,Credit Card,Completed
ORD-102602,2024-01-01,CUST-00305,Hiro Dubois,Enterprise,Mexico,South America,Sports & Outdoors,Yoga Mat,1,164.81,0.05,22.11,Gift Card,Completed
ORD-106019,2024-12-01,CUST-00472,Wei Dubois,Consumer,Japan,Asia,Apparel,Wool Socks,2,47.66,0.0,5.32,Credit Card,Completed
ORD-101822,2024-02-22,CUST-00467,Raj Zhang,Consumer,Germany,Europe,Electronics,USB-C Cable,1,79.8,0.0,21.06,Debit Card,Completed
ORD-100468,2024-03-21,CUST-00510,Hiro Martinez,Consumer,Canada,North America,Electronics,USB-C Cable,3,178.74,0.0,7.6,Credit Card,Completed
ORD-104441,2024-05-22,CUST-00265,Mia Miller,Consumer,United States,North America,Office,Desk Organizer,4,43.53,0.0,8.17,Credit Card,Completed
ORD-101493,2024-11-20,CUST-00284,Wei Nakamura,Consumer,United States,North America,Electronics,Headphones,2,57.66,0.0,8.03,Credit Card,Completed
ORD-104631,2024-08-28,CUST-00684,Hiro Miller,Enterprise,United States,North America,Electronics,Bluetooth Speaker,1,136.16,0.0,17.52,Credit Card,Completed
ORD-106410,2024-01-27,CUST-00324,Tom Jones,Consumer,United States,North America,Beauty,Shampoo,1,44.7,0.1,2.24,Credit Card,Completed
ORD-106381,2023-10-18,CUST-00216,Linda Rossi,Consumer,France,Europe,Electronics,Bluetooth Speaker,1,178.71,0.0,9.37,Credit Card,Completed
ORD-104171,2024-05-22,CUST-00250,Ahmed Rodriguez,Small Business,Singapore,Asia,Electronics,Bluetooth Speaker,1,70.6,0.0,24.21,Debit Card,Completed
ORD-105176,2023-11-06,CUST-00727,Tom Garcia,Enterprise,Japan,Asia,Electronics,Headphones,4,106.31,0.0,,Debit Card,Completed
ORD-106000,2024-03-24,CUST-00694,Jennifer Smith,Consumer,United States,North America,Electronics,Laptop Stand,1,146.92,0.0,4.87,Bank Transfer,Returned
ORD-103755,2024-09-23,CUST-00001,Robert Khan,Consumer,Australia,Oceania,Electronics,Headphones,1,139.08,0.05,16.92,PayPal,Completed
ORD-104940,2023-11-11,CUST-00714,Ana Costa,Enterprise,Germany,Europe,Sports & Outdoors,Resistance Bands,1,159.83,0.0,18.64,PayPal,Completed
ORD-101889,2024-05-19,CUST-00172,Robert Garcia,Consumer,United States,North America,Electronics,Laptop Stand,1,194.52,0.0,15.05,Credit Card,Completed
ORD-106842,2024-05-22,CUST-00337,Ahmed Tanaka,Consumer,Italy,Europe,Home & Kitchen,Throw Pillow,1,117.83,0.2,5.62,Bank Transfer,Completed
ORD-104862,2023-12-05,CUST-00620,Carlos Garcia,Consumer,Canada,North America,Apparel,Running Shoes,1,29.19,0.0,15.47,Credit Card,Returned
ORD-103129,2024-02-02,CUST-00222,Yuki Johnson,Consumer,India,Asia,Electronics,Headphones,1,203.41,0.05,23.18,Credit Card,Completed
ORD-102488,2024-10-10,CUST-00567,Sofia Nakamura,Small Business,Brazil,South America,Apparel,Baseball Cap,2,65.89,0.05,13.37,Debit Card,Completed
ORD-105341,2023-10-31,CUST-00437,Grace Johnson,Enterprise,United Kingdom,Europe,Beauty,Sunscreen SPF50,1,19.67,0.0,9.87,Credit Card,Completed
ORD-100022,2023-07-25,CUST-00080,Mia Khan,Consumer,United States,North America,Sports & Outdoors,Camping Tent,2,39.75,0.0,20.0,Credit Card,Completed
ORD-106918,2023-11-26,CUST-00475,Sofia Martinez,Consumer,United Kingdom,Europe,Electronics,Laptop Stand,1,154.91,0.15,3.45,Credit Card,Returned
ORD-105254,2024-05-19,CUST-00624,Yuki Costa,Consumer,Germany,Europe,Apparel,T-Shirt,1,41.54,0.0,12.38,Credit Card,Completed
ORD-106907,2024-11-12,CUST-00173,Carlos Miller,Small Business,United States,North America,Sports & Outdoors,Resistance Bands,2,106.15,0.0,2.85,Gift Card,Completed
ORD-106614,2024-07-01,CUST-00058,Lucas Kumar,Consumer,Brazil,South America,Office,Pen Pack,1,43.99,0.2,23.75,Debit Card,Completed
ORD-103276,2023-11-04,CUST-00211,Linda Dubois,Small Business,United States,North America,Apparel,T-Shirt,1,29.76,0.0,14.7,Credit Card,Completed
ORD-102404,2024-12-13,CUST-00106,Ana Miller,Consumer,India,Asia,Beauty,Sunscreen SPF50,1,59.16,0.0,22.06,Credit Card,Completed
ORD-103593,2024-07-11,CUST-00285,Ines Rossi,Enterprise,United States,North America,Beauty,Lip Balm,1,46.45,0.0,18.11,Debit Card,Completed
ORD-101315,2024-06-12,CUST-00704,Emma Brown,Consumer,France,Europe,Office,Desk Organizer,1,36.41,0.0,18.27,Credit Card,Completed
ORD-105294,2023-12-06,CUST-00389,James Williams,Small Business,Singapore,Asia,Home & Kitchen,Cutting Board,1,135.12,0.0,23.03,Credit Card,Completed
ORD-101048,2023-08-05,CUST-00042,Ana Rodriguez,Consumer,Germany,Europe,Home & Kitchen,Cutting Board,1,20.35,0.0,22.38,PayPal,Completed
ORD-103248,2023-11-30,CUST-00392,Elizabeth Khan,Consumer,India,Asia,Office,Wireless Mouse,2,17.64,0.05,21.33,Debit Card,Completed
ORD-106501,2024-09-28,CUST-00151,James Smith,Enterprise,India,Asia,Apparel,T-Shirt,1,56.81,0.15,21.84,Credit Card,Completed
ORD-105445,2024-11-22,CUST-00427,Hiro Rossi,Consumer,United Kingdom,Europe,Apparel,T-Shirt,1,85.72,0.0,12.91,Credit Card,Completed
ORD-104067,2024-01-17,CUST-00621,Mia Zhang,Enterprise,Mexico,South America,Electronics,Smartphone Case,1,166.09,0.0,16.54,Debit Card,Completed
ORD-105118,2024-05-04,CUST-00790,Fatima Rodriguez,Consumer,France,Europe,Electronics,Headphones,1,136.45,0.0,7.21,Debit Card,Completed
ORD-100811,2023-11-06,CUST-00396,Mary Costa,Consumer, mexico ,South America,Electronics,Bluetooth Speaker,1,146.09,0.0,21.2,Credit Card,Completed
ORD-103742,2024-03-12,CUST-00010,Liam Smith,Consumer,INDIA,Asia,Home & Kitchen,Storage Bin,3,35.74,0.0,8.49,Credit Card,Completed
ORD-102480,2024-09-04,CUST-00536,,Enterprise,Canada,North America,Beauty,Shampoo,2,26.23,0.0,5.58,Credit Card,Completed
ORD-104823,2024-01-25,CUST-00199,Noah Smith,Consumer,India,Asia,Home & Kitchen,Cutting Board,1,35.29,0.0,18.37,Bank Transfer,Completed
ORD-104204,2024-02-04,CUST-00373,,Small Business,Canada,North America,Electronics,Laptop Stand,1,136.45,0.0,22.85,Credit Card,Completed
ORD-103252,2023-11-12,CUST-00649,John Costa,Enterprise,United States,North America,Beauty,Hair Dryer,2,47.32,0.0,6.38,Credit Card,Completed
ORD-101369,2023-09-20,CUST-00146,Sofia Jones,Consumer,Germany,Europe,Electronics,Smartphone Case,1,41.08,0.0,14.47,Credit Card,Completed
ORD-102669,2023-12-30,CUST-00801,,Small Business,INDIA,Asia,Beauty,Shampoo,1,17.79,0.2,9.24,Credit Card,Completed
ORD-105337,2024-02-06,CUST-00159,Tom Garcia,Consumer,GERMANY,Europe,Home & Kitchen,Throw Pillow,2,82.07,0.0,6.75,Debit Card,Completed
ORD-101521,2024-09-13,CUST-00803,Emma Zhang,Consumer,United Kingdom,Europe,Electronics,Headphones,5,102.25,0.0,21.32,PayPal,Completed
ORD-104032,2024-10-30,CUST-00795,Sofia Brown,Consumer,United States,North America,Home & Kitchen,Storage Bin,1,102.64,0.15,,Credit Card,Completed
ORD-106631,2024-09-15,CUST-00722,Chen Rodriguez,Small Business,Canada,North America,Home & Kitchen,Coffee Maker,3,129.74,0.15,20.07,Debit Card,Completed
ORD-105033,2024-04-19,CUST-00063,Ahmed Davis,Consumer,INDIA,Asia,Electronics,Headphones,1,57.7,0.0,17.16,Credit Card,Completed
ORD-101206,2023-09-08,CUST-00547,Robert Jones,Small Business,India,Asia,Home & Kitchen,Throw Pillow,1,95.39,0.0,12.72,Credit Card,Completed
ORD-102333,2024-07-28,CUST-00758,Ines Silva,Small Business,Singapore,Asia,Office,Pen Pack,2,23.3,0.1,21.72,Debit Card,Completed
ORD-105530,2023-08-11,CUST-00551,Mia Garcia,Consumer,Canada,North America,Electronics,Bluetooth Speaker,1,82.1,0.0,8.86,PayPal,Completed
ORD-105332,2023-10-07,CUST-00426,Mia Miller,Consumer,United States,North America,Sports & Outdoors,Yoga Mat,1,88.85,0.0,22.58,Credit Card,Completed
ORD-103850,2023-09-15,CUST-00521,Lucas Nakamura,Small Business,Australia,Oceania,Home & Kitchen,Throw Pillow,2,120.27,0.0,24.13,Gift Card,Returned
ORD-104227,2024-08-08,CUST-00473,Elizabeth Kumar,Consumer,Australia,Oceania,Apparel,Running Shoes,1,22.71,0.1,23.25,Debit Card,Completed
ORD-104618,2023-07-13,CUST-00277,Chen Rossi,Consumer,Spain,Europe,Beauty,Sunscreen SPF50,1,44.68,0.0,19.22,Credit Card,Completed
ORD-100956,2023-08-25,CUST-00357,Noah Smith,Consumer,Australia,Oceania,Electronics,Laptop Stand,2,37.39,0.0,5.37,Credit Card,Completed
ORD-105010,2023-12-21,CUST-00378,James Kumar,Consumer,India,Asia,Apparel,Baseball Cap,1,70.0,0.0,11.63,Credit Card,Completed
ORD-100860,2024-03-21,CUST-00198,Yuki Rodriguez,Consumer,Spain,Europe,Office,Pen Pack,1,17.17,0.1,22.51,PayPal,Completed
ORD-102034,2023-09-25,CUST-00670,David Williams,Consumer,India,Asia,Home & Kitchen,Storage Bin,2,62.9,0.0,16.83,Debit Card,Completed
ORD-101316,2024-05-07,CUST-00304,John Garcia,Small Business,Australia,Oceania,Home & Kitchen,Storage Bin,1,56.76,0.0,11.69,PayPal,Returned
ORD-102400,2024-09-05,CUST-00488,Patricia Kumar,Consumer,United Kingdom,Europe,Home & Kitchen,Throw Pillow,2,67.29,0.0,14.57,Credit Card,Completed
ORD-105944,2023-02-27,CUST-00195,Emma Williams,Consumer,Brazil,South America,Beauty,Hair Dryer,1,49.8,0.0,7.57,Debit Card,Completed
ORD-104720,2023-08-26,CUST-00194,Priya Miller,Consumer,France,Europe,Apparel,Baseball Cap,1,88.87,0.0,6.49,Credit Card,Completed
ORD-104785,2023-10-05,CUST-00137,,Enterprise,Italy,Europe,Beauty,Shampoo,1,36.92,0.0,7.08,PayPal,Completed
ORD-103905,2024-06-13,CUST-00829,Mary Costa,Consumer,Japan,Asia,Electronics,Smartphone Case,1,203.8,0.0,8.93,Gift Card,Completed
ORD-105627,2024-09-24,CUST-00413,Ahmed Jones,Consumer,United States,North America,Apparel,Wool Socks,1,89.3,0.0,12.2,PayPal,Completed
ORD-101367,2023-10-03,CUST-00544,Noah Rodriguez,,Australia,Oceania,Electronics,Headphones,1,105.3,0.0,15.74,Debit Card,Completed
ORD-103044,2024-09-27,CUST-00795,Sofia Brown,Consumer,United States,North America,Home & Kitchen,Blender,1,11.84,0.15,6.86,Debit Card,Completed
ORD-103925,2024-08-10,CUST-00153,Priya Nakamura,Consumer,Japan,Asia,Home & Kitchen,Blender,4,23.6,0.0,,Credit Card,Cancelled
ORD-105644,2024-07-25,CUST-00272,Olivia Zhang,Consumer,Australia,Oceania,Sports & Outdoors,Hiking Backpack,1,164.59,0.05,10.39,Debit Card,Completed
ORD-104707,2024-10-30,CUST-00657,Emma Martinez,Consumer,United Kingdom,Europe,Sports & Outdoors,Resistance Bands,1,22.71,0.1,4.56,Credit Card,Completed
ORD-102507,2024-07-16,CUST-00296,Wei Davis,Consumer,United States,North America,Sports & Outdoors,Water Bottle,1,178.79,0.0,19.62,Credit Card,Completed
ORD-100463,2023-09-24,CUST-00497,Liam Rossi,Consumer,United States,North America,Electronics,Laptop Stand,1,190.55,0.0,16.42,Debit Card,Completed
ORD-101574,2024-06-23,CUST-00810,Mary Muller,Small Business,India,Asia,Apparel,Denim Jacket,1,21.47,0.0,14.55,Credit Card,Completed
ORD-104889,2024-02-25,CUST-00818,Lucas Tanaka,Small Business,Japan,Asia,Office,Standing Desk Mat,1,64.15,0.05,4.68,Debit Card,Completed
ORD-100309,2023-05-17,CUST-00724,Ana Kumar,Consumer,Canada,North America,Electronics,USB-C Cable,1,45.01,0.15,12.07,Credit Card,Completed
ORD-102122,2024-08-14,CUST-00311,Ana Garcia,Consumer,United Kingdom,Europe,Home & Kitchen,Blender,1,91.99,0.0,13.21,Gift Card,Completed
ORD-100580,2023-12-06,CUST-00626,Olivia Khan,Consumer,United Kingdom,Europe,Home & Kitchen,Throw Pillow,1,98.88,0.05,10.68,Bank Transfer,Completed
ORD-104202,2024-03-10,CUST-00718,John Smith,Small Business,Japan,Asia,Home & Kitchen,Cutting Board,3,85.82,0.0,5.24,Credit Card,Completed
ORD-101706,2024-10-28,CUST-00423,Ines Brown,Enterprise,Germany,Europe,Electronics,USB-C Cable,1,172.74,0.0,13.47,Bank Transfer,Completed
ORD-103787,2023-05-12,CUST-00573,Michael Miller,Small Business,Italy,Europe,Electronics,Bluetooth Speaker,2,133.34,0.15,23.72,PayPal,Cancelled
ORD-105359,2024-05-22,CUST-00383,Linda Tanaka,Small Business,Germany,Europe,Apparel,Wool Socks,1,52.72,0.0,16.0,Credit Card,Completed
ORD-102995,2024-02-06,CUST-00432,Priya Miller,Consumer,United Kingdom,Europe,Electronics,Headphones,2,131.79,0.0,16.2,PayPal,Completed
ORD-102038,2024-07-01,CUST-00600,Linda Garcia,Consumer,Spain,Europe,Home & Kitchen,Coffee Maker,1,77.34,0.0,17.51,PayPal,Completed
ORD-105605,2023-09-04,CUST-00846,Ines Zhang,Small Business,UNITED KINGDOM,Europe,Office,Wireless Mouse,1,4.55,0.0,20.94,PayPal,Completed
ORD-105488,2024-04-23,CUST-00242,Tom Nakamura,Consumer,United States,North America,Beauty,Shampoo,2,15.05,0.0,18.19,Credit Card,Completed
ORD-102096,2024-04-26,CUST-00340,Grace Costa,Consumer,Germany,Europe,Office,Notebook Set,1,30.93,0.2,19.92,Debit Card,Completed
ORD-100871,2024-06-11,CUST-00390,Noah Kumar,Small Business,United States,North America,Electronics,Laptop Stand,2,182.49,0.0,16.61,PayPal,Completed
ORD-105607,2024-02-15,CUST-00796,David Khan,Enterprise,United States,North America,Beauty,Hair Dryer,1,41.98,0.0,22.23,PayPal,Completed
ORD-105210,2023-06-21,CUST-00414,Robert Williams,Small Business,United Kingdom,Europe,Electronics,Headphones,1,70.35,0.0,22.16,Credit Card,Completed
ORD-103050,2024-03-29,CUST-00153,Priya Nakamura,Consumer,Japan,Asia,Home & Kitchen,Throw Pillow,2,142.2,0.0,15.82,Bank Transfer,Completed
ORD-106916,2024-01-25,CUST-00675,Ahmed Smith,Consumer,Germany,Europe,Electronics,Headphones,1,203.18,0.0,23.37,Debit Card,Returned
ORD-102657,2023-11-01,CUST-00591,Ana Zhang,Small Business,Spain,Europe,Sports & Outdoors,Camping Tent,1,100.6,0.05,14.12,PayPal,Completed
ORD-105147,2024-04-17,CUST-00705,Hiro Brown,Small Business,United States,North America,Beauty,Shampoo,1,14.11,0.0,21.5,Credit Card,Completed
ORD-103503,2024-09-04,CUST-00690,Grace Nakamura,Consumer,Germany,Europe,Apparel,Wool Socks,1,49.83,0.0,22.9,Credit Card,Completed
ORD-104358,2024-10-17,CUST-00749,Mia Davis,Consumer,Canada,North America,Home & Kitchen,Cutting Board,1,98.7,0.0,11.19,Debit Card,Completed
ORD-100977,2023-05-07,CUST-00142,John Johnson,Small Business,Japan,Asia,Home & Kitchen,Coffee Maker,1,76.94,0.0,16.09,Credit Card,Completed
ORD-103353,2024-11-05,CUST-00435,Ana Khan,Consumer,Singapore,Asia,Home & Kitchen,Blender,2,42.74,0.0,7.78,Credit Card,Completed
ORD-100958,2024-09-04,CUST-00687,James Williams,Consumer,Brazil,South America,Apparel,Baseball Cap,3,8.73,0.05,20.12,Credit Card,Completed
ORD-103700,2024-09-23,CUST-00418,Ana Williams,Consumer,Spain,Europe,Electronics,Bluetooth Speaker,2,32.89,0.0,9.47,Credit Card,Returned
ORD-101341,2024-01-20,CUST-00671,Patricia Smith,Consumer,United States,North America,Home & Kitchen,Coffee Maker,2,50.39,0.0,10.27,Debit Card,Completed
ORD-101823,2024-08-20,CUST-00136,Mary Rossi,Consumer,Singapore,Asia,Office,Wireless Mouse,3,30.07,0.0,17.56,Debit Card,Completed
ORD-102330,2024-03-30,CUST-00176,Emma Davis,Enterprise,Mexico,South America,Electronics,Laptop Stand,1,39.47,0.0,2.54,PayPal,Completed
ORD-101930,2023-11-27,CUST-00837,Mary Kumar,Small Business,Germany,Europe,Sports & Outdoors,Camping Tent,2,47.39,0.0,23.37,Credit Card,Returned
ORD-103881,2023-12-10,CUST-00644,Elizabeth Rodriguez,,SPAIN,Europe,Sports & Outdoors,Water Bottle,1,61.81,0.0,23.86,Debit Card,Completed
ORD-106351,2023-01-06,CUST-00765,Olivia Silva,Consumer,United Kingdom,Europe,Sports & Outdoors,Camping Tent,1,160.07,0.1,2.11,PayPal,Completed
ORD-105862,2023-10-25,CUST-00441,Linda Martinez,Consumer,United States,North America,Office,Desk Organizer,1,50.83,0.0,20.29,PayPal,Completed
ORD-100354,2024-10-05,CUST-00847,Elizabeth Smith,Consumer,Germany,Europe,Home & Kitchen,Cutting Board,3,48.57,0.0,22.6,Credit Card,Returned
ORD-104828,2024-07-28,CUST-00375,Carlos Costa,Consumer,Germany,Europe,Home & Kitchen,Blender,2,64.6,0.0,3.14,Debit Card,Completed
ORD-101446,2024-09-18,CUST-00347,,Consumer,United States,North America,Home & Kitchen,Blender,4,17.81,0.0,22.77,PayPal,Returned
ORD-104799,2023-10-02,CUST-00147,Noah Tanaka,Small Business,Australia,Oceania,Sports & Outdoors,Hiking Backpack,1,125.43,0.0,7.23,Credit Card,Completed
ORD-102727,2024-06-25,CUST-00292,Grace Davis,,Australia,Oceania,Office,Desk Organizer,1,6.75,0.0,18.09,PayPal,Cancelled
ORD-106528,2023-06-13,CUST-00283,Mia Davis,Small Business,United States,North America,Beauty,Sunscreen SPF50,3,54.32,0.05,9.13,Gift Card,Completed
ORD-104257,2024-08-27,CUST-00785,Ana Jones,Consumer,Germany,Europe,Electronics,USB-C Cable,1,53.02,0.0,22.36,PayPal,Completed
ORD-103201,2024-06-04,CUST-00445,Michael Kumar,Enterprise,Mexico,South America,Home & Kitchen,Throw Pillow,5,111.61,0.0,16.43,Credit Card,Completed
ORD-105305,2023-10-02,CUST-00328,John Costa,Small Business,Germany,Europe,Electronics,Headphones,1,161.05,0.0,22.75,PayPal,Completed
ORD-106091,2024-08-17,CUST-00142,John Johnson,Small Business,Japan,Asia,Home & Kitchen,Throw Pillow,3,134.52,0.15,13.54,Debit Card,Completed
ORD-101386,2024-02-20,CUST-00818,Lucas Tanaka,Small Business,Japan,Asia,Sports & Outdoors,Hiking Backpack,1,15.37,0.1,22.73,Debit Card,Completed
ORD-106082,2024-03-18,CUST-00819,Hiro Silva,Consumer,Spain,Europe,Apparel,T-Shirt,2,79.22,0.05,10.8,Credit Card,Completed
ORD-103722,2024-07-22,CUST-00488,Patricia Kumar,Consumer,United Kingdom,Europe,Home & Kitchen,Blender,1,140.85,0.1,24.23,PayPal,Completed
ORD-100502,2023-10-05,CUST-00261,David Garcia,Enterprise,Germany,Europe,Electronics,Bluetooth Speaker,1,71.04,0.0,20.63,Debit Card,Returned
ORD-103525,2024-07-07,CUST-00428,Yuki Rodriguez,Consumer,Spain,Europe,Electronics,Bluetooth Speaker,1,206.84,0.05,24.78,Gift Card,Completed
ORD-106141,2024-07-31,CUST-00729,Ines Kumar,Consumer,Japan,Asia,Apparel,Wool Socks,1,36.94,0.15,23.25,Credit Card,Completed
ORD-101145,2024-08-23,CUST-00434,Grace Davis,Consumer,France,Europe,Electronics,Bluetooth Speaker,2,141.63,0.2,5.35,Credit Card,Returned
ORD-102105,2024-05-27,CUST-00468,Grace Johnson,Enterprise,United Kingdom,Europe,Electronics,Laptop Stand,-1,204.45,0.0,23.16,Bank Transfer,Completed
ORD-102234,2023-11-19,CUST-00140,Chen Khan,Consumer,BRAZIL,South America,Electronics,Smartphone Case,1,180.26,0.0,14.42,Debit Card,Completed
ORD-106993,2024-08-23,CUST-00726,Lucas Zhang,Consumer,Singapore,Asia,Electronics,Bluetooth Speaker,1,145.02,0.0,4.02,Credit Card,Completed
ORD-101008,2024-09-15,CUST-00710,Wei Miller,Consumer,United States,North America,Electronics,Laptop Stand,1,84.09,0.0,7.5,Debit Card,Completed
ORD-106673,2024-07-28,CUST-00710,Wei Miller,Consumer,United States,North America,Beauty,Lip Balm,1,30.38,0.0,2.36,Gift Card,Completed
ORD-105302,2024-01-01,CUST-00345,Olivia Kumar,Enterprise,United Kingdom,Europe,Office,Pen Pack,2,4.83,0.0,23.65,Gift Card,Returned
ORD-102172,2024-06-27,CUST-00187,Grace Zhang,Consumer,United States,North America,Office,Pen Pack,1,58.19,0.05,15.26,Credit Card,Cancelled
ORD-104465,2023-08-23,CUST-00804,Noah Dubois,Small Business,Mexico,South America,Home & Kitchen,Throw Pillow,2,84.23,0.0,11.06,Debit Card,Completed
ORD-103217,2024-06-09,CUST-00201,Raj Martinez,Small Business,Brazil,South America,Electronics,Bluetooth Speaker,1,178.5,0.05,14.05,Debit Card,Completed
ORD-106542,2024-06-29,CUST-00568,John Nakamura,,Spain,Europe,Sports & Outdoors,Hiking Backpack,1,150.04,0.0,3.91,Credit Card,Completed
ORD-105135,2023-11-08,CUST-00688,Grace Garcia,Consumer,United States,North America,Electronics,USB-C Cable,1,133.92,0.1,11.82,Credit Card,Completed
ORD-101319,2024-08-13,CUST-00007,Chen Costa,Small Business,India,Asia,Electronics,Headphones,2,137.88,0.05,11.51,Credit Card,Returned
ORD-104590,2024-03-05,CUST-00347,Sofia Rodriguez,Consumer,United States,North America,Electronics,Headphones,4,177.18,0.15,12.71,Credit Card,Completed
ORD-103983,2024-02-27,CUST-00717,Sofia Khan,Consumer, italy ,Europe,Sports & Outdoors,Camping Tent,1,75.06,0.0,7.81,Debit Card,Completed
ORD-104430,2024-03-01,CUST-00830,Fatima Costa,Consumer,Spain,Europe,Home & Kitchen,Storage Bin,1,116.35,0.2,21.66,Debit Card,Completed
ORD-101476,2024-03-19,CUST-00392,Elizabeth Khan,Consumer,India,Asia,Sports & Outdoors,Resistance Bands,1,132.15,0.05,9.76,Bank Transfer,Completed
ORD-100680,2024-12-05,CUST-00323,Chen Nakamura,Consumer,FRANCE,Europe,Office,Desk Organizer,2,9.01,0.0,17.84,PayPal,Returned
ORD-105573,2023-06-27,CUST-00185,Elizabeth Brown,Enterprise,United States,North America,Sports & Outdoors,Resistance Bands,2,138.62,0.05,4.96,Debit Card,Completed
ORD-103927,2024-02-20,CUST-00087,Raj Johnson,Consumer,United States,North America,Home & Kitchen,Storage Bin,4,21.06,0.0,4.3,Credit Card,Completed
ORD-100381,2023-05-26,CUST-00253,Ana Miller,Enterprise,United States,North America,Apparel,Running Shoes,4,89.62,0.0,19.38,Credit Card,Completed
ORD-106952,2024-06-03,CUST-00304,John Garcia,Small Business,Australia,Oceania,Apparel,Baseball Cap,1,34.36,0.0,10.7,Bank Transfer,Completed
ORD-104164,2024-05-14,CUST-00068,Elizabeth Nakamura,Consumer,United States,North America,Home & Kitchen,Coffee Maker,2,36.46,0.0,3.83,Credit Card,Completed
ORD-105499,2024-06-05,CUST-00522,Fatima Dubois,Small Business,Germany,Europe,Apparel,Denim Jacket,2,79.78,0.0,4.37,Credit Card,Returned
ORD-101883,2024-10-05,CUST-00466,Tom Brown,Consumer,Brazil,South America,Apparel,T-Shirt,1,73.86,0.0,24.19,PayPal,Completed
ORD-100478,2024-06-05,CUST-00120,Ines Khan,Consumer,Spain,Europe,Electronics,Smartphone Case,1,60.44,0.0,23.93,Bank Transfer,Completed
ORD-106401,2023-10-10,CUST-00327,Emma Kumar,Consumer,Mexico,South America,Electronics,Laptop Stand,2,117.57,0.0,14.57,Gift Card,Completed
ORD-102383,2024-08-06,CUST-00138,John Muller,Consumer,Australia,Oceania,Beauty,Sunscreen SPF50,2,41.12,0.0,23.35,Credit Card,Completed
ORD-106756,2024-01-12,CUST-00206,Fatima Tanaka,Small Business,United Kingdom,Europe,Home & Kitchen,Blender,1,50.42,0.15,3.38,Credit Card,Completed
ORD-102360,2023-11-04,CUST-00027,,Small Business,Italy,Europe,Office,Notebook Set,2,43.4,0.0,24.22,Credit Card,Completed
ORD-100426,2024-01-02,CUST-00547,Robert Jones,Small Business,India,Asia,Sports & Outdoors,Water Bottle,1,59.54,0.05,22.06,PayPal,Completed
ORD-105444,2023-02-24,CUST-00603,Lucas Johnson,Consumer,United Kingdom,Europe,Sports & Outdoors,Resistance Bands,1,57.62,0.0,22.53,Credit Card,Completed
ORD-102256,2024-08-04,CUST-00636,Michael Rodriguez,Consumer,United States,North America,Beauty,Sunscreen SPF50,1,50.89,0.0,12.74,PayPal,Completed
ORD-101334,2023-07-18,CUST-00440,Robert Smith,Small Business,Australia,Oceania,Electronics,Headphones,1,75.27,0.0,20.69,PayPal,Completed
ORD-100200,2024-05-22,CUST-00016,Sofia Costa,,United Kingdom,Europe,Electronics,Headphones,4,164.69,0.05,22.18,PayPal,Completed
ORD-105160,2024-08-29,CUST-00146,Sofia Jones,Consumer,Germany,Europe,Office,Wireless Mouse,1,63.38,0.1,14.37,Credit Card,Cancelled
ORD-101939,2023-11-01,CUST-00813,Mary Zhang,Small Business,Germany,Europe,Sports & Outdoors,Resistance Bands,1,148.1,0.1,17.43,Credit Card,Completed
ORD-100144,2024-08-23,CUST-00838,Yuki Rodriguez,Consumer,United States,North America,Home & Kitchen,Coffee Maker,1,105.56,0.0,15.99,Bank Transfer,Completed
ORD-103821,2024-04-14,CUST-00681,Ines Garcia,Small Business,Spain,Europe,Sports & Outdoors,Hiking Backpack,4,155.25,0.0,6.88,Bank Transfer,Completed
ORD-104346,2024-05-28,CUST-00559,Patricia Khan,Enterprise,India,Asia,Electronics,USB-C Cable,1,49.29,0.0,8.11,Debit Card,Completed
ORD-106190,2024-07-27,CUST-00025,Grace Rossi,Consumer,United States,North America,Beauty,Shampoo,2,19.59,0.0,23.77,Debit Card,Completed
ORD-100305,2024-05-16,CUST-00152,Ahmed Brown,Consumer,United States,North America,Home & Kitchen,Storage Bin,1,95.18,0.0,21.84,Debit Card,Completed
ORD-101455,2023-11-29,CUST-00193,Ahmed Dubois,Consumer,Australia,Oceania,Apparel,Wool Socks,1,39.72,0.0,9.95,Credit Card,Completed
ORD-104789,2023-10-15,CUST-00158,Ines Martinez,Consumer,United States,North America,Home & Kitchen,Blender,2,21.84,0.2,4.21,PayPal,Completed
ORD-104514,2024-02-06,CUST-00382,Ines Costa,Consumer,United Kingdom,Europe,Apparel,Running Shoes,1,43.6,0.0,2.9,Credit Card,Completed
ORD-100912,2024-01-12,CUST-00331,Mia Silva,Small Business,Japan,Asia,Home & Kitchen,Coffee Maker,1,105.35,0.0,,Debit Card,Completed
ORD-106483,2024-03-27,CUST-00116,Grace Khan,Enterprise,Canada,North America,Beauty,Shampoo,1,19.89,0.0,10.48,Credit Card,Completed
ORD-102597,2023-07-18,CUST-00597,Mia Rossi,Consumer, india ,Asia,Apparel,Running Shoes,2,29.57,0.0,15.18,PayPal,Completed
ORD-104682,2024-07-10,CUST-00161,John Rodriguez,Consumer,FRANCE,Europe,Apparel,T-Shirt,1,16.16,0.0,12.88,Credit Card,Completed
ORD-102310,2024-07-05,CUST-00724,Ana Kumar,, canada ,North America,Apparel,Baseball Cap,1,30.83,0.1,3.32,Debit Card,Completed
ORD-102113,2024-06-13,CUST-00817,Chen Zhang,Consumer,Italy,Europe,Electronics,Laptop Stand,1,183.75,0.0,18.99,PayPal,Completed
ORD-106576,2024-08-23,CUST-00188,David Jones,Small Business,Spain,Europe,Office,Notebook Set,1,17.53,0.0,3.01,Gift Card,Completed
ORD-100594,2024-07-19,CUST-00309,Emma Brown,Consumer,United States,North America,Beauty,Shampoo,3,34.45,0.0,5.44,Credit Card,Completed
ORD-103571,2024-04-05,CUST-00285,Ines Rossi,Enterprise,United States,North America,Electronics,Headphones,2,105.78,0.0,13.46,Credit Card,Completed
ORD-103534,2023-07-29,CUST-00717,Sofia Khan,Consumer,Italy,Europe,Home & Kitchen,Storage Bin,2,107.59,0.0,12.62,Bank Transfer,Completed
ORD-101289,2024-08-22,CUST-00803,Emma Zhang,Consumer,United Kingdom,Europe,Apparel,Wool Socks,1,76.67,0.15,16.91,Debit Card,Completed
ORD-101656,2024-02-01,CUST-00551,Mia Garcia,Consumer,Canada,North America,Home & Kitchen,Blender,1,89.53,0.0,2.39,Bank Transfer,Completed
ORD-105009,2024-08-15,CUST-00790,Fatima Rodriguez,Consumer,FRANCE,Europe,Apparel,Denim Jacket,1,42.42,0.0,10.51,PayPal,Completed
ORD-105500,2024-06-25,CUST-00114,Emma Dubois,Consumer,Brazil,South America,Beauty,Face Serum,1,17.0,0.1,11.66,PayPal,Completed
ORD-102132,2024-05-11,CUST-00834,Yuki Martinez,Consumer,India,Asia,Sports & Outdoors,Camping Tent,1,160.51,0.1,16.2,Credit Card,Completed
ORD-100766,2023-12-22,CUST-00164,Wei Zhang,Small Business,Italy,Europe,Beauty,Lip Balm,1,33.48,0.0,23.81,Debit Card,Completed
ORD-106875,2024-01-21,CUST-00239,David Khan,Consumer,France,Europe,Home & Kitchen,Storage Bin,2,124.01,0.0,10.85,PayPal,Completed
ORD-106012,2024-01-18,CUST-00771,Lucas Nakamura,,United Kingdom,Europe,Home & Kitchen,Cutting Board,1,111.11,0.05,13.49,Credit Card,Completed
ORD-100147,2024-01-19,CUST-00188,David Jones,Small Business,Spain,Europe,Apparel,Baseball Cap,1,29.11,0.0,10.52,Credit Card,Completed
ORD-100395,2024-05-08,CUST-00365,Mia Garcia,Consumer,France,Europe,Beauty,Face Serum,1,12.68,0.0,21.43,Debit Card,Completed
ORD-105435,2023-11-24,CUST-00535,David Muller,Small Business,Canada,North America,Electronics,Headphones,1,161.85,0.15,20.47,Bank Transfer,Completed
ORD-103809,2023-12-07,CUST-00379,Patricia Nakamura,Consumer,Germany,Europe,Electronics,Bluetooth Speaker,1,201.07,0.0,24.77,Credit Card,Completed
ORD-100046,2023-09-24,CUST-00167,Emma Davis,Consumer,India,Asia,Electronics,Smartphone Case,3,65.83,0.05,24.31,Credit Card,Completed
ORD-103495,2024-10-15,CUST-00118,,Consumer,France,Europe,Sports & Outdoors,Resistance Bands,1,32.04,0.1,7.46,PayPal,Completed
ORD-105185,2024-04-14,CUST-00019,Liam Tanaka,Small Business,Germany,Europe,Home & Kitchen,Storage Bin,1,62.33,0.0,5.31,Credit Card,Completed
ORD-103337,2024-07-10,CUST-00429,Priya Dubois,Enterprise,United Kingdom,Europe,Electronics,Headphones,1,22.18,0.0,18.71,PayPal,Returned
ORD-104418,2024-02-11,CUST-00540,Olivia Zhang,Enterprise,United States,North America,Apparel,Wool Socks,2,35.72,0.0,7.48,Credit Card,Completed
ORD-102160,2024-11-13,CUST-00639,Yuki Brown,Consumer,Italy,Europe,Sports & Outdoors,Water Bottle,1,23.29,0.0,5.18,PayPal,Completed
ORD-101958,2024-04-21,CUST-00015,Lucas Tanaka,,Singapore,Asia,Sports & Outdoors,Resistance Bands,1,16.0,0.0,10.86,Debit Card,Cancelled
ORD-104953,2024-07-02,CUST-00814,Yuki Khan,Enterprise,United States,North America,Beauty,Sunscreen SPF50,5,15.48,0.0,17.7,Debit Card,Completed
ORD-102185,2024-07-15,CUST-00467,Raj Zhang,Consumer,Germany,Europe,Electronics,Bluetooth Speaker,1,174.48,0.1,6.27,Debit Card,Completed
ORD-105307,2024-03-14,CUST-00024,Wei Rodriguez,Consumer,United Kingdom,Europe,Home & Kitchen,Cutting Board,1,32.35,0.1,24.86,Credit Card,Completed
ORD-106869,2023-08-17,CUST-00295,Olivia Dubois,Consumer,United States,North America,Beauty,Shampoo,1,24.71,0.0,23.64,Debit Card,Completed
ORD-105699,2024-10-17,CUST-00847,Elizabeth Smith,Consumer,Germany,Europe,Beauty,Shampoo,1,20.86,0.0,15.59,Debit Card,Completed
ORD-103498,2023-07-25,CUST-00222,Yuki Johnson,,India,Asia,Home & Kitchen,Storage Bin,1,48.71,0.15,11.28,Credit Card,Completed
ORD-102072,2024-10-10,CUST-00468,Grace Johnson,Enterprise,United Kingdom,Europe,Beauty,Sunscreen SPF50,1,22.71,0.0,12.54,Credit Card,Completed
ORD-101368,2024-09-14,CUST-00688,Grace Garcia,Consumer,United States,North America,Apparel,Running Shoes,1,58.4,0.0,12.92,Credit Card,Completed
ORD-103096,2023-06-10,CUST-00544,,Consumer,Australia,Oceania,Sports & Outdoors,Yoga Mat,1,129.14,0.0,9.58,Credit Card,Completed
ORD-102365,2024-03-22,CUST-00140,Chen Khan,Consumer, brazil ,South America,Home & Kitchen,Storage Bin,1,16.53,0.0,7.56,Credit Card,Completed
ORD-106863,2024-02-14,CUST-00257,John Williams,Small Business,Canada,North America,Sports & Outdoors,Hiking Backpack,1,161.5,0.2,19.24,Credit Card,Completed
ORD-100931,2024-06-27,CUST-00210,Mia Johnson,Consumer,Japan,Asia,Beauty,Lip Balm,1,25.28,0.0,14.83,Bank Transfer,Returned
ORD-103513,2024-03-03,CUST-00198,Yuki Rodriguez,Consumer,Spain,Europe,Home & Kitchen,Blender,1,129.09,0.0,24.92,Credit Card,Completed
ORD-102976,2024-09-07,CUST-00588,Fatima Brown,Consumer,United States,North America,Sports & Outdoors,Camping Tent,1,62.84,0.0,15.61,PayPal,Completed
ORD-106375,2023-09-21,CUST-00605,Fatima Tanaka,Consumer,Singapore,Asia,Home & Kitchen,Cutting Board,1,55.89,0.0,17.36,Bank Transfer,Completed
ORD-104575,2024-05-22,CUST-00385,Ines Johnson,Consumer,France,Europe,Apparel,Denim Jacket,1,79.68,0.0,19.64,Credit Card,Completed
ORD-103142,2024-10-20,CUST-00744,Patricia Muller,Consumer,Italy,Europe,Office,Pen Pack,2,52.47,0.0,19.29,Credit Card,Completed
ORD-105987,2023-02-12,CUST-00718,John Smith,Small Business,Japan,Asia,Electronics,Laptop Stand,1,173.74,0.1,5.06,Debit Card,Completed
ORD-102582,2024-08-17,CUST-00694,Jennifer Smith,Consumer,United States,North America,Electronics,USB-C Cable,5,32.88,0.05,16.42,Bank Transfer,Completed
ORD-106225,2024-08-04,CUST-00525,Ana Zhang,Small Business,United States,North America,Beauty,Lip Balm,1,18.78,0.1,12.24,Debit Card,Completed
ORD-100607,2024-07-18,CUST-00682,David Dubois,Enterprise,United States,North America,Apparel,Wool Socks,2,74.86,0.0,24.22,Debit Card,Completed
ORD-100075,2023-03-18,CUST-00216,Linda Rossi,Consumer,France,Europe,Home & Kitchen,Cutting Board,1,56.28,0.1,19.48,Debit Card,Completed
ORD-106446,2024-01-22,CUST-00613,Olivia Smith,Consumer,India,Asia,Beauty,Shampoo,1,45.35,0.05,21.37,PayPal,Completed
ORD-101323,2024-07-29,CUST-00194,Priya Miller,Consumer,France,Europe,Sports & Outdoors,Resistance Bands,1,164.94,0.0,19.22,Credit Card,Completed
ORD-105542,2023-08-17,CUST-00118,Jennifer Brown,Consumer,France,Europe,Electronics,Laptop Stand,1,17.8,0.1,9.16,Bank Transfer,Completed
ORD-100114,2024-09-07,CUST-00014,Noah Muller,Consumer,Singapore,Asia,Home & Kitchen,Blender,1,116.67,0.0,12.25,Credit Card,Completed
ORD-103914,2023-05-01,CUST-00087,Raj Johnson,Consumer,United States,North America,Beauty,Sunscreen SPF50,1,57.89,0.05,8.36,Bank Transfer,Completed
ORD-100987,2024-07-14,CUST-00686,James Martinez,Enterprise,Germany,Europe,Sports & Outdoors,Yoga Mat,1,37.0,0.1,5.04,Credit Card,Completed
ORD-106464,2024-03-29,CUST-00496,Lucas Johnson,,Germany,Europe,Electronics,USB-C Cable,1,84.04,0.0,21.2,Credit Card,Completed
ORD-104844,2023-06-18,CUST-00051,Wei Costa,Enterprise,United States,North America,Electronics,USB-C Cable,1,186.53,0.0,15.5,Credit Card,Cancelled
ORD-100223,2023-12-25,CUST-00108,Chen Martinez,Consumer,France,Europe,Electronics,Laptop Stand,1,155.07,0.0,7.76,Debit Card,Completed
ORD-101993,2024-07-07,CUST-00284,Wei Nakamura,Consumer,United States,North America,Home & Kitchen,Blender,1,55.48,0.0,20.47,Bank Transfer,Cancelled
ORD-106027,2024-07-13,CUST-00818,Lucas Tanaka,Small Business,Japan,Asia,Apparel,Running Shoes,-1,88.15,0.0,21.88,Credit Card,Returned
ORD-104132,2024-09-26,CUST-00519,Ines Jones,Small Business, brazil ,South America,Home & Kitchen,Storage Bin,5,123.54,0.0,13.76,Gift Card,Completed
ORD-104927,2023-07-24,CUST-00308,Fatima Costa,Small Business,France,Europe,Home & Kitchen,Storage Bin,1,32.1,0.0,9.87,Credit Card,Completed
ORD-105926,2024-11-27,CUST-00368,Mary Miller,Small Business,Singapore,Asia,Apparel,T-Shirt,1,68.76,0.0,10.24,Credit Card,Completed
ORD-101762,2024-08-03,CUST-00562,Lucas Garcia,Consumer,Canada,North America,Apparel,Denim Jacket,1,16.35,0.0,18.61,Credit Card,Completed
ORD-104444,2024-07-01,CUST-00561,Grace Tanaka,Small Business,India,Asia,Home & Kitchen,Coffee Maker,2,137.73,0.0,10.76,Debit Card,Completed
ORD-104264,2023-10-02,CUST-00343,Wei Dubois,Consumer,India,Asia,Apparel,Baseball Cap,1,29.01,0.05,17.17,PayPal,Completed
ORD-104181,2023-07-06,CUST-00522,Fatima Dubois,Small Business,Germany,Europe,Home & Kitchen,Cutting Board,1,77.43,0.0,20.47,Credit Card,Completed
ORD-104213,2024-08-06,CUST-00009,Yuki Khan,Consumer,GERMANY,Europe,Home & Kitchen,Throw Pillow,1,84.73,0.0,11.64,PayPal,Completed
ORD-104044,2023-07-30,CUST-00164,Wei Zhang,Small Business,Italy,Europe,Office,Desk Organizer,1,66.21,0.0,16.85,Credit Card,Completed
ORD-103457,2023-09-25,CUST-00581,Hiro Jones,Consumer,United States,North America,Electronics,Bluetooth Speaker,2,45.77,0.0,21.19,Credit Card,Completed
ORD-100531,2023-05-10,CUST-00174,Sofia Costa,Small Business,United Kingdom,Europe,Home & Kitchen,Coffee Maker,2,140.23,0.0,24.27,PayPal,Completed
ORD-102591,2024-07-22,CUST-00421,Sofia Smith,Consumer,United Kingdom,Europe,Beauty,Face Serum,1,28.63,0.15,14.72,Gift Card,Completed
ORD-105125,2024-08-03,CUST-00143,Tom Jones,Small Business,United States,North America,Apparel,Baseball Cap,3,85.41,0.1,5.5,Gift Card,Completed
ORD-103955,2024-11-11,CUST-00381,Ana Davis,Small Business,Singapore,Asia,Home & Kitchen,Throw Pillow,1,28.84,0.0,8.91,PayPal,Completed
ORD-103631,2024-06-14,CUST-00153,Priya Nakamura,Consumer, japan ,Asia,Office,Standing Desk Mat,1,23.05,0.05,9.01,Credit Card,Returned
ORD-102522,2024-09-20,CUST-00628,Olivia Silva,Consumer,India,Asia,Beauty,Hair Dryer,1,15.93,0.0,20.9,Debit Card,Returned
ORD-105064,2024-02-14,CUST-00635,James Costa,Consumer,Spain,Europe,Apparel,Denim Jacket,1,39.51,0.05,21.44,Bank Transfer,Completed
ORD-103052,2024-08-05,CUST-00784,Elizabeth Smith,Consumer,Australia,Oceania,Apparel,Baseball Cap,1,77.29,0.0,15.92,Credit Card,Completed
ORD-105568,2024-02-16,CUST-00747,Tom Davis,Consumer,United Kingdom,Europe,Sports & Outdoors,Yoga Mat,2,91.2,0.0,14.77,Gift Card,Returned
ORD-105253,2024-06-06,CUST-00694,Jennifer Smith,Consumer,United States,North America,Electronics,Laptop Stand,1,54.17,0.0,4.34,Gift Card,Returned
ORD-105825,2024-03-10,CUST-00496,Lucas Johnson,Enterprise,Germany,Europe,Home & Kitchen,Storage Bin,1,144.66,0.0,24.08,Debit Card,Completed
ORD-106450,2024-10-08,CUST-00313,Lucas Dubois,Consumer,Australia,Oceania,Apparel,Denim Jacket,3,36.12,0.1,3.98,PayPal,Completed
ORD-105957,2024-01-03,CUST-00508,Elizabeth Kumar,Enterprise,India,Asia,Home & Kitchen,Coffee Maker,2,134.22,0.1,10.64,PayPal,Completed
ORD-106710,2024-02-17,CUST-00621,Mia Zhang,Enterprise,Mexico,South America,Apparel,Running Shoes,2,57.74,0.0,5.78,PayPal,Completed
ORD-103205,2024-08-02,CUST-00377,Hiro Muller,Enterprise,Mexico,South America,Apparel,Wool Socks,1,57.78,0.05,13.48,PayPal,Completed
ORD-105419,2024-02-10,CUST-00366,Wei Rodriguez,Consumer,Japan,Asia,Office,Notebook Set,4,63.01,0.0,5.52,Credit Card,Completed
ORD-101780,2024-01-10,CUST-00617,Elizabeth Rodriguez,Small Business,Canada,North America,Electronics,Laptop Stand,1,138.72,0.0,8.17,Debit Card,Completed
ORD-101026,2023-01-27,CUST-00484,Hiro Jones,Small Business,SPAIN,Europe,Home & Kitchen,Coffee Maker,4,60.63,0.0,14.19,PayPal,Completed
ORD-103779,2024-07-12,CUST-00425,Fatima Davis,Consumer,United States,North America,Home & Kitchen,Coffee Maker,1,27.03,0.0,5.4,Gift Card,Completed
ORD-100082,2024-07-02,CUST-00812,Liam Miller,Small Business,Brazil,South America,Electronics,Headphones,1,71.51,0.0,16.69,PayPal,Completed
ORD-105358,2024-07-22,CUST-00574,Tom Costa,Consumer,Canada,North America,Apparel,Denim Jacket,2,68.14,0.0,21.22,Credit Card,Completed
ORD-102031,2023-08-26,CUST-00341,David Rossi,Small Business,Mexico,South America,Beauty,Lip Balm,1,38.08,0.0,20.04,Debit Card,Completed
ORD-104055,2024-09-07,CUST-00232,Noah Miller,Enterprise,France,Europe,Home & Kitchen,Storage Bin,1,95.68,0.0,13.6,Credit Card,Completed
ORD-101793,2024-06-22,CUST-00458,Emma Dubois,Consumer,Japan,Asia,Office,Pen Pack,1,1234.5325456441415,0.0,22.78,Credit Card,Completed
ORD-105547,2024-07-10,CUST-00437,Grace Johnson,Enterprise,United Kingdom,Europe,Office,Pen Pack,1,14.39,0.05,16.57,Gift Card,Completed
ORD-102717,2024-10-03,CUST-00027,Patricia Zhang,Small Business,Italy,Europe,Beauty,Face Serum,1,45.61,0.15,14.15,Credit Card,Completed
ORD-103820,2024-03-28,CUST-00020,Emma Zhang,Consumer,United States,North America,Office,Pen Pack,1,39.4,0.0,12.8,PayPal,Returned
ORD-102674,2024-04-22,CUST-00205,Ahmed Nakamura,Enterprise,United Kingdom,Europe,Home & Kitchen,Storage Bin,2,42.39,0.0,5.65,PayPal,Completed
ORD-106799,2024-04-25,CUST-00480,Priya Kumar,Enterprise,Mexico,South America,Electronics,USB-C Cable,1,80.72,0.0,4.64,Credit Card,Completed
ORD-104654,2023-07-31,CUST-00777,Patricia Zhang,Consumer,France,Europe,Electronics,Headphones,4,76.3,0.0,4.83,Credit Card,Cancelled
ORD-103502,2024-10-06,CUST-00824,David Miller,Consumer,Australia,Oceania,Electronics,Headphones,1,208.02,0.0,3.32,Credit Card,Completed
ORD-102564,2024-07-14,CUST-00315,Lucas Brown,Consumer,Germany,Europe,Electronics,USB-C Cable,2,15.64,0.0,7.32,PayPal,Completed
ORD-103403,2024-10-05,CUST-00321,Priya Kumar,,United States,North America,Sports & Outdoors,Camping Tent,1,11.21,0.1,9.24,PayPal,Completed
ORD-106923,2024-03-22,CUST-00581,Hiro Jones,Consumer,United States,North America,Apparel,Baseball Cap,2,56.91,0.05,23.1,PayPal,Completed
ORD-101957,2024-09-04,CUST-00674,Elizabeth Davis,Small Business,United States,North America,Electronics,Laptop Stand,1,170.99,0.1,10.52,Credit Card,Completed
ORD-103870,2023-11-29,CUST-00077,John Silva,Consumer,United States,North America,Sports & Outdoors,Camping Tent,1,173.26,0.0,6.97,Gift Card,Completed
ORD-104137,2023-03-09,CUST-00392,Elizabeth Khan,Consumer,India,Asia,Sports & Outdoors,Hiking Backpack,1,171.05,0.0,20.0,PayPal,Returned
ORD-106656,2023-12-12,CUST-00136,Mary Rossi,Consumer,Singapore,Asia,Electronics,Laptop Stand,1,148.36,0.1,23.33,PayPal,Completed
ORD-106178,2023-08-29,CUST-00667,James Costa,Consumer,Singapore,Asia,Beauty,Sunscreen SPF50,2,28.05,0.0,4.62,Credit Card,Completed
ORD-103137,2024-05-28,CUST-00701,Yuki Tanaka,Consumer,Japan,Asia,Electronics,Smartphone Case,2,180.34,0.0,7.45,PayPal,Completed
ORD-100312,2024-10-08,CUST-00649,John Costa,Enterprise,United States,North America,Beauty,Shampoo,2,41.18,0.15,23.35,PayPal,Completed
ORD-101632,2023-10-17,CUST-00316,Jennifer Jones,Small Business,Australia,Oceania,Sports & Outdoors,Resistance Bands,2,153.61,0.0,3.61,Debit Card,Completed
ORD-104261,2024-07-08,CUST-00557,Emma Johnson,Small Business,United Kingdom,Europe,Electronics,Smartphone Case,1,213.09,0.0,17.07,Credit Card,Completed
ORD-102068,2024-05-04,CUST-00100,Elizabeth Costa,Small Business,Italy,Europe,Electronics,Smartphone Case,3,68.97,0.2,7.58,Credit Card,Completed
ORD-101427,2024-05-27,CUST-00559,Patricia Khan,Enterprise,India,Asia,Electronics,Headphones,1,59.1,0.0,12.8,Credit Card,Completed
ORD-102003,2024-10-23,CUST-00524,Liam Martinez,Consumer,France,Europe,Apparel,Wool Socks,1,14.35,0.05,10.25,Credit Card,Completed
ORD-104454,2024-07-03,CUST-00332,Fatima Jones,Enterprise,Germany,Europe,Apparel,T-Shirt,1,33.15,0.1,23.43,Credit Card,Completed
ORD-106817,2023-05-02,CUST-00550,Jennifer Khan,Enterprise,Japan,Asia,Electronics,Bluetooth Speaker,1,201.75,0.05,24.69,Debit Card,Completed
ORD-103811,2024-07-06,CUST-00370,Patricia Davis,Enterprise,United States,North America,Electronics,Headphones,1,125.96,0.0,10.67,Credit Card,Cancelled
ORD-105613,2024-10-06,CUST-00303,Yuki Martinez,Consumer,Canada,North America,Electronics,Headphones,1,207.14,0.05,7.06,PayPal,Completed
ORD-102338,2023-01-30,CUST-00399,Tom Rossi,,Canada,North America,Apparel,Denim Jacket,1,24.21,0.0,11.26,PayPal,Completed
ORD-102441,2024-07-18,CUST-00347,Sofia Rodriguez,Consumer,United States,North America,Sports & Outdoors,Resistance Bands,2,139.4,0.0,24.38,Debit Card,Completed
ORD-100129,2024-07-10,CUST-00359,Chen Rossi,Consumer,France,Europe,Electronics,Bluetooth Speaker,1,46.39,0.0,12.1,Debit Card,Completed
ORD-101010,2023-11-18,CUST-00027,,Small Business,Italy,Europe,Electronics,Bluetooth Speaker,1,114.84,0.05,18.33,Bank Transfer,Cancelled
ORD-101814,2023-08-09,CUST-00545,,,Mexico,South America,Electronics,Laptop Stand,1,97.06,0.05,14.42,Credit Card,Completed
ORD-101291,2024-06-15,CUST-00126,Tom Williams,Enterprise,Germany,Europe,Sports & Outdoors,Camping Tent,1,129.29,0.0,14.71,Debit Card,Completed
ORD-104754,2024-08-09,CUST-00175,Carlos Brown,Small Business,UNITED STATES,North America,Sports & Outdoors,Resistance Bands,1,65.95,0.0,21.52,Gift Card,Completed
ORD-103874,2023-10-10,CUST-00074,Robert Davis,Consumer,Germany,Europe,Sports & Outdoors,Resistance Bands,1,139.94,0.05,17.2,Bank Transfer,Completed
ORD-105198,2024-09-28,CUST-00298,James Nakamura,Consumer,United States,North America,Apparel,Baseball Cap,1,8.41,0.0,7.53,PayPal,Completed
ORD-102772,2024-08-28,CUST-00367,David Rossi,Consumer,United States,North America,Electronics,USB-C Cable,1,97.89,0.0,10.62,Credit Card,Completed
ORD-100202,2023-11-28,CUST-00534,Grace Garcia,Enterprise,United States,North America,Apparel,Wool Socks,4,62.08,0.05,,PayPal,Completed
ORD-106282,2024-02-02,CUST-00561,Grace Tanaka,,India,Asia,Electronics,Smartphone Case,3,190.8,0.0,,Credit Card,Completed
ORD-106884,2024-04-14,CUST-00185,Elizabeth Brown,Enterprise,United States,North America,Sports & Outdoors,Resistance Bands,1,121.69,0.0,11.3,PayPal,Completed
ORD-100955,2024-10-05,CUST-00590,Robert Johnson,Consumer,Singapore,Asia,Apparel,Baseball Cap,1,21.98,0.0,18.49,Credit Card,Completed
ORD-102419,2024-05-01,CUST-00084,Ines Rodriguez,Small Business,Australia,Oceania,Beauty,Lip Balm,2,55.63,0.0,18.4,Credit Card,Completed
ORD-104021,2023-08-01,CUST-00248,David Williams,Small Business,United States,North America,Apparel,Running Shoes,1,73.54,0.1,4.83,PayPal,Completed
ORD-100830,2023-05-22,CUST-00067,Mary Brown,Consumer,Japan,Asia,Electronics,Bluetooth Speaker,1,206.73,0.0,20.22,Credit Card,Completed
ORD-102362,2024-07-21,CUST-00490,Fatima Jones,Small Business,United States,North America,Electronics,Smartphone Case,1,137.03,0.0,9.7,Debit Card,Completed
ORD-106294,2024-04-15,CUST-00529,Fatima Silva,Enterprise,United Kingdom,Europe,Sports & Outdoors,Hiking Backpack,1,150.24,0.0,23.08,PayPal,Completed
ORD-104690,2023-04-19,CUST-00340,Grace Costa,Consumer,Germany,Europe,Electronics,USB-C Cable,4,21.47,0.0,7.66,Credit Card,Completed
ORD-103908,2023-10-02,CUST-00213,Ines Muller,Small Business,Japan,Asia,Electronics,Bluetooth Speaker,2,68.37,0.0,20.06,Credit Card,Completed
ORD-100971,2024-06-07,CUST-00642,Hiro Davis,Consumer,United States,North America,Apparel,T-Shirt,2,14.32,0.0,24.11,Bank Transfer,Completed
ORD-100203,2024-03-18,CUST-00374,Liam Rossi,Small Business,United States,North America,Home & Kitchen,Coffee Maker,1,26.64,0.0,15.58,Credit Card,Completed
ORD-100983,2023-12-30,CUST-00577,Ana Smith,Consumer,Brazil,South America,Home & Kitchen,Coffee Maker,2,73.61,0.0,22.04,Debit Card,Completed
ORD-103697,2024-01-19,CUST-00603,Lucas Johnson,Consumer,United Kingdom,Europe,Apparel,Wool Socks,-2,89.49,0.0,14.12,Gift Card,Completed
ORD-103319,2024-06-05,CUST-00415,Wei Davis,Consumer,United Kingdom,Europe,Office,Standing Desk Mat,1,40.85,0.05,24.67,Bank Transfer,Completed
ORD-105642,2024-09-04,CUST-00216,Linda Rossi,Consumer,France,Europe,Beauty,Face Serum,1,38.67,0.0,20.32,Bank Transfer,Completed
ORD-104913,2023-10-19,CUST-00724,Ana Kumar,Consumer,CANADA,North America,Sports & Outdoors,Yoga Mat,1,175.24,0.05,9.87,Debit Card,Completed
ORD-102381,2024-01-31,CUST-00405,Wei Zhang,Consumer,Canada,North America,Apparel,Baseball Cap,2,54.0,0.0,22.34,Credit Card,Completed
ORD-102487,2024-08-09,CUST-00068,Elizabeth Nakamura,Consumer,United States,North America,Electronics,USB-C Cable,1,132.52,0.0,24.73,PayPal,Completed
ORD-105820,2024-10-28,CUST-00735,Linda Rossi,Consumer,United Kingdom,Europe,Sports & Outdoors,Camping Tent,2,110.89,0.0,20.49,Gift Card,Completed
ORD-103098,2023-06-29,CUST-00755,Fatima Martinez,Consumer,France,Europe,Electronics,Headphones,1,189.73,0.1,10.5,PayPal,Completed
ORD-106426,2024-05-18,CUST-00418,Ana Williams,Consumer,Spain,Europe,Electronics,Headphones,1,190.78,0.0,11.2,Credit Card,Completed
ORD-103090,2024-06-28,CUST-00840,James Jones,Consumer,United States,North America,Home & Kitchen,Blender,1,77.99,0.0,2.54,Credit Card,Completed
ORD-101188,2024-08-05,CUST-00388,Wei Muller,Small Business,United States,North America,Electronics,Laptop Stand,2,37.63,0.0,4.64,Credit Card,Completed
ORD-104448,2024-09-23,CUST-00420,Patricia Costa,,Mexico,South America,Beauty,Sunscreen SPF50,1,29.06,0.0,11.03,Credit Card,Completed
ORD-103920,2024-03-28,CUST-00785,Ana Jones,Consumer,Germany,Europe,Sports & Outdoors,Camping Tent,2,145.34,0.0,7.4,PayPal,Completed
ORD-101596,2024-03-21,CUST-00281,Tom Smith,Small Business,France,Europe,Office,Notebook Set,2,33.81,0.0,10.58,PayPal,Completed
ORD-104093,2023-09-27,CUST-00584,Patricia Rodriguez,Small Business,United States,North America,Sports & Outdoors,Resistance Bands,1,93.74,0.0,11.06,Gift Card,Completed
ORD-100043,2024-07-16,CUST-00404,David Rodriguez,Small Business, singapore ,Asia,Apparel,Running Shoes,1,25.03,0.1,17.34,PayPal,Completed
ORD-106990,2024-03-07,CUST-00589,Jennifer Williams,Consumer,Mexico,South America,Home & Kitchen,Blender,1,17.02,0.0,23.16,Debit Card,Completed
ORD-103348,2023-09-22,CUST-00750,Elizabeth Silva,Consumer,United Kingdom,Europe,Home & Kitchen,Blender,1,80.27,0.0,6.83,PayPal,Returned
ORD-106421,2024-09-29,CUST-00010,Liam Smith,Consumer,India,Asia,Office,Standing Desk Mat,4,28.07,0.1,9.26,Credit Card,Completed
ORD-105169,2024-04-20,CUST-00177,Sofia Khan,Consumer,India,Asia,Office,Wireless Mouse,1,29.73,0.0,20.01,Credit Card,Completed
ORD-101274,2024-11-04,CUST-00554,Linda Smith,Consumer,Spain,Europe,Beauty,Hair Dryer,1,54.18,0.05,23.97,Debit Card,Completed
ORD-102183,2024-07-02,CUST-00766,Yuki Smith,Small Business,United States,North America,Beauty,Shampoo,1,16.65,0.0,2.01,Bank Transfer,Completed
ORD-100575,2024-09-05,CUST-00023,Robert Zhang,,United States,North America,Sports & Outdoors,Camping Tent,1,84.42,0.1,3.31,Credit Card,Completed
ORD-101921,2024-10-21,CUST-00626,Olivia Khan,Consumer, united kingdom ,Europe,Beauty,Sunscreen SPF50,2,21.7,0.05,23.47,PayPal,Completed
ORD-106569,2024-09-06,CUST-00047,Liam Khan,Consumer,Germany,Europe,Beauty,Face Serum,2,40.46,0.1,8.12,Debit Card,Completed
ORD-100857,2024-01-08,CUST-00354,Noah Tanaka,Enterprise,Spain,Europe,Sports & Outdoors,Resistance Bands,1,79.83,0.15,21.25,Bank Transfer,Completed
ORD-101809,2024-05-02,CUST-00040,Liam Tanaka,Consumer,Spain,Europe,Electronics,USB-C Cable,1,127.68,0.0,17.63,PayPal,Completed
ORD-102621,2024-11-03,CUST-00740,Olivia Dubois,Enterprise,United Kingdom,Europe,Sports & Outdoors,Yoga Mat,1,135.72,0.0,9.46,Credit Card,Completed
ORD-104915,2024-05-30,CUST-00759,Emma Rossi,Consumer,France,Europe,Home & Kitchen,Throw Pillow,1,15.79,0.0,4.97,Debit Card,Completed
ORD-101847,2024-04-17,CUST-00678,Lucas Kumar,Consumer,Germany,Europe,Sports & Outdoors,Resistance Bands,2,91.85,0.0,20.0,Debit Card,Completed
ORD-104972,2024-11-30,CUST-00465,Ines Williams,Consumer,Singapore,Asia,Apparel,T-Shirt,1,9.05,0.0,24.06,Debit Card,Completed
ORD-104035,2023-10-22,CUST-00468,Grace Johnson,Enterprise,United Kingdom,Europe,Sports & Outdoors,Resistance Bands,3,29.29,0.0,18.72,Credit Card,Completed
ORD-104200,2023-06-29,CUST-00740,Olivia Dubois,Enterprise,United Kingdom,Europe,Apparel,Running Shoes,1,26.6,0.0,4.27,Gift Card,Cancelled
ORD-105492,2024-04-18,CUST-00752,David Zhang,Enterprise,FRANCE,Europe,Apparel,Denim Jacket,1,58.19,0.1,13.49,Bank Transfer,Returned
ORD-102459,2024-10-29,CUST-00677,Chen Kumar,Consumer,United States,North America,Home & Kitchen,Storage Bin,1,32.5,0.05,5.73,Bank Transfer,Completed
ORD-104890,2024-02-23,CUST-00241,Hiro Kumar,Consumer,UNITED STATES,North America,Apparel,Running Shoes,1,30.98,0.1,12.23,Credit Card,Completed
ORD-104701,2024-11-03,CUST-00588,Fatima Brown,Consumer,United States,North America,Beauty,Hair Dryer,1,33.36,0.0,5.55,Credit Card,Completed
ORD-100989,2023-06-01,CUST-00498,Fatima Costa,Small Business,Japan,Asia,Home & Kitchen,Cutting Board,2,13.59,0.0,17.87,PayPal,Completed
ORD-105330,2024-10-18,CUST-00334,David Garcia,Consumer,Germany,Europe,Electronics,USB-C Cable,1,105.32,0.0,7.13,PayPal,Completed
ORD-106291,2024-04-15,CUST-00259,Liam Smith,Small Business,Spain,Europe,Beauty,Hair Dryer,1,37.78,0.15,9.13,Credit Card,Returned
ORD-101434,2024-10-13,CUST-00624,Yuki Costa,Consumer,Germany,Europe,Home & Kitchen,Blender,2,56.66,0.1,4.64,Credit Card,Returned
ORD-104481,2024-08-18,CUST-00524,Liam Martinez,Consumer,France,Europe,Beauty,Lip Balm,1,49.21,0.2,20.1,Credit Card,Completed
ORD-104990,2024-07-04,CUST-00061,Chen Rossi,Enterprise,France,Europe,Home & Kitchen,Throw Pillow,1,64.83,0.0,5.1,Credit Card,Returned
ORD-104153,2024-05-13,CUST-00301,Mary Martinez,Consumer, united states ,North America,Sports & Outdoors,Resistance Bands,3,170.89,0.0,18.74,Debit Card,Completed
ORD-100712,2024-01-01,CUST-00373,Tom Williams,Small Business,Canada,North America,Apparel,T-Shirt,4,35.03,0.0,10.56,Debit Card,Completed
ORD-102373,2023-08-23,CUST-00549,Jennifer Brown,Consumer,United Kingdom,Europe,Electronics,Smartphone Case,-1,55.59,0.1,23.27,Credit Card,Completed
ORD-103851,2024-04-21,CUST-00391,Ahmed Davis,Small Business,Canada,North America,Apparel,Running Shoes,1,37.54,0.0,22.02,PayPal,Completed
ORD-104452,2023-11-30,CUST-00441,Linda Martinez,,United States,North America,Office,Desk Organizer,1,6.29,0.0,21.64,PayPal,Completed
ORD-103566,2023-10-22,CUST-00063,Ahmed Davis,Consumer,India,Asia,Electronics,USB-C Cable,2,212.03,0.0,21.39,Credit Card,Completed
ORD-101019,2024-02-03,CUST-00839,Carlos Jones,,United States,North America,Sports & Outdoors,Yoga Mat,1,157.86,0.05,15.28,Bank Transfer,Completed
ORD-103888,2024-07-29,CUST-00320,Elizabeth Kumar,Consumer,France,Europe,Office,Wireless Mouse,1,28.29,0.0,9.48,PayPal,Returned
ORD-103297,2024-03-28,CUST-00578,Raj Johnson,Small Business,CANADA,North America,Sports & Outdoors,Resistance Bands,2,93.97,0.0,21.16,Debit Card,Completed
ORD-102964,2024-08-29,CUST-00021,Sofia Muller,Consumer,France,Europe,Office,Notebook Set,5,10.42,0.0,21.38,PayPal,Returned
ORD-104404,2024-11-04,CUST-00129,John Davis,Enterprise, india ,Asia,Apparel,Running Shoes,1,13.0,0.0,6.32,PayPal,Completed
ORD-103462,2024-07-31,CUST-00111,Jennifer Tanaka,Consumer, india ,Asia,Office,Standing Desk Mat,2,32.59,0.0,2.19,Credit Card,Completed
ORD-104910,2024-03-21,CUST-00085,David Martinez,Consumer,Canada,North America,Office,Notebook Set,4,65.19,0.0,18.23,PayPal,Completed
ORD-104138,2024-10-27,CUST-00265,Mia Miller,Consumer,United States,North America,Apparel,T-Shirt,1,36.24,0.0,12.48,Credit Card,Completed
ORD-106828,2024-09-28,CUST-00776,Priya Nakamura,Consumer,United States,North America,Sports & Outdoors,Yoga Mat,1,10.73,0.15,2.07,Bank Transfer,Completed
ORD-105421,2024-02-14,CUST-00020,Emma Zhang,Consumer,United States,North America,Sports & Outdoors,Camping Tent,1,119.6,0.0,4.66,Credit Card,Completed
ORD-101682,2024-10-16,CUST-00123,Ines Khan,Small Business,United Kingdom,Europe,Apparel,Denim Jacket,3,43.01,0.0,12.33,Credit Card,Completed
ORD-104979,2024-05-24,CUST-00171,Mary Johnson,Small Business,United States,North America,Electronics,Smartphone Case,1,84.17,0.0,13.78,Bank Transfer,Completed
ORD-101970,2023-01-31,CUST-00464,,Enterprise, singapore ,Asia,Electronics,Laptop Stand,1,174.61,0.0,6.23,Credit Card,Completed
ORD-104795,2024-04-01,CUST-00216,Linda Rossi,Consumer,France,Europe,Home & Kitchen,Cutting Board,1,23.03,0.0,6.37,Debit Card,Completed
ORD-105621,2023-10-25,CUST-00224,Hiro Rodriguez,Consumer,France,Europe,Office,Standing Desk Mat,1,67.71,0.2,14.08,Credit Card,Completed
ORD-102052,2024-06-04,CUST-00800,Priya Brown,Consumer,France,Europe,Office,Standing Desk Mat,1,61.34,0.1,8.9,PayPal,Completed
ORD-104312,2024-01-26,CUST-00016,Sofia Costa,Consumer,United Kingdom,Europe,Office,Pen Pack,2,63.78,0.05,15.82,Debit Card,Completed
ORD-102147,2023-09-07,CUST-00483,Wei Dubois,Consumer,SPAIN,Europe,Sports & Outdoors,Resistance Bands,1,138.32,0.0,20.38,Bank Transfer,Completed
ORD-102323,2024-06-06,CUST-00670,David Williams,Consumer,India,Asia,Beauty,Sunscreen SPF50,1,13.62,0.05,6.99,Credit Card,Completed
ORD-102697,2023-10-18,CUST-00146,Sofia Jones,Consumer,Germany,Europe,Home & Kitchen,Throw Pillow,1,24.49,0.0,7.42,PayPal,Completed
ORD-102483,2023-05-21,CUST-00578,Raj Johnson,Small Business,Canada,North America,Electronics,Smartphone Case,2,166.99,0.1,9.29,PayPal,Completed
ORD-101371,2024-08-11,CUST-00227,Wei Williams,Consumer,United States,North America,Electronics,Headphones,2,36.86,0.0,14.92,Debit Card,Completed
ORD-101567,2024-02-07,CUST-00086,Grace Tanaka,Small Business,United States,North America,Beauty,Sunscreen SPF50,2,20.92,0.2,8.78,Debit Card,Completed
ORD-103597,2024-03-01,CUST-00225,Jennifer Nakamura,Small Business,SPAIN,Europe,Electronics,Headphones,1,95.25,0.0,3.53,Debit Card,Completed
ORD-103772,2024-04-13,CUST-00823,Raj Costa,Consumer,Spain,Europe,Electronics,USB-C Cable,1,88.86,0.0,3.83,Debit Card,Completed
ORD-104030,2023-06-19,CUST-00760,Carlos Jones,Small Business,Italy,Europe,Beauty,Lip Balm,2,56.82,0.0,4.74,Bank Transfer,Completed
ORD-104355,2024-11-07,CUST-00110,Noah Kumar,Small Business,United Kingdom,Europe,Office,Pen Pack,1,58.38,0.0,3.72,Debit Card,Completed
ORD-101517,2024-05-25,CUST-00507,Fatima Brown,Consumer,United Kingdom,Europe,Apparel,Denim Jacket,1,28.86,0.0,7.68,PayPal,Completed
ORD-103994,2024-10-28,CUST-00682,David Dubois,Enterprise,United States,North America,Beauty,Face Serum,2,14.4,0.1,14.97,Credit Card,Completed
ORD-106989,2024-05-28,CUST-00152,Ahmed Brown,Consumer,United States,North America,Beauty,Hair Dryer,1,27.23,0.2,9.8,Debit Card,Returned
ORD-102187,2023-12-21,CUST-00136,Mary Rossi,Consumer, singapore ,Asia,Electronics,Smartphone Case,1,161.95,0.15,19.42,Credit Card,Completed
ORD-103309,2023-09-16,CUST-00622,Patricia Kumar,Small Business,Australia,Oceania,Electronics,Bluetooth Speaker,1,210.19,0.0,17.44,Credit Card,Completed
ORD-103732,2023-10-08,CUST-00720,Ana Garcia,Consumer,United States,North America,Apparel,Denim Jacket,2,68.54,0.0,10.47,PayPal,Completed
ORD-105252,2024-11-27,CUST-00451,Raj Khan,Small Business,United Kingdom,Europe,Home & Kitchen,Cutting Board,1,22.07,0.05,14.04,Credit Card,Completed
ORD-101038,2024-01-13,CUST-00491,Carlos Dubois,Consumer,United States,North America,Home & Kitchen,Throw Pillow,1,146.87,0.05,2.27,PayPal,Completed
ORD-102438,2024-02-07,CUST-00011,Ines Tanaka,Enterprise,United Kingdom,Europe,Home & Kitchen,Cutting Board,1,128.13,0.2,3.93,PayPal,Completed
ORD-103000,2024-08-31,CUST-00703,Ahmed Tanaka,Enterprise,United Kingdom,Europe,Sports & Outdoors,Water Bottle,2,178.67,0.0,15.84,Credit Card,Completed
ORD-101511,2024-02-12,CUST-00767,Raj Smith,Small Business,Brazil,South America,Electronics,Bluetooth Speaker,2,219.03,0.0,4.1,Credit Card,Completed
ORD-100412,2024-09-06,CUST-00203,Sofia Rossi,Consumer,India,Asia,Electronics,Smartphone Case,1,103.03,0.15,23.15,PayPal,Completed
ORD-105658,2024-04-01,CUST-00324,Tom Jones,Consumer,United States,North America,Home & Kitchen,Throw Pillow,1,44.38,0.0,2.05,Credit Card,Completed
ORD-105467,2024-02-07,CUST-00612,Olivia Brown,Consumer,United States,North America,Sports & Outdoors,Resistance Bands,1,19.57,0.0,4.15,Credit Card,Completed
ORD-104076,2024-03-25,CUST-00668,Mary Rodriguez,Enterprise,Italy,Europe,Home & Kitchen,Storage Bin,1,71.68,0.15,22.35,Credit Card,Completed
ORD-101302,2024-05-09,CUST-00613,Olivia Smith,Consumer,India,Asia,Apparel,Baseball Cap,1,24.61,0.0,16.28,Debit Card,Completed
ORD-103260,2024-06-25,CUST-00798,Wei Khan,Consumer,United States,North America,Electronics,Laptop Stand,2,215.22,0.0,13.81,Debit Card,Returned
ORD-105393,2024-10-10,CUST-00211,Linda Dubois,Small Business, united states ,North America,Home & Kitchen,Storage Bin,1,31.9,0.0,21.64,PayPal,Completed
ORD-101318,2024-10-16,CUST-00298,James Nakamura,,United States,North America,Sports & Outdoors,Resistance Bands,1,63.14,0.0,18.03,Credit Card,Completed
ORD-103317,2024-05-12,CUST-00494,Emma Martinez,Consumer,United States,North America,Beauty,Hair Dryer,3,6.66,0.0,9.49,PayPal,Returned
ORD-100778,2024-06-04,CUST-00418,Ana Williams,Consumer,Spain,Europe,Home & Kitchen,Blender,2,104.43,0.0,5.4,Bank Transfer,Completed
ORD-105797,2024-03-21,CUST-00062,Liam Miller,Small Business,Italy,Europe,Apparel,Baseball Cap,3,50.2,0.0,9.04,Credit Card,Completed
ORD-106164,2024-07-01,CUST-00687,James Williams,Consumer,Brazil,South America,Electronics,Headphones,1,54.81,0.0,10.42,Debit Card,Completed
ORD-104672,2023-12-28,CUST-00022,Robert Khan,Small Business,France,Europe,Sports & Outdoors,Water Bottle,1,115.07,0.0,12.73,Debit Card,Completed
ORD-104855,2023-10-02,CUST-00816,Chen Zhang,Consumer,United Kingdom,Europe,Electronics,Laptop Stand,-1,203.74,0.0,14.05,Gift Card,Completed
ORD-102368,2023-03-14,CUST-00333,David Silva,Consumer,Mexico,South America,Home & Kitchen,Blender,1,75.86,0.05,24.8,Credit Card,Completed
ORD-102477,2024-07-04,CUST-00283,Mia Davis,Small Business,United States,North America,Electronics,Headphones,1,185.65,0.0,12.89,Credit Card,Completed
ORD-104891,2024-05-03,CUST-00118,Jennifer Brown,Consumer,France,Europe,Electronics,Laptop Stand,1,152.2,0.0,11.53,Gift Card,Completed
ORD-104170,2024-10-22,CUST-00603,,Consumer,United Kingdom,Europe,Electronics,Bluetooth Speaker,1,65.02,0.0,13.58,Credit Card,Completed
ORD-100026,2024-06-26,CUST-00512,,Consumer,Germany,Europe,Apparel,Running Shoes,1,29.3,0.0,4.38,PayPal,Completed
ORD-103393,2023-11-18,CUST-00461,John Rodriguez,Consumer,France,Europe,Beauty,Lip Balm,2,12.79,0.0,8.13,Gift Card,Completed
ORD-101409,2024-04-21,CUST-00576,Liam Johnson,Consumer,Australia,Oceania,Apparel,Wool Socks,1,33.83,0.05,5.03,Debit Card,Completed
ORD-105223,2023-11-30,CUST-00014,Noah Muller,Consumer,Singapore,Asia,Beauty,Hair Dryer,1,10.77,0.0,7.24,PayPal,Completed
ORD-101140,2023-08-05,CUST-00151,James Smith,Enterprise,India,Asia,Electronics,Laptop Stand,1,145.33,0.15,23.18,Bank Transfer,Completed
ORD-100506,2024-04-10,CUST-00031,Tom Brown,Small Business,Germany,Europe,Home & Kitchen,Cutting Board,1,42.89,0.0,7.89,PayPal,Completed
ORD-101561,2024-07-20,CUST-00684,Hiro Miller,Enterprise,United States,North America,Home & Kitchen,Throw Pillow,1,41.4,0.0,9.58,Credit Card,Completed
ORD-105446,2023-12-01,CUST-00371,Tom Brown,Consumer,Spain,Europe,Home & Kitchen,Cutting Board,1,98.92,0.0,21.63,PayPal,Completed
ORD-101121,2024-07-28,CUST-00603,Lucas Johnson,Consumer,United Kingdom,Europe,Office,Desk Organizer,1,32.99,0.0,2.22,Debit Card,Completed
ORD-106755,2024-06-26,CUST-00721,Mia Rodriguez,Consumer,United Kingdom,Europe,Sports & Outdoors,Water Bottle,1,36.88,0.0,12.06,Credit Card,Completed
ORD-104683,2024-01-07,CUST-00619,Liam Costa,Enterprise,Canada,North America,Beauty,Face Serum,1,42.31,0.0,16.45,Credit Card,Cancelled
ORD-100602,2023-09-11,CUST-00272,Olivia Zhang,Consumer,Australia,Oceania,Home & Kitchen,Throw Pillow,2,106.76,0.0,20.73,PayPal,Completed
ORD-104708,2023-10-03,CUST-00694,Jennifer Smith,Consumer,United States,North America,Electronics,Laptop Stand,1,185.68,0.0,22.87,Debit Card,Completed
ORD-103942,2023-10-29,CUST-00435,Ana Khan,Consumer, singapore ,Asia,Home & Kitchen,Storage Bin,1,86.98,0.05,5.72,Bank Transfer,Completed
ORD-105186,2024-05-08,CUST-00643,Patricia Davis,Small Business,United States,North America,Home & Kitchen,Throw Pillow,1,43.23,0.2,,Gift Card,Returned
ORD-102738,2023-09-22,CUST-00397,Chen Williams,Small Business,Germany,Europe,Sports & Outdoors,Hiking Backpack,1,130.48,0.0,12.53,Credit Card,Completed
ORD-103852,2024-10-19,CUST-00549,Jennifer Brown,Consumer,United Kingdom,Europe,Office,Desk Organizer,1,48.32,0.0,15.69,Debit Card,Cancelled
ORD-102614,2023-11-30,CUST-00230,Raj Nakamura,Small Business,France,Europe,Sports & Outdoors,Hiking Backpack,2,156.42,0.0,14.9,Debit Card,Completed
ORD-100349,2024-05-29,CUST-00734,Robert Muller,Consumer, brazil ,South America,Apparel,T-Shirt,1,9.25,0.0,19.69,Gift Card,Completed
ORD-104982,2024-06-27,CUST-00803,Emma Zhang,Consumer,UNITED KINGDOM,Europe,Apparel,Denim Jacket,1,44.83,0.0,5.41,Gift Card,Cancelled
ORD-106987,2023-08-30,CUST-00467,Raj Zhang,Consumer,Germany,Europe,Electronics,Bluetooth Speaker,3,33.37,0.2,5.36,Credit Card,Completed
ORD-106420,2024-04-08,CUST-00722,Chen Rodriguez,Small Business,Canada,North America,Home & Kitchen,Cutting Board,1,20.23,0.0,14.03,Credit Card,Completed
ORD-104879,2024-04-12,CUST-00211,Linda Dubois,Small Business,United States,North America,Electronics,Laptop Stand,4,149.03,0.0,7.71,Credit Card,Completed
ORD-106595,2023-08-27,CUST-00828,Grace Jones,Consumer,United Kingdom,Europe,Sports & Outdoors,Water Bottle,5,145.86,0.0,3.11,Debit Card,Completed
ORD-105727,2023-09-06,CUST-00510,Hiro Martinez,Consumer, canada ,North America,Home & Kitchen,Cutting Board,2,106.61,0.0,9.43,PayPal,Completed
ORD-100630,2024-07-03,CUST-00116,Grace Khan,Enterprise,Canada,North America,Apparel,Baseball Cap,1,27.44,0.1,15.2,Credit Card,Completed
ORD-106759,2024-07-11,CUST-00256,Robert Smith,Consumer,United States,North America,Home & Kitchen,Cutting Board,1,98.08,0.0,18.54,Credit Card,Returned
ORD-102549,2023-05-11,CUST-00001,Robert Khan,Consumer,Australia,Oceania,Electronics,Headphones,2,51.59,0.0,9.0,PayPal,Completed
ORD-105520,2024-05-31,CUST-00580,David Jones,Consumer,Japan,Asia,Beauty,Shampoo,1,13.19,0.0,22.94,Gift Card,Completed
ORD-100409,2023-09-15,CUST-00235,Jennifer Brown,Small Business,UNITED KINGDOM,Europe,Apparel,Denim Jacket,1,17.3,0.0,12.4,PayPal,Returned
ORD-103392,2023-04-10,CUST-00651,Emma Nakamura,,India,Asia,Electronics,Headphones,5,143.28,0.2,19.15,Debit Card,Completed
ORD-100165,2024-07-01,CUST-00371,Tom Brown,Consumer,Spain,Europe,Apparel,Wool Socks,1,82.23,0.0,16.73,PayPal,Completed
ORD-106752,2024-08-27,CUST-00283,Mia Davis,Small Business,United States,North America,Apparel,Wool Socks,1,56.36,0.1,3.87,Credit Card,Completed
ORD-102337,2024-09-07,CUST-00665,Chen Miller,Consumer,Germany,Europe,Apparel,T-Shirt,1,16.06,0.0,2.31,Credit Card,Completed
ORD-104050,2024-04-12,CUST-00473,Elizabeth Kumar,Consumer,Australia,Oceania,Apparel,Running Shoes,1,71.0,0.1,18.92,PayPal,Completed
ORD-102427,2023-11-12,CUST-00210,Mia Johnson,Consumer,Japan,Asia,Home & Kitchen,Storage Bin,1,102.35,0.0,8.52,Credit Card,Completed
ORD-101088,2023-07-18,CUST-00131,Raj Silva,Consumer,France,Europe,Apparel,Running Shoes,1,15.62,0.05,16.27,PayPal,Returned
ORD-105282,2024-07-21,CUST-00691,Carlos Rossi,Consumer,CANADA,North America,Beauty,Face Serum,1,14.05,0.0,10.67,Bank Transfer,Completed
ORD-103771,2024-03-16,CUST-00800,Priya Brown,Consumer,France,Europe,Apparel,Baseball Cap,3,10.53,0.2,7.41,PayPal,Completed
ORD-104391,2024-01-21,CUST-00104,Mary Williams,Consumer,United Kingdom,Europe,Sports & Outdoors,Hiking Backpack,1,116.66,0.1,21.43,Credit Card,Completed
ORD-105062,2024-06-28,CUST-00384,Michael Rossi,,Australia,Oceania,Office,Desk Organizer,1,61.09,0.0,12.41,Credit Card,Cancelled
ORD-102915,2024-03-07,CUST-00293,Lucas Davis,Consumer,Spain,Europe,Electronics,Bluetooth Speaker,1,170.51,0.0,17.32,PayPal,Completed
ORD-102861,2023-03-22,CUST-00577,Ana Smith,Consumer,Brazil,South America,Beauty,Face Serum,1,35.04,0.1,5.65,PayPal,Returned
ORD-102364,2024-05-10,CUST-00561,Grace Tanaka,Small Business,India,Asia,Sports & Outdoors,Water Bottle,1,110.49,0.0,3.04,Bank Transfer,Completed
ORD-104625,2024-01-25,CUST-00767,Raj Smith,Small Business,Brazil,South America,Apparel,Running Shoes,2,13.85,0.05,22.23,Debit Card,Completed
ORD-103882,2024-01-13,CUST-00774,Lucas Dubois,Consumer,United States,North America,Electronics,Laptop Stand,1,103.26,0.0,11.24,Debit Card,Returned
ORD-104124,2024-09-17,CUST-00006,Sofia Jones,Consumer,United States,North America,Home & Kitchen,Storage Bin,2,149.66,0.0,4.94,Credit Card,Completed
ORD-105748,2023-12-04,CUST-00013,Sofia Williams,Consumer,Canada,North America,Sports & Outdoors,Resistance Bands,1,167.45,0.0,18.22,Credit Card,Completed
ORD-100275,2024-04-14,CUST-00729,Ines Kumar,Consumer,Japan,Asia,Apparel,Denim Jacket,3,43.87,0.1,22.22,PayPal,Completed
ORD-101073,2024-08-08,CUST-00481,Mary Jones,Consumer,United States,North America,Sports & Outdoors,Camping Tent,1,137.74,0.15,13.95,PayPal,Completed
ORD-105171,2024-06-08,CUST-00556,Lucas Rossi,Small Business,Canada,North America,Electronics,Laptop Stand,1,33.84,0.1,23.43,PayPal,Returned
ORD-105612,2024-02-20,CUST-00006,Sofia Jones,Consumer,United States,North America,Electronics,Headphones,1,22.04,0.1,22.5,Credit Card,Completed
ORD-100676,2024-01-06,CUST-00698,Patricia Rossi,Consumer,United States,North America,Office,Notebook Set,2,31.14,0.0,13.89,Credit Card,Completed
ORD-106287,2024-10-12,CUST-00528,John Miller,Consumer,Canada,North America,Home & Kitchen,Storage Bin,2,50.47,0.2,8.68,Credit Card,Returned
ORD-103383,2024-04-12,CUST-00289,Sofia Williams,Enterprise,Australia,Oceania,Electronics,USB-C Cable,2,53.32,0.1,12.75,PayPal,Completed
ORD-106413,2024-09-02,CUST-00845,Emma Muller,Consumer,Brazil,South America,Electronics,Bluetooth Speaker,2,62.68,0.0,13.88,Credit Card,Completed
ORD-103705,2023-07-23,CUST-00716,Robert Dubois,Consumer,Mexico,South America,Home & Kitchen,Storage Bin,3,42.08,0.05,13.44,Credit Card,Completed
ORD-100586,2024-05-15,CUST-00464,Priya Smith,Enterprise,Singapore,Asia,Beauty,Shampoo,1,58.5,0.0,15.29,Credit Card,Completed
ORD-100838,2024-06-29,CUST-00056,Noah Davis,Small Business,Japan,Asia,Sports & Outdoors,Hiking Backpack,2,128.48,0.0,13.43,Debit Card,Completed
ORD-104807,2024-06-11,CUST-00724,Ana Kumar,Consumer,Canada,North America,Electronics,Bluetooth Speaker,4,69.85,0.05,12.97,PayPal,Completed
ORD-104400,2023-04-05,CUST-00630,Ahmed Brown,Small Business,Germany,Europe,Apparel,Baseball Cap,2,86.35,0.0,6.62,Debit Card,Completed
ORD-102616,2023-08-31,CUST-00304,John Garcia,Small Business,Australia,Oceania,Electronics,Smartphone Case,1,75.8,0.0,21.66,Gift Card,Completed
ORD-105347,2024-09-22,CUST-00204,Fatima Rodriguez,Consumer,Italy,Europe,Office,Pen Pack,1,15.68,0.05,23.37,Credit Card,Cancelled
ORD-102966,2023-10-10,CUST-00622,Patricia Kumar,Small Business,Australia,Oceania,Sports & Outdoors,Yoga Mat,1,77.07,0.0,22.02,Credit Card,Completed
ORD-101438,2023-08-02,CUST-00825,Mary Tanaka,Consumer,United Kingdom,Europe,Sports & Outdoors,Yoga Mat,1,30.11,0.0,22.62,Debit Card,Completed
ORD-101554,2023-07-04,CUST-00712,Wei Dubois,Consumer,France,Europe,Electronics,Headphones,1,132.59,0.1,22.68,Credit Card,Completed
ORD-100817,2024-09-03,CUST-00292,Grace Davis,Small Business,Australia,Oceania,Beauty,Lip Balm,2,48.82,0.15,7.19,Credit Card,Completed
ORD-101244,2024-10-26,CUST-00319,Mary Dubois,Enterprise,Japan,Asia,Beauty,Shampoo,1,34.9,0.0,18.4,PayPal,Completed
ORD-104313,2024-05-20,CUST-00235,Jennifer Brown,Small Business,United Kingdom,Europe,Sports & Outdoors,Hiking Backpack,1,93.95,0.0,11.76,Credit Card,Completed
ORD-105054,2024-05-17,CUST-00045,Grace Zhang,Consumer, spain ,Europe,Electronics,Smartphone Case,1,45.36,0.0,3.73,Credit Card,Completed
ORD-100303,2024-04-16,CUST-00109,Tom Costa,Small Business,Japan,Asia,Office,Pen Pack,2,61.77,0.1,10.78,Debit Card,Completed
ORD-102620,2024-10-19,CUST-00703,Ahmed Tanaka,Enterprise,United Kingdom,Europe,Home & Kitchen,Cutting Board,1,111.67,0.0,9.13,Credit Card,Completed
ORD-106637,2023-09-27,CUST-00541,Michael Jones,Consumer,Japan,Asia,Office,Wireless Mouse,-2,4.31,0.05,22.61,Gift Card,Completed
ORD-102679,2023-10-16,CUST-00441,Linda Martinez,Consumer, united states ,North America,Sports & Outdoors,Hiking Backpack,3,100.21,0.2,24.1,Gift Card,Completed
ORD-102486,2024-06-29,CUST-00741,Elizabeth Davis,Consumer,United Kingdom,Europe,Electronics,Bluetooth Speaker,1,86.77,0.0,3.18,PayPal,Completed
ORD-103937,2024-11-17,CUST-00106,Ana Miller,Consumer,India,Asia,Apparel,Running Shoes,1,37.05,0.0,13.89,PayPal,Completed
ORD-106978,2024-08-14,CUST-00839,Carlos Jones,Small Business,United States,North America,Beauty,Lip Balm,1,48.97,0.0,9.31,Credit Card,Completed
ORD-103163,2024-04-07,CUST-00271,Linda Smith,Consumer,MEXICO,South America,Office,Pen Pack,1,30.42,0.0,14.84,Credit Card,Completed
ORD-101064,2023-06-30,CUST-00279,Emma Tanaka,Consumer,India,Asia,Home & Kitchen,Storage Bin,2,64.79,0.0,23.79,Bank Transfer,Completed
ORD-100873,2024-08-26,CUST-00517,Jennifer Miller,Consumer,United States,North America,Office,Pen Pack,1,14.09,0.0,6.83,Credit Card,Completed
ORD-102820,2024-08-21,CUST-00031,Tom Brown,Small Business,Germany,Europe,Sports & Outdoors,Resistance Bands,1,94.7,0.0,7.62,Credit Card,Completed
ORD-105749,2024-03-21,CUST-00476,Jennifer Davis,Consumer,United States,North America,Electronics,Smartphone Case,1,84.14,0.05,21.73,Debit Card,Completed
ORD-100953,2024-07-04,CUST-00035,Sofia Garcia,Enterprise,Japan,Asia,Office,Wireless Mouse,2,40.32,0.0,23.95,Credit Card,Completed
ORD-100160,2024-05-28,CUST-00507,Fatima Brown,Consumer,United Kingdom,Europe,Electronics,Bluetooth Speaker,1,91.28,0.0,12.74,Bank Transfer,Cancelled
ORD-106262,2024-06-16,CUST-00523,Ana Johnson,Consumer,Germany,Europe,Electronics,Laptop Stand,1,38.28,0.0,22.54,Debit Card,Completed
ORD-100924,2024-07-06,CUST-00091,Carlos Johnson,Consumer,UNITED STATES,North America,Apparel,Wool Socks,2,40.06,0.0,6.79,PayPal,Completed
ORD-102771,2024-07-11,CUST-00636,Michael Rodriguez,,United States,North America,Electronics,USB-C Cable,1,42.57,0.1,19.18,PayPal,Completed
ORD-104156,2024-07-25,CUST-00716,Robert Dubois,Consumer,Mexico,South America,Beauty,Face Serum,1,22.11,0.0,24.43,Debit Card,Completed
ORD-106915,2024-09-01,CUST-00352,Ana Williams,Consumer,Italy,Europe,Office,Wireless Mouse,1,821.8261893393662,0.0,17.74,Credit Card,Completed
ORD-104335,2023-04-02,CUST-00513,Linda Khan,Small Business,Japan,Asia,Electronics,USB-C Cable,2,178.98,0.0,19.97,Credit Card,Completed
ORD-101976,2023-08-14,CUST-00288,Mia Tanaka,Small Business,France,Europe,Apparel,Baseball Cap,2,73.51,0.0,7.17,Credit Card,Completed
ORD-104120,2024-02-10,CUST-00377,Hiro Muller,Enterprise,Mexico,South America,Office,Pen Pack,2,63.35,0.0,14.35,Debit Card,Completed
ORD-105742,2024-05-19,CUST-00423,Ines Brown,Enterprise, germany ,Europe,Office,Notebook Set,1,20.99,0.0,14.51,Credit Card,Completed
ORD-104780,2023-12-25,CUST-00339,Emma Miller,Consumer,Italy,Europe,Apparel,Denim Jacket,2,29.3,0.0,22.58,Credit Card,Completed
ORD-103736,2024-09-23,CUST-00483,Wei Dubois,Consumer,Spain,Europe,Home & Kitchen,Coffee Maker,1,14.51,0.0,19.93,Gift Card,Completed
ORD-102395,2024-03-01,CUST-00618,Linda Dubois,Consumer,India,Asia,Beauty,Hair Dryer,1,55.25,0.0,14.55,Credit Card,Completed
ORD-106117,2024-03-15,CUST-00110,Noah Kumar,Small Business,United Kingdom,Europe,Electronics,Bluetooth Speaker,2,96.62,0.0,4.99,Debit Card,Cancelled
ORD-103604,2024-01-19,CUST-00729,Ines Kumar,,JAPAN,Asia,Apparel,T-Shirt,2,36.79,0.15,7.57,Gift Card,Completed
ORD-102057,2024-02-07,CUST-00339,Emma Miller,Consumer,Italy,Europe,Sports & Outdoors,Yoga Mat,2,57.17,0.0,23.4,PayPal,Completed
ORD-104325,2024-08-08,CUST-00477,Olivia Khan,Consumer,Brazil,South America,Electronics,Bluetooth Speaker,1,180.17,0.0,,Debit Card,Completed
ORD-100490,2023-08-21,CUST-00604,Sofia Johnson,Consumer,Germany,Europe,Beauty,Hair Dryer,1,44.43,0.0,14.65,Credit Card,Returned
ORD-106547,2024-10-21,CUST-00816,Chen Zhang,,United Kingdom,Europe,Sports & Outdoors,Resistance Bands,1,72.43,0.0,4.46,Credit Card,Completed
ORD-103714,2024-02-12,CUST-00356,Carlos Nakamura,Consumer,India,Asia,Sports & Outdoors,Water Bottle,2,163.24,0.05,8.38,Credit Card,Completed
ORD-104926,2023-05-04,CUST-00562,Lucas Garcia,Consumer,Canada,North America,Apparel,Baseball Cap,-1,38.99,0.0,11.47,Bank Transfer,Completed
ORD-100386,2023-09-24,CUST-00611,Noah Martinez,Enterprise, germany ,Europe,Sports & Outdoors,Yoga Mat,4,136.45,0.2,22.55,Credit Card,Completed
ORD-103489,2024-05-02,CUST-00636,Michael Rodriguez,Consumer,United States,North America,Beauty,Sunscreen SPF50,2,58.7,0.0,6.81,Gift Card,Completed
ORD-102284,2024-06-10,CUST-00565,Hiro Jones,Small Business,Italy,Europe,Home & Kitchen,Cutting Board,1,31.59,0.05,19.82,Credit Card,Completed
ORD-104112,2024-08-31,CUST-00157,John Williams,Consumer,United Kingdom,Europe,Sports & Outdoors,Camping Tent,2,125.8,0.0,16.67,Credit Card,Completed
ORD-101825,2024-05-12,CUST-00798,Wei Khan,Consumer,UNITED STATES,North America,Apparel,Wool Socks,1,21.72,0.0,3.92,Credit Card,Completed
ORD-104366,2024-07-27,CUST-00793,Fatima Rossi,Small Business,United States,North America,Sports & Outdoors,Resistance Bands,1,41.27,0.15,17.65,PayPal,Completed
ORD-105485,2024-05-01,CUST-00673,David Garcia,Consumer,Spain,Europe,Apparel,Running Shoes,4,44.4,0.0,24.94,Debit Card,Completed
ORD-104420,2024-10-03,CUST-00304,John Garcia,Small Business,Australia,Oceania,Apparel,Running Shoes,1,41.43,0.0,4.49,Debit Card,Completed
ORD-101589,2024-06-29,CUST-00652,Carlos Nakamura,Enterprise,Mexico,South America,Sports & Outdoors,Water Bottle,1,37.94,0.0,5.68,Credit Card,Completed
ORD-103696,2023-09-26,CUST-00612,Olivia Brown,Consumer,United States,North America,Home & Kitchen,Throw Pillow,1,74.26,0.0,,PayPal,Completed
ORD-103349,2024-07-25,CUST-00228,Wei Jones,Consumer,Germany,Europe,Electronics,Smartphone Case,1,145.28,0.1,19.08,Debit Card,Completed
ORD-106788,2024-07-04,CUST-00067,Mary Brown,Consumer,Japan,Asia,Home & Kitchen,Blender,2,127.09,0.1,9.86,Bank Transfer,Completed
ORD-101752,2023-12-21,CUST-00670,David Williams,Consumer,India,Asia,Home & Kitchen,Cutting Board,1,93.84,0.0,17.93,Credit Card,Cancelled
ORD-105247,2024-01-20,CUST-00633,,Consumer,United States,North America,Electronics,Smartphone Case,3,183.75,0.0,15.93,PayPal,Completed
ORD-105401,2024-08-02,CUST-00772,James Brown,Consumer,United Kingdom,Europe,Apparel,Running Shoes,1,44.63,0.0,9.41,PayPal,Completed
ORD-101232,2023-09-30,CUST-00453,Tom Kumar,Consumer,India,Asia,Sports & Outdoors,Camping Tent,1,170.3,0.05,6.95,Credit Card,Completed
ORD-104090,2023-06-02,CUST-00732,Linda Johnson,,Japan,Asia,Apparel,T-Shirt,2,83.35,0.0,24.63,Credit Card,Cancelled
ORD-105366,2023-03-20,CUST-00839,Carlos Jones,Small Business,United States,North America,Beauty,Shampoo,1,22.22,0.1,21.88,PayPal,Completed
ORD-103161,2023-11-07,CUST-00563,Elizabeth Kumar,Consumer,France,Europe,Apparel,Running Shoes,1,36.06,0.0,6.63,PayPal,Completed
ORD-100964,2024-05-01,CUST-00813,Mary Zhang,Small Business,Germany,Europe,Sports & Outdoors,Water Bottle,1,73.15,0.0,13.06,Credit Card,Completed
ORD-104594,2024-07-25,CUST-00443,Grace Davis,Consumer,Canada,North America,Apparel,T-Shirt,4,46.49,0.15,3.49,Debit Card,Completed
ORD-100353,2023-08-02,CUST-00111,Jennifer Tanaka,Consumer,India,Asia,Sports & Outdoors,Yoga Mat,1,20.94,0.1,20.41,Gift Card,Completed
ORD-101839,2024-07-22,CUST-00712,Wei Dubois,Consumer,France,Europe,Electronics,Headphones,1,114.64,0.0,2.71,Credit Card,Completed
ORD-103946,2024-04-12,CUST-00363,Grace Khan,Small Business,Germany,Europe,Electronics,Bluetooth Speaker,1,157.62,0.1,17.0,Credit Card,Completed
ORD-106373,2023-09-17,CUST-00482,Ines Johnson,Consumer,France,Europe,Office,Notebook Set,1,39.86,0.0,12.67,Bank Transfer,Completed
ORD-100002,2024-06-12,CUST-00742,Elizabeth Brown,Enterprise, canada ,North America,Beauty,Face Serum,1,46.07,0.0,11.11,Credit Card,Completed
ORD-106163,2023-10-30,CUST-00740,Olivia Dubois,Enterprise,United Kingdom,Europe,Sports & Outdoors,Camping Tent,1,55.82,0.0,18.87,Bank Transfer,Completed
ORD-104382,2024-01-15,CUST-00135,Ana Khan,Consumer,Mexico,South America,Office,Desk Organizer,1,42.47,0.0,9.34,Debit Card,Completed
ORD-106815,2023-02-05,CUST-00164,Wei Zhang,Small Business,Italy,Europe,Electronics,Bluetooth Speaker,1,156.41,0.0,21.07,Credit Card,Completed
ORD-100784,2024-07-27,CUST-00690,Grace Nakamura,Consumer,Germany,Europe,Apparel,Running Shoes,1,51.4,0.0,11.02,Credit Card,Returned
ORD-105732,2024-01-12,CUST-00828,Grace Jones,Consumer,UNITED KINGDOM,Europe,Electronics,Headphones,1,53.15,0.0,14.5,Debit Card,Completed
ORD-105034,2024-02-01,CUST-00542,Hiro Johnson,Consumer,India,Asia,Apparel,Denim Jacket,1,41.42,0.0,14.07,Credit Card,Completed
ORD-102397,2024-08-19,CUST-00131,Raj Silva,Consumer,France,Europe,Electronics,Headphones,1,155.27,0.1,6.21,Credit Card,Completed
ORD-105712,2024-03-28,CUST-00148,Sofia Brown,Small Business,United States,North America,Sports & Outdoors,Camping Tent,1,98.98,0.0,15.1,Debit Card,Completed
ORD-100069,2024-07-23,CUST-00803,Emma Zhang,Consumer,United Kingdom,Europe,Apparel,T-Shirt,1,64.63,0.0,3.76,PayPal,Cancelled
ORD-100404,2024-02-15,CUST-00503,Mary Tanaka,Consumer,UNITED STATES,North America,Apparel,Running Shoes,1,11.01,0.1,17.19,Credit Card,Completed
ORD-103435,2024-03-14,CUST-00652,Carlos Nakamura,Enterprise,Mexico,South America,Electronics,Headphones,3,204.74,0.0,3.51,Credit Card,Completed
ORD-104894,2023-11-15,CUST-00770,Noah Rodriguez,Consumer,Australia,Oceania,Sports & Outdoors,Yoga Mat,1,73.8,0.0,3.62,Gift Card,Completed
ORD-103305,2024-07-29,CUST-00386,David Johnson,Consumer,United States,North America,Electronics,Smartphone Case,1,199.74,0.0,13.06,Credit Card,Completed
ORD-106352,2024-03-13,CUST-00253,Ana Miller,Enterprise,United States,North America,Beauty,Shampoo,4,49.12,0.0,17.85,Debit Card,Completed
ORD-104274,2023-09-03,CUST-00374,Liam Rossi,Small Business, united states ,North America,Sports & Outdoors,Resistance Bands,1,4434.99220381643,0.1,16.13,PayPal,Completed
ORD-105050,2023-03-01,CUST-00305,Hiro Dubois,Enterprise,Mexico,South America,Sports & Outdoors,Water Bottle,1,149.82,0.05,2.72,PayPal,Cancelled
ORD-103429,2024-08-10,CUST-00818,Lucas Tanaka,Small Business,Japan,Asia,Electronics,Smartphone Case,3,161.73,0.0,21.95,Bank Transfer,Completed
ORD-102140,2024-08-17,CUST-00642,Hiro Davis,Consumer,United States,North America,Electronics,Laptop Stand,2,59.43,0.0,13.46,PayPal,Completed
ORD-101201,2024-09-27,CUST-00230,Raj Nakamura,Small Business,France,Europe,Beauty,Sunscreen SPF50,2,45.51,0.0,6.9,Credit Card,Completed
ORD-102916,2023-06-13,CUST-00514,Michael Rodriguez,Small Business,Canada,North America,Apparel,Running Shoes,1,38.79,0.1,20.59,PayPal,Completed
ORD-102301,2024-11-07,CUST-00353,Ines Dubois,Consumer,France,Europe,Electronics,Smartphone Case,1,141.93,0.05,10.36,Gift Card,Completed
ORD-101757,2023-02-12,CUST-00772,James Brown,Consumer,United Kingdom,Europe,Electronics,Smartphone Case,1,64.29,0.0,15.86,PayPal,Completed
ORD-103487,2023-10-08,CUST-00240,Elizabeth Williams,Small Business,Brazil,South America,Apparel,Denim Jacket,1,52.02,0.0,19.53,PayPal,Completed
ORD-101578,2023-07-04,CUST-00540,Olivia Zhang,Enterprise, united states ,North America,Apparel,Wool Socks,4,16.43,0.0,14.78,Credit Card,Completed
ORD-102720,2024-10-03,CUST-00544,Noah Rodriguez,Consumer,Australia,Oceania,Sports & Outdoors,Hiking Backpack,3,161.49,0.05,,PayPal,Completed
ORD-102242,2024-02-20,CUST-00735,Linda Rossi,Consumer,United Kingdom,Europe,Beauty,Lip Balm,1,14.44,0.15,14.23,Credit Card,Returned
ORD-102775,2024-06-04,CUST-00321,Priya Kumar,Consumer,United States,North America,Office,Desk Organizer,-1,58.73,0.0,2.77,Credit Card,Cancelled
ORD-101508,2023-04-13,CUST-00343,Wei Dubois,Consumer,India,Asia,Home & Kitchen,Throw Pillow,5,38.58,0.15,20.45,Credit Card,Returned
ORD-103750,2024-11-09,CUST-00361,Fatima Jones,Enterprise,Brazil,South America,Apparel,Running Shoes,5,26.24,0.0,13.01,Credit Card,Completed
ORD-102494,2023-09-06,CUST-00412,Elizabeth Muller,Consumer,United States,North America,Electronics,Laptop Stand,2,214.46,0.0,2.41,Credit Card,Completed
ORD-106460,2024-05-06,CUST-00071,Ines Muller,Consumer,United States,North America,Apparel,Baseball Cap,1,24.14,0.0,4.22,Credit Card,Completed
ORD-100539,2024-08-01,CUST-00114,Emma Dubois,Consumer,Brazil,South America,Sports & Outdoors,Water Bottle,-1,162.7,0.0,25.0,Debit Card,Completed
ORD-101331,2024-01-05,CUST-00749,Mia Davis,Consumer,Canada,North America,Electronics,Smartphone Case,4,179.22,0.0,23.74,Gift Card,Completed
ORD-102304,2024-09-06,CUST-00107,Linda Garcia,Enterprise,Brazil,South America,Electronics,Laptop Stand,1,128.65,0.0,,Credit Card,Completed
ORD-102500,2024-06-27,CUST-00547,Robert Jones,Small Business,India,Asia,Home & Kitchen,Cutting Board,5,26.55,0.0,10.17,Gift Card,Completed
ORD-101613,2024-03-26,CUST-00568,John Nakamura,Consumer,Spain,Europe,Office,Wireless Mouse,2,13.38,0.0,22.26,Credit Card,Completed
ORD-101489,2024-07-17,CUST-00010,Liam Smith,Consumer,INDIA,Asia,Electronics,Smartphone Case,1,57.87,0.0,7.67,Debit Card,Completed
ORD-102019,2024-07-12,CUST-00014,Noah Muller,Consumer,Singapore,Asia,Sports & Outdoors,Camping Tent,1,23.34,0.05,24.82,Credit Card,Completed
ORD-101745,2024-05-18,CUST-00037,Robert Johnson,Enterprise,Germany,Europe,Office,Standing Desk Mat,1,22.95,0.0,14.52,Credit Card,Completed
ORD-106249,2023-12-15,CUST-00505,Priya Silva,Small Business,Australia,Oceania,Beauty,Hair Dryer,1,39.45,0.05,15.99,Gift Card,Completed
ORD-105676,2024-06-13,CUST-00050,Noah Kumar,Consumer,United States,North America,Sports & Outdoors,Water Bottle,1,88.7,0.0,16.98,Bank Transfer,Completed
ORD-106947,2024-01-13,CUST-00781,Elizabeth Brown,Consumer,India,Asia,Office,Pen Pack,1,19.95,0.1,13.97,Credit Card,Completed
ORD-106442,2024-03-16,CUST-00066,Ana Brown,Consumer,Australia,Oceania,Office,Standing Desk Mat,1,60.47,0.05,15.86,Debit Card,Completed
ORD-106939,2023-12-31,CUST-00730,Elizabeth Zhang,Consumer,Brazil,South America,Electronics,Smartphone Case,1,49.48,0.05,11.3,Credit Card,Completed
ORD-105045,2024-01-10,CUST-00244,Linda Kumar,Consumer,United States,North America,Beauty,Shampoo,2,23.17,0.0,7.58,Credit Card,Completed
ORD-104607,2024-07-22,CUST-00488,Patricia Kumar,Consumer,United Kingdom,Europe,Electronics,USB-C Cable,2,109.41,0.0,15.47,Credit Card,Completed
ORD-101394,2023-10-16,CUST-00340,Grace Costa,Consumer,Germany,Europe,Apparel,Wool Socks,1,34.28,0.0,20.29,PayPal,Returned
ORD-101509,2023-10-19,CUST-00392,Elizabeth Khan,Consumer,India,Asia,Apparel,T-Shirt,3,73.03,0.0,10.99,PayPal,Completed
ORD-101195,2023-11-18,CUST-00680,Elizabeth Smith,Small Business,India,Asia,Apparel,Denim Jacket,2,61.95,0.1,24.23,Gift Card,Completed
ORD-106122,2023-10-26,CUST-00647,Yuki Jones,Consumer,Canada,North America,Home & Kitchen,Throw Pillow,1,63.29,0.0,21.41,Credit Card,Completed
ORD-105428,2024-08-30,CUST-00226,Mary Davis,Enterprise,Germany,Europe,Home & Kitchen,Storage Bin,1,74.83,0.0,8.81,Bank Transfer,Completed
ORD-105406,2023-04-08,CUST-00020,Emma Zhang,Consumer,United States,North America,Sports & Outdoors,Camping Tent,1,27.54,0.0,18.06,Bank Transfer,Completed
ORD-106807,2024-10-08,CUST-00547,Robert Jones,Small Business,India,Asia,Electronics,Laptop Stand,1,175.73,0.0,22.16,Debit Card,Completed
ORD-103801,2024-05-02,CUST-00641,Raj Martinez,Consumer,Germany,Europe,Apparel,Denim Jacket,1,56.75,0.0,2.62,PayPal,Completed
ORD-106982,2024-05-27,CUST-00716,Robert Dubois,Consumer,Mexico,South America,Sports & Outdoors,Water Bottle,1,94.23,0.0,14.59,Debit Card,Completed
ORD-104678,2024-07-18,CUST-00482,Ines Johnson,Consumer,France,Europe,Electronics,Bluetooth Speaker,2,87.53,0.0,9.13,PayPal,Returned
ORD-105688,2024-02-18,CUST-00704,Emma Brown,Consumer,France,Europe,Apparel,Running Shoes,1,42.42,0.2,17.94,Gift Card,Returned
ORD-101932,2024-12-12,CUST-00811,Mary Costa,Small Business,France,Europe,Apparel,Baseball Cap,1,15.53,0.05,24.59,PayPal,Completed
ORD-102813,2023-10-13,CUST-00191,Raj Miller,Small Business,Germany,Europe,Beauty,Face Serum,1,17.88,0.0,7.09,Credit Card,Completed
ORD-103975,2023-06-27,CUST-00764,David Garcia,Enterprise, india ,Asia,Electronics,Headphones,2,181.15,0.0,2.36,Credit Card,Completed
ORD-102540,2024-02-16,CUST-00105,Lucas Jones,Consumer, united kingdom ,Europe,Beauty,Hair Dryer,1,38.76,0.1,23.33,Debit Card,Returned
ORD-102670,2023-05-08,CUST-00252,Ines Martinez,Small Business,Canada,North America,Home & Kitchen,Coffee Maker,2,57.3,0.0,18.95,Debit Card,Completed
ORD-105610,2023-12-25,CUST-00705,Hiro Brown,,United States,North America,Apparel,T-Shirt,1,34.43,0.0,18.92,PayPal,Completed
ORD-103720,2024-04-13,CUST-00043,Jennifer Miller,Consumer,United States,North America,Electronics,Laptop Stand,1,91.76,0.0,14.26,Credit Card,Completed
ORD-105899,2024-03-11,CUST-00157,John Williams,Consumer,United Kingdom,Europe,Electronics,Bluetooth Speaker,1,197.55,0.0,6.42,PayPal,Completed
ORD-103249,2024-06-15,CUST-00837,Mary Kumar,Small Business,Germany,Europe,Sports & Outdoors,Camping Tent,2,81.45,0.0,14.99,Credit Card,Completed
ORD-104760,2023-08-29,CUST-00602,Elizabeth Muller,Small Business,India,Asia,Home & Kitchen,Storage Bin,1,35.41,0.15,2.68,PayPal,Completed
ORD-102823,2023-12-06,CUST-00516,Wei Davis,Consumer,India,Asia,Home & Kitchen,Blender,2,54.78,0.05,8.53,Debit Card,Completed
ORD-100574,2024-02-16,CUST-00565,Hiro Jones,Small Business,Italy,Europe,Beauty,Lip Balm,2,28.92,0.0,7.42,Credit Card,Completed
ORD-100697,2024-01-12,CUST-00504,Olivia Tanaka,Consumer,United States,North America,Sports & Outdoors,Hiking Backpack,2,144.72,0.1,10.84,Credit Card,Completed
ORD-105508,2023-09-17,CUST-00352,Ana Williams,Consumer,Italy,Europe,Home & Kitchen,Coffee Maker,1,108.56,0.1,2.54,Credit Card,Completed
ORD-106611,2024-04-28,CUST-00837,Mary Kumar,Small Business,Germany,Europe,Apparel,T-Shirt,1,50.16,0.0,9.22,PayPal,Completed
ORD-106308,2024-07-06,CUST-00587,Jennifer Dubois,Enterprise,United Kingdom,Europe,Sports & Outdoors,Camping Tent,2,148.78,0.2,14.38,PayPal,Completed
ORD-105780,2024-02-23,CUST-00686,James Martinez,Enterprise,Germany,Europe,Electronics,Laptop Stand,4,189.95,0.0,5.62,Debit Card,Cancelled
ORD-106488,2023-11-06,CUST-00073,Fatima Williams,Consumer,Brazil,South America,Apparel,Running Shoes,1,30.03,0.0,21.13,Debit Card,Completed
ORD-105986,2024-03-05,CUST-00311,Ana Garcia,Consumer,United Kingdom,Europe,Electronics,Smartphone Case,1,210.71,0.05,8.73,Credit Card,Completed
ORD-102188,2024-05-23,CUST-00097,,Consumer,Singapore,Asia,Home & Kitchen,Storage Bin,1,102.83,0.0,4.67,PayPal,Completed
ORD-104023,2024-10-04,CUST-00143,Tom Jones,Small Business,United States,North America,Electronics,USB-C Cable,2,188.8,0.0,20.02,Credit Card,Completed
ORD-105792,2023-08-18,CUST-00346,Jennifer Silva,Consumer,United Kingdom,Europe,Beauty,Face Serum,1,18.8,0.0,19.14,PayPal,Completed
ORD-102046,2023-07-21,CUST-00507,Fatima Brown,Consumer,United Kingdom,Europe,Apparel,Baseball Cap,2,35.99,0.0,8.68,PayPal,Completed
ORD-100283,2023-12-29,CUST-00637,Sofia Costa,Enterprise,United States,North America,Home & Kitchen,Throw Pillow,1,116.24,0.0,24.88,PayPal,Completed
ORD-100259,2024-05-29,CUST-00444,,Small Business,Germany,Europe,Apparel,Wool Socks,1,53.46,0.0,10.91,Credit Card,Completed
ORD-102665,2024-07-16,CUST-00734,Robert Muller,Consumer,Brazil,South America,Beauty,Shampoo,2,21.34,0.0,9.89,Credit Card,Completed
ORD-105895,2024-11-24,CUST-00143,Tom Jones,Small Business,United States,North America,Electronics,Smartphone Case,1,39.47,0.0,8.09,Credit Card,Completed
ORD-103234,2024-07-13,CUST-00102,Elizabeth Kumar,Small Business,Germany,Europe,Beauty,Hair Dryer,2,16.64,0.0,3.59,Gift Card,Completed
ORD-100726,2024-08-31,CUST-00482,Ines Johnson,Consumer,France,Europe,Beauty,Face Serum,1,6.68,0.0,10.29,Credit Card,Completed
ORD-101637,2024-06-14,CUST-00623,Ahmed Dubois,Consumer,France,Europe,Office,Notebook Set,1,28.54,0.0,3.32,Bank Transfer,Cancelled
ORD-104774,2024-10-31,CUST-00730,Elizabeth Zhang,Consumer,Brazil,South America,Apparel,T-Shirt,1,30.22,0.0,15.48,Debit Card,Completed
ORD-105762,2024-03-21,CUST-00575,Ines Tanaka,Consumer,Germany,Europe,Home & Kitchen,Cutting Board,1,113.87,0.0,23.13,Debit Card,Returned
ORD-105249,2024-04-30,CUST-00165,Olivia Muller,Consumer,Japan,Asia,Home & Kitchen,Cutting Board,2,27.13,0.0,,Gift Card,Completed
ORD-105443,2024-11-27,CUST-00455,Hiro Silva,Consumer,Germany,Europe,Apparel,Denim Jacket,1,35.46,0.0,17.77,Bank Transfer,Completed
ORD-100056,2024-04-01,CUST-00180,Liam Brown,Consumer,Singapore,Asia,Beauty,Hair Dryer,1,55.53,0.1,4.24,PayPal,Completed
ORD-105763,2024-08-07,CUST-00428,Yuki Rodriguez,Consumer,Spain,Europe,Beauty,Shampoo,1,11.77,0.0,5.53,PayPal,Completed
ORD-106494,2024-04-30,CUST-00583,Priya Tanaka,Consumer,Germany,Europe,Sports & Outdoors,Hiking Backpack,1,45.78,0.0,19.19,Credit Card,Completed
ORD-101412,2024-08-07,CUST-00614,Noah Tanaka,,France,Europe,Electronics,Headphones,1,192.7,0.0,3.63,Debit Card,Completed
ORD-102215,2024-04-08,CUST-00696,Priya Garcia,Consumer,United Kingdom,Europe,Home & Kitchen,Storage Bin,3,78.93,0.0,16.77,Debit Card,Completed
ORD-106924,2024-08-20,CUST-00655,Mia Zhang,Consumer,India,Asia,Beauty,Lip Balm,4,57.52,0.0,2.88,PayPal,Completed
ORD-105458,2023-04-07,CUST-00249,Patricia Kumar,Consumer,United Kingdom,Europe,Electronics,Bluetooth Speaker,1,178.35,0.1,20.09,Credit Card,Completed
ORD-102936,2023-11-23,CUST-00479,Chen Jones,,United States,North America,Beauty,Hair Dryer,1,53.94,0.05,23.62,PayPal,Completed
ORD-100889,2024-08-14,CUST-00692,Ahmed Rossi,Consumer,France,Europe,Home & Kitchen,Coffee Maker,1,127.99,0.0,14.8,PayPal,Returned
ORD-102955,2024-09-27,CUST-00449,Mia Nakamura,Small Business,Germany,Europe,Home & Kitchen,Cutting Board,4,72.17,0.1,18.08,Credit Card,Completed
ORD-101688,2024-10-18,CUST-00375,Carlos Costa,Consumer,Germany,Europe,Office,Notebook Set,2,12.08,0.0,14.45,Credit Card,Completed
ORD-101820,2024-10-05,CUST-00674,Elizabeth Davis,Small Business,United States,North America,Electronics,Headphones,1,53.77,0.15,15.89,Debit Card,Completed
ORD-103704,2024-10-22,CUST-00157,John Williams,Consumer,United Kingdom,Europe,Beauty,Lip Balm,1,35.72,0.0,,PayPal,Completed
ORD-101973,2023-09-13,CUST-00335,Hiro Williams,Consumer,Spain,Europe,Office,Pen Pack,1,50.63,0.15,18.41,PayPal,Completed
ORD-100715,2024-10-11,CUST-00071,Ines Muller,Consumer,United States,North America,Beauty,Face Serum,1,39.38,0.0,16.69,Debit Card,Completed
ORD-104702,2024-08-03,CUST-00326,Ines Silva,Consumer,United Kingdom,Europe,Sports & Outdoors,Water Bottle,1,73.12,0.0,12.87,Debit Card,Completed
ORD-105153,2024-06-19,CUST-00828,Grace Jones,Consumer,United Kingdom,Europe,Sports & Outdoors,Hiking Backpack,1,89.11,0.0,24.22,Bank Transfer,Completed
ORD-102287,2023-11-27,CUST-00006,Sofia Jones,Consumer, united states ,North America,Home & Kitchen,Storage Bin,1,1744.587390711061,0.0,20.44,Debit Card,Completed
ORD-106644,2024-05-04,CUST-00728,Liam Nakamura,Small Business,United States,North America,Home & Kitchen,Blender,1,96.38,0.15,,Gift Card,Completed
ORD-101519,2023-01-27,CUST-00438,Patricia Dubois,Consumer,United States,North America,Beauty,Shampoo,2,41.45,0.0,16.7,PayPal,Completed
ORD-105791,2024-05-01,CUST-00366,Wei Rodriguez,Consumer,Japan,Asia,Apparel,Wool Socks,1,23.46,0.1,17.38,Bank Transfer,Completed
ORD-102849,2024-11-15,CUST-00834,Yuki Martinez,Consumer,India,Asia,Home & Kitchen,Cutting Board,1,43.15,0.0,20.21,Debit Card,Completed
ORD-104714,2024-01-07,CUST-00470,Jennifer Johnson,Small Business,India,Asia,Electronics,Laptop Stand,1,20.1,0.0,15.34,PayPal,Completed
ORD-100124,2024-09-23,CUST-00756,James Williams,Small Business,Germany,Europe,Electronics,Bluetooth Speaker,3,58.6,0.1,17.63,Credit Card,Completed
ORD-104431,2024-08-08,CUST-00687,James Williams,Consumer,Brazil,South America,Home & Kitchen,Storage Bin,2,23.24,0.0,5.05,Credit Card,Completed
ORD-106548,2024-05-24,CUST-00017,Linda Muller,Consumer,United States,North America,Sports & Outdoors,Camping Tent,1,146.61,0.0,16.16,Credit Card,Returned
ORD-106128,2023-11-09,CUST-00576,Liam Johnson,Consumer,Australia,Oceania,Home & Kitchen,Blender,1,23.54,0.0,16.8,Bank Transfer,Completed
ORD-104401,2023-11-22,CUST-00273,Robert Rossi,Consumer,Spain,Europe,Sports & Outdoors,Camping Tent,1,74.5,0.05,4.03,PayPal,Cancelled
ORD-100981,2024-03-19,CUST-00186,Lucas Jones,Consumer,Germany,Europe,Electronics,Headphones,1,211.82,0.0,22.66,Credit Card,Completed
ORD-106676,2024-04-19,CUST-00576,Liam Johnson,Consumer,Australia,Oceania,Home & Kitchen,Throw Pillow,1,101.47,0.0,,Credit Card,Completed
ORD-100176,2024-04-29,CUST-00520,Wei Martinez,Small Business,Australia,Oceania,Apparel,T-Shirt,3,73.47,0.05,16.42,PayPal,Completed
ORD-100582,2024-08-11,CUST-00448,Priya Costa,Consumer,France,Europe,Home & Kitchen,Storage Bin,1,80.69,0.0,24.2,Debit Card,Completed
ORD-105687,2024-08-23,CUST-00250,Ahmed Rodriguez,Small Business,Singapore,Asia,Electronics,Bluetooth Speaker,1,55.13,0.05,7.69,Debit Card,Completed
ORD-101617,2024-08-03,CUST-00114,Emma Dubois,Consumer,Brazil,South America,Home & Kitchen,Throw Pillow,-2,83.0,0.2,8.46,PayPal,Completed
ORD-106242,2023-07-26,CUST-00603,Lucas Johnson,Consumer,United Kingdom,Europe,Apparel,Running Shoes,1,23.16,0.0,10.77,Credit Card,Returned
ORD-105291,2024-10-20,CUST-00463,Michael Tanaka,Consumer,Brazil,South America,Apparel,T-Shirt,1,51.71,0.0,3.53,Credit Card,Completed
ORD-102877,2024-05-12,CUST-00563,Elizabeth Kumar,Consumer,France,Europe,Office,Notebook Set,4,11.32,0.0,18.5,PayPal,Completed
ORD-105966,2024-10-05,CUST-00254,Liam Martinez,Small Business,United States,North America,Sports & Outdoors,Resistance Bands,1,166.56,0.0,12.41,Credit Card,Returned
ORD-103244,2024-11-10,CUST-00671,Patricia Smith,Consumer,United States,North America,Beauty,Lip Balm,5,15.8,0.0,17.78,Debit Card,Completed
ORD-101862,2024-07-24,CUST-00250,Ahmed Rodriguez,Small Business,Singapore,Asia,Office,Pen Pack,3,60.95,0.2,9.17,Credit Card,Completed
ORD-105447,2024-08-05,CUST-00531,Michael Brown,Consumer,Brazil,South America,Electronics,Smartphone Case,1,58.79,0.1,2.64,PayPal,Completed
ORD-103576,2024-02-26,CUST-00447,Tom Rossi,Consumer,United States,North America,Electronics,Headphones,1,20.56,0.0,13.6,PayPal,Completed
ORD-103607,2024-09-16,CUST-00753,Patricia Dubois,Small Business,United States,North America,Office,Wireless Mouse,2,8.98,0.0,3.65,Credit Card,Completed
ORD-106707,2024-02-11,CUST-00694,Jennifer Smith,Consumer,United States,North America,Sports & Outdoors,Water Bottle,1,44.39,0.0,12.36,Bank Transfer,Completed
ORD-102975,2024-04-10,CUST-00729,Ines Kumar,,Japan,Asia,Sports & Outdoors,Resistance Bands,-2,46.42,0.15,6.9,Credit Card,Cancelled
ORD-104506,2023-09-03,CUST-00087,Raj Johnson,Consumer,United States,North America,Apparel,T-Shirt,1,83.28,0.0,3.48,Credit Card,Completed
ORD-104772,2024-07-14,CUST-00466,Tom Brown,Consumer,Brazil,South America,Sports & Outdoors,Hiking Backpack,4,107.45,0.05,9.42,Debit Card,Completed
ORD-100298,2024-04-11,CUST-00370,Patricia Davis,Enterprise,United States,North America,Apparel,T-Shirt,1,19.29,0.0,7.43,Debit Card,Returned
ORD-100926,2023-11-21,CUST-00201,Raj Martinez,Small Business,Brazil,South America,Apparel,Denim Jacket,2,35.5,0.0,21.71,Debit Card,Completed
ORD-104119,2023-05-27,CUST-00074,Robert Davis,Consumer,Germany,Europe,Beauty,Sunscreen SPF50,2,17.1,0.2,3.04,Credit Card,Completed
ORD-105815,2023-06-23,CUST-00680,Elizabeth Smith,Small Business,India,Asia,Office,Wireless Mouse,3,17.12,0.0,14.77,Debit Card,Completed
ORD-102116,2024-04-16,CUST-00348,,Small Business,Italy,Europe,Electronics,Smartphone Case,1,192.17,0.0,11.14,Credit Card,Completed
ORD-104825,2024-05-01,CUST-00184,Mary Rodriguez,Consumer,United States,North America,Electronics,USB-C Cable,1,131.17,0.15,9.13,Gift Card,Completed
ORD-101308,2024-10-31,CUST-00175,Carlos Brown,Small Business,United States,North America,Electronics,Bluetooth Speaker,2,141.27,0.0,14.19,PayPal,Completed
ORD-104768,2024-03-06,CUST-00814,Yuki Khan,Enterprise,United States,North America,Electronics,Smartphone Case,1,110.32,0.0,10.89,Debit Card,Completed
ORD-101673,2024-04-08,CUST-00085,David Martinez,Consumer,Canada,North America,Apparel,T-Shirt,1,27.44,0.0,3.61,PayPal,Completed
ORD-101200,2023-06-17,CUST-00255,Lucas Smith,Consumer,Brazil,South America,Electronics,Headphones,2,47.21,0.1,20.01,PayPal,Completed
ORD-102230,2024-03-19,CUST-00155,Linda Dubois,Consumer,France,Europe,Sports & Outdoors,Yoga Mat,2,140.54,0.0,12.28,Credit Card,Completed
ORD-106994,2024-03-16,CUST-00803,Emma Zhang,,United Kingdom,Europe,Electronics,Laptop Stand,2,115.7,0.1,15.37,PayPal,Completed
ORD-100294,2024-09-30,CUST-00620,Carlos Garcia,Consumer,Canada,North America,Apparel,Denim Jacket,2,57.89,0.0,17.52,Gift Card,Cancelled
ORD-102691,2024-10-12,CUST-00567,,Small Business,Brazil,South America,Sports & Outdoors,Resistance Bands,1,114.27,0.0,17.32,PayPal,Completed
ORD-104223,2024-07-26,CUST-00528,John Miller,Consumer,Canada,North America,Beauty,Sunscreen SPF50,1,30.7,0.0,7.36,Credit Card,Completed
ORD-102580,2024-02-27,CUST-00642,Hiro Davis,Consumer,United States,North America,Home & Kitchen,Coffee Maker,1,121.8,0.1,9.18,Bank Transfer,Completed
ORD-106662,2024-09-28,CUST-00580,David Jones,Consumer,Japan,Asia,Office,Pen Pack,3,15.2,0.0,21.6,PayPal,Completed
ORD-100693,2023-11-24,CUST-00257,John Williams,Small Business,Canada,North America,Apparel,Baseball Cap,4,20.88,0.0,18.71,Credit Card,Completed
ORD-100687,2024-10-14,CUST-00575,Ines Tanaka,Consumer,Germany,Europe,Office,Wireless Mouse,1,27.71,0.0,7.14,PayPal,Completed
ORD-100818,2024-06-04,CUST-00757,Robert Tanaka,Small Business,Spain,Europe,Beauty,Lip Balm,2,35.11,0.0,21.76,Credit Card,Completed
ORD-100217,2024-02-07,CUST-00006,Sofia Jones,,United States,North America,Apparel,Running Shoes,2,48.5,0.05,2.43,PayPal,Completed
ORD-103326,2023-12-06,CUST-00578,Raj Johnson,Small Business,Canada,North America,Home & Kitchen,Throw Pillow,1,26.58,0.0,19.28,Debit Card,Completed
ORD-104249,2024-10-14,CUST-00377,Hiro Muller,Enterprise,Mexico,South America,Apparel,T-Shirt,3,45.18,0.0,9.19,Gift Card,Completed
ORD-106333,2024-08-25,CUST-00030,,Consumer,Germany,Europe,Electronics,Laptop Stand,4,168.72,0.0,3.88,PayPal,Completed
ORD-103890,2024-06-12,CUST-00570,Olivia Rodriguez,Small Business,United Kingdom,Europe,Office,Desk Organizer,1,43.99,0.0,17.0,Credit Card,Completed
ORD-106511,2024-08-06,CUST-00112,Emma Rossi,Consumer,Spain,Europe,Office,Standing Desk Mat,1,57.76,0.15,9.72,Debit Card,Completed
ORD-106774,2024-02-02,CUST-00304,John Garcia,Small Business,Australia,Oceania,Sports & Outdoors,Camping Tent,3,132.64,0.1,11.58,Credit Card,Completed
ORD-100479,2024-03-05,CUST-00491,Carlos Dubois,Consumer,United States,North America,Electronics,Laptop Stand,-1,84.07,0.0,6.95,Credit Card,Completed
ORD-105379,2023-10-19,CUST-00645,Lucas Khan,Small Business,India,Asia,Electronics,Headphones,2,118.82,0.1,10.16,Debit Card,Cancelled
ORD-105701,2024-08-05,CUST-00740,Olivia Dubois,Enterprise,United Kingdom,Europe,Office,Pen Pack,3,53.92,0.0,6.53,PayPal,Completed
ORD-105796,2024-10-10,CUST-00055,Grace Jones,Consumer, france ,Europe,Home & Kitchen,Throw Pillow,1,62.5,0.0,7.72,PayPal,Completed
ORD-106292,2023-08-09,CUST-00026,Chen Garcia,Consumer,Italy,Europe,Electronics,Smartphone Case,2,88.21,0.0,4.91,PayPal,Completed
ORD-103199,2024-05-31,CUST-00110,Noah Kumar,Small Business,United Kingdom,Europe,Beauty,Hair Dryer,1,30.46,0.0,17.04,Debit Card,Completed
ORD-100813,2024-04-21,CUST-00298,James Nakamura,Consumer,United States,North America,Electronics,Bluetooth Speaker,1,117.62,0.15,3.33,PayPal,Completed
ORD-104347,2024-10-13,CUST-00747,Tom Davis,Consumer,United Kingdom,Europe,Apparel,Denim Jacket,5,39.76,0.0,15.33,Credit Card,Completed
ORD-100844,2024-02-10,CUST-00373,Tom Williams,Small Business,Canada,North America,Electronics,Laptop Stand,2,16.61,0.0,5.17,PayPal,Returned
ORD-103057,2023-12-10,CUST-00452,,Small Business,United States,North America,Office,Standing Desk Mat,1,46.48,0.0,14.26,Gift Card,Completed
ORD-102376,2024-08-17,CUST-00172,Robert Garcia,Consumer,United States,North America,Office,Wireless Mouse,1,59.54,0.1,14.16,PayPal,Completed
ORD-104070,2023-03-30,CUST-00836,Chen Johnson,Enterprise,Brazil,South America,Apparel,Wool Socks,2,38.0,0.0,15.89,Debit Card,Completed
ORD-102033,2024-10-31,CUST-00410,Fatima Martinez,Enterprise,United States,North America,Apparel,Baseball Cap,1,15.31,0.0,11.33,Debit Card,Completed
ORD-100968,2024-04-08,CUST-00665,Chen Miller,Consumer,Germany,Europe,Electronics,Headphones,1,62.01,0.0,8.2,PayPal,Completed
ORD-106394,2024-09-12,CUST-00071,Ines Muller,,United States,North America,Apparel,Baseball Cap,1,44.09,0.0,23.42,Debit Card,Completed
ORD-106208,2023-10-17,CUST-00626,Olivia Khan,Consumer,United Kingdom,Europe,Beauty,Face Serum,1,15.92,0.0,10.7,PayPal,Completed
ORD-100973,2024-06-23,CUST-00833,Grace Zhang,Consumer,Japan,Asia,Apparel,Wool Socks,4,88.98,0.1,19.83,PayPal,Completed
ORD-101897,2023-12-20,CUST-00572,Liam Rossi,Consumer,Japan,Asia,Sports & Outdoors,Water Bottle,1,79.65,0.05,16.62,Debit Card,Completed
ORD-104343,2023-11-28,CUST-00108,Chen Martinez,Consumer,France,Europe,Apparel,Baseball Cap,1,36.59,0.0,4.23,PayPal,Completed
ORD-102705,2024-08-24,CUST-00260,Sofia Brown,Small Business,Australia,Oceania,Apparel,Running Shoes,1,66.43,0.0,7.84,Debit Card,Returned
ORD-106984,2024-03-08,CUST-00691,Carlos Rossi,Consumer,Canada,North America,Electronics,Laptop Stand,4,202.09,0.0,21.81,Bank Transfer,Completed
ORD-105875,2024-10-14,CUST-00643,Patricia Davis,Small Business,United States,North America,Apparel,Denim Jacket,2,77.45,0.05,4.19,Bank Transfer,Completed
ORD-103375,2023-10-14,CUST-00771,Lucas Nakamura,Consumer,United Kingdom,Europe,Sports & Outdoors,Hiking Backpack,1,125.58,0.1,18.32,Debit Card,Returned
ORD-105819,2023-11-26,CUST-00429,Priya Dubois,Enterprise,United Kingdom,Europe,Home & Kitchen,Coffee Maker,1,118.98,0.0,22.59,Credit Card,Completed
ORD-105019,2023-08-18,CUST-00761,Liam Rodriguez,Consumer,United Kingdom,Europe,Apparel,T-Shirt,1,51.29,0.05,17.26,Debit Card,Completed
ORD-105873,2024-06-24,CUST-00006,Sofia Jones,Consumer, united states ,North America,Beauty,Face Serum,1,41.22,0.05,21.32,PayPal,Completed
ORD-106174,2023-11-28,CUST-00152,Ahmed Brown,Consumer,United States,North America,Beauty,Sunscreen SPF50,1,40.24,0.0,22.92,Credit Card,Completed
ORD-105602,2023-10-08,CUST-00565,Hiro Jones,Small Business,Italy,Europe,Apparel,T-Shirt,1,9.73,0.0,4.45,PayPal,Completed
ORD-102952,2024-11-13,CUST-00160,,Small Business,United Kingdom,Europe,Apparel,Running Shoes,1,79.14,0.1,22.46,PayPal,Completed
ORD-101346,2024-12-08,CUST-00037,Robert Johnson,Enterprise,Germany,Europe,Home & Kitchen,Coffee Maker,1,58.96,0.0,12.88,Debit Card,Completed
ORD-106315,2023-08-20,CUST-00231,Grace Garcia,Enterprise,Canada,North America,Electronics,Headphones,2,59.62,0.1,21.91,PayPal,Completed
ORD-100976,2024-07-13,CUST-00161,John Rodriguez,Consumer,France,Europe,Electronics,Smartphone Case,-4,185.15,0.0,24.0,Credit Card,Completed
ORD-105989,2023-10-26,CUST-00823,Raj Costa,Consumer,SPAIN,Europe,Beauty,Hair Dryer,1,55.01,0.05,8.31,PayPal,Completed
ORD-100510,2023-09-01,CUST-00367,David Rossi,,United States,North America,Apparel,Wool Socks,2,33.37,0.0,7.35,Debit Card,Completed
ORD-100123,2024-09-15,CUST-00232,Noah Miller,Enterprise,France,Europe,Home & Kitchen,Cutting Board,1,39.43,0.0,9.31,Credit Card,Completed
ORD-106320,2024-01-04,CUST-00430,Hiro Miller,Consumer,France,Europe,Electronics,Smartphone Case,3,101.63,0.1,9.61,Credit Card,Completed
ORD-105631,2023-05-08,CUST-00108,Chen Martinez,Consumer,France,Europe,Apparel,Wool Socks,1,65.15,0.0,5.51,Credit Card,Completed
ORD-106374,2024-08-08,CUST-00208,Tom Martinez,Enterprise,Germany,Europe,Sports & Outdoors,Resistance Bands,2,142.19,0.0,3.14,Bank Transfer,Completed
ORD-101711,2023-08-31,CUST-00791,Linda Martinez,Consumer,United Kingdom,Europe,Electronics,Bluetooth Speaker,2,58.55,0.1,9.85,PayPal,Completed
ORD-102101,2023-07-31,CUST-00592,Ahmed Rossi,Small Business,France,Europe,Apparel,T-Shirt,3,48.8,0.1,18.65,Bank Transfer,Completed
ORD-100870,2023-08-13,CUST-00684,Hiro Miller,Enterprise,United States,North America,Home & Kitchen,Coffee Maker,2,111.63,0.0,,PayPal,Completed
ORD-106385,2024-08-19,CUST-00185,Elizabeth Brown,Enterprise,United States,North America,Apparel,Denim Jacket,1,68.38,0.0,15.31,Credit Card,Completed
ORD-101031,2024-01-19,CUST-00056,Noah Davis,Small Business,Japan,Asia,Sports & Outdoors,Resistance Bands,2,121.32,0.0,12.81,Credit Card,Completed
ORD-103464,2024-09-24,CUST-00180,Liam Brown,Consumer,Singapore,Asia,Home & Kitchen,Throw Pillow,1,80.76,0.15,4.14,PayPal,Completed
ORD-104853,2023-08-18,CUST-00249,Patricia Kumar,Consumer,United Kingdom,Europe,Home & Kitchen,Throw Pillow,1,18.14,0.0,9.33,Credit Card,Returned
ORD-101999,2024-01-18,CUST-00180,Liam Brown,Consumer,SINGAPORE,Asia,Apparel,Running Shoes,1,44.45,0.0,13.87,Credit Card,Completed
ORD-103591,2024-10-02,CUST-00552,David Williams,Enterprise,United Kingdom,Europe,Electronics,Headphones,1,65.73,0.0,20.64,Debit Card,Completed
ORD-101157,2024-01-04,CUST-00189,Noah Silva,Small Business,India,Asia,Home & Kitchen,Throw Pillow,4,66.92,0.1,,PayPal,Completed
ORD-103157,2024-01-06,CUST-00026,Chen Garcia,Consumer,Italy,Europe,Beauty,Shampoo,1,34.57,0.0,4.63,Credit Card,Completed
ORD-106826,2024-09-10,CUST-00631,Mary Jones,Small Business,France,Europe,Beauty,Shampoo,2,17.83,0.0,13.44,Bank Transfer,Completed
ORD-104429,2023-12-30,CUST-00049,Noah Martinez,Consumer,United Kingdom,Europe,Sports & Outdoors,Water Bottle,4,168.99,0.0,22.0,Credit Card,Returned
ORD-105689,2024-08-15,CUST-00060,Grace Nakamura,Enterprise,India,Asia,Apparel,Denim Jacket,2,56.76,0.0,13.67,Credit Card,Cancelled
ORD-101576,2024-10-09,CUST-00466,Tom Brown,Consumer,Brazil,South America,Electronics,Bluetooth Speaker,2,194.65,0.0,14.23,PayPal,Completed
ORD-106615,2023-05-04,CUST-00747,Tom Davis,,United Kingdom,Europe,Electronics,Headphones,1,127.2,0.0,22.52,Credit Card,Completed
ORD-100062,2024-10-30,CUST-00135,Ana Khan,Consumer,Mexico,South America,Electronics,Headphones,2,211.67,0.0,17.55,Credit Card,Completed
ORD-100473,2023-09-25,CUST-00098,Patricia Johnson,Enterprise,United States,North America,Home & Kitchen,Blender,1,102.96,0.0,22.35,Debit Card,Completed
ORD-104998,2024-01-03,CUST-00721,Mia Rodriguez,Consumer, united kingdom ,Europe,Sports & Outdoors,Hiking Backpack,1,65.71,0.0,18.27,Bank Transfer,Completed
ORD-103455,2024-02-15,CUST-00312,Patricia Khan,Small Business,United States,North America,Electronics,Headphones,1,73.12,0.0,20.36,Credit Card,Completed
ORD-100866,2024-06-07,CUST-00554,Linda Smith,Consumer,Spain,Europe,Office,Pen Pack,2,24.47,0.05,24.44,Credit Card,Returned
ORD-103584,2023-09-16,CUST-00646,Mary Williams,Consumer,Spain,Europe,Apparel,Wool Socks,1,78.53,0.05,22.25,Debit Card,Returned
ORD-106706,2024-04-22,CUST-00613,Olivia Smith,Consumer,India,Asia,Beauty,Sunscreen SPF50,1,23.55,0.0,14.17,Credit Card,Completed
ORD-105426,2023-09-03,CUST-00704,Emma Brown,Consumer,France,Europe,Sports & Outdoors,Water Bottle,1,102.08,0.0,13.82,Credit Card,Completed
ORD-103615,2024-03-20,CUST-00535,David Muller,Small Business,Canada,North America,Electronics,Smartphone Case,2,97.47,0.0,16.56,Credit Card,Completed
ORD-105439,2023-07-31,CUST-00223,Ahmed Costa,Enterprise,United Kingdom,Europe,Electronics,Bluetooth Speaker,2,195.27,0.0,6.93,PayPal,Completed
ORD-104838,2024-03-23,CUST-00376,Emma Zhang,Consumer,India,Asia,Beauty,Shampoo,1,50.34,0.05,23.6,Credit Card,Completed
ORD-106821,2024-03-21,CUST-00551,Mia Garcia,Consumer,Canada,North America,Electronics,Laptop Stand,1,213.79,0.0,21.64,Credit Card,Completed
ORD-103389,2024-08-17,CUST-00216,Linda Rossi,Consumer,FRANCE,Europe,Electronics,Headphones,1,181.73,0.05,10.17,PayPal,Completed
ORD-106557,2024-04-03,CUST-00443,Grace Davis,Consumer,Canada,North America,Electronics,Headphones,2,68.06,0.0,9.52,Debit Card,Completed
ORD-102181,2024-06-10,CUST-00257,John Williams,Small Business,Canada,North America,Office,Pen Pack,1,5.84,0.0,20.5,Credit Card,Completed
ORD-104744,2024-02-27,CUST-00824,David Miller,Consumer,Australia,Oceania,Electronics,Bluetooth Speaker,1,142.06,0.0,14.41,PayPal,Completed
ORD-103282,2024-02-24,CUST-00397,Chen Williams,Small Business,Germany,Europe,Sports & Outdoors,Hiking Backpack,3,34.97,0.05,11.0,Credit Card,Completed
ORD-105841,2023-07-14,CUST-00769,Raj Rodriguez,Consumer,France,Europe,Home & Kitchen,Cutting Board,1,72.6,0.0,11.6,PayPal,Completed
ORD-101629,2023-09-21,CUST-00188,David Jones,Small Business,Spain,Europe,Electronics,Laptop Stand,3,192.16,0.0,22.1,Debit Card,Completed
ORD-105489,2023-10-13,CUST-00769,Raj Rodriguez,,France,Europe,Sports & Outdoors,Yoga Mat,2,93.74,0.05,7.64,Bank Transfer,Completed
ORD-102439,2024-02-21,CUST-00400,Liam Muller,Consumer,India,Asia,Beauty,Lip Balm,1,46.0,0.0,11.65,Credit Card,Completed
ORD-101150,2023-12-21,CUST-00409,Hiro Brown,Enterprise,Germany,Europe,Electronics,USB-C Cable,1,143.09,0.0,15.45,Debit Card,Completed
ORD-101161,2024-03-14,CUST-00635,James Costa,Consumer,Spain,Europe,Home & Kitchen,Blender,2,36.65,0.0,22.41,Credit Card,Completed
ORD-106507,2024-04-04,CUST-00636,Michael Rodriguez,Consumer,United States,North America,Electronics,Headphones,5,34.13,0.0,16.63,Credit Card,Completed
ORD-100257,2024-10-28,CUST-00734,Robert Muller,Consumer,Brazil,South America,Apparel,T-Shirt,1,59.68,0.0,13.62,Gift Card,Completed
ORD-102599,2024-03-28,CUST-00026,Chen Garcia,Consumer,Italy,Europe,Office,Wireless Mouse,1,22.22,0.05,21.02,Credit Card,Completed
ORD-104730,2023-12-27,CUST-00390,Noah Kumar,Small Business,United States,North America,Sports & Outdoors,Yoga Mat,1,60.3,0.05,2.1,Bank Transfer,Completed
ORD-106341,2024-04-22,CUST-00801,Lucas Zhang,Small Business,India,Asia,Electronics,USB-C Cable,1,111.86,0.0,19.69,Credit Card,Completed
ORD-104874,2024-05-28,CUST-00367,David Rossi,Consumer,United States,North America,Sports & Outdoors,Camping Tent,1,117.15,0.1,2.38,Debit Card,Completed
ORD-101106,2024-03-30,CUST-00102,Elizabeth Kumar,Small Business,Germany,Europe,Home & Kitchen,Throw Pillow,1,42.4,0.05,3.85,Credit Card,Returned
ORD-106677,2024-09-30,CUST-00079,Jennifer Dubois,Small Business,Germany,Europe,Electronics,Smartphone Case,1,157.22,0.2,15.09,Debit Card,Completed
ORD-103408,2024-04-11,CUST-00001,Robert Khan,Consumer,Australia,Oceania,Beauty,Lip Balm,1,17.86,0.0,20.51,Gift Card,Returned
ORD-100558,2024-01-02,CUST-00046,David Smith,Enterprise,Germany,Europe,Sports & Outdoors,Camping Tent,1,16.23,0.15,24.46,PayPal,Returned
ORD-101851,2024-05-05,CUST-00519,Ines Jones,,Brazil,South America,Home & Kitchen,Storage Bin,1,98.13,0.05,2.07,Debit Card,Completed
ORD-102089,2024-05-10,CUST-00813,Mary Zhang,Small Business,Germany,Europe,Sports & Outdoors,Hiking Backpack,1,93.83,0.15,11.62,Credit Card,Completed
ORD-102900,2024-08-25,CUST-00095,,Consumer,France,Europe,Office,Notebook Set,1,13.77,0.0,11.9,PayPal,Completed
ORD-103221,2023-08-06,CUST-00015,Lucas Tanaka,Consumer,Singapore,Asia,Apparel,Denim Jacket,1,66.43,0.0,23.26,Credit Card,Completed
ORD-100262,2024-04-20,CUST-00607,Noah Martinez,Small Business,Brazil,South America,Home & Kitchen,Storage Bin,2,35.18,0.05,15.16,Gift Card,Completed
ORD-105945,2024-04-21,CUST-00396,Mary Costa,Consumer,Mexico,South America,Beauty,Shampoo,2,41.33,0.15,7.87,Credit Card,Completed
ORD-106343,2024-11-23,CUST-00031,Tom Brown,Small Business,Germany,Europe,Electronics,Smartphone Case,2,119.33,0.0,24.4,Bank Transfer,Completed
ORD-100628,2024-10-04,CUST-00535,David Muller,Small Business,CANADA,North America,Apparel,Baseball Cap,1,59.23,0.0,6.66,Credit Card,Cancelled
ORD-101890,2024-05-26,CUST-00169,Ana Kumar,Small Business,United Kingdom,Europe,Electronics,Headphones,1,57.58,0.0,22.51,Debit Card,Completed
ORD-103043,2024-09-07,CUST-00111,Jennifer Tanaka,Consumer,India,Asia,Apparel,Denim Jacket,2,8.17,0.05,4.29,Debit Card,Completed
ORD-104306,2024-10-12,CUST-00685,Robert Martinez,Small Business,United Kingdom,Europe,Office,Notebook Set,3,52.92,0.0,13.77,Gift Card,Returned
ORD-102079,2024-03-03,CUST-00475,Sofia Martinez,Consumer,United Kingdom,Europe,Apparel,Baseball Cap,1,17.8,0.2,6.11,Credit Card,Completed
ORD-103586,2023-12-25,CUST-00303,Yuki Martinez,Consumer,Canada,North America,Beauty,Face Serum,1,6.68,0.0,19.52,PayPal,Completed
ORD-105454,2024-04-27,CUST-00372,Raj Dubois,,UNITED STATES,North America,Apparel,Wool Socks,3,23.24,0.0,20.75,Credit Card,Completed
ORD-104305,2023-10-13,CUST-00636,Michael Rodriguez,Consumer,United States,North America,Sports & Outdoors,Resistance Bands,2,13.56,0.1,2.82,Debit Card,Completed
ORD-105245,2023-10-29,CUST-00615,Grace Brown,Enterprise,United States,North America,Electronics,USB-C Cable,1,142.31,0.05,15.83,PayPal,Returned
ORD-101607,2023-10-22,CUST-00683,Wei Rodriguez,Consumer,United States,North America,Sports & Outdoors,Camping Tent,1,90.0,0.0,3.33,Credit Card,Cancelled
ORD-101021,2024-02-18,CUST-00425,Fatima Davis,Consumer,United States,North America,Office,Pen Pack,2,11.8,0.15,20.92,Debit Card,Completed
ORD-100609,2024-03-08,CUST-00236,Mary Zhang,Small Business,Japan,Asia,Home & Kitchen,Throw Pillow,1,78.2,0.05,24.13,PayPal,Completed
ORD-101404,2024-05-19,CUST-00427,Hiro Rossi,Consumer,United Kingdom,Europe,Electronics,Headphones,2,109.14,0.05,15.81,Bank Transfer,Completed
ORD-105834,2024-08-09,CUST-00394,Lucas Jones,Small Business,UNITED STATES,North America,Office,Standing Desk Mat,1,56.67,0.15,20.21,Credit Card,Completed
ORD-103255,2024-09-25,CUST-00144,Yuki Costa,Enterprise,Japan,Asia,Apparel,Running Shoes,2,24.74,0.0,16.71,Debit Card,Completed
ORD-102097,2024-05-28,CUST-00129,John Davis,Enterprise,India,Asia,Beauty,Hair Dryer,-1,48.32,0.15,24.72,PayPal,Completed
ORD-100210,2024-09-05,CUST-00684,Hiro Miller,,United States,North America,Home & Kitchen,Throw Pillow,1,90.62,0.1,7.43,Credit Card,Completed
ORD-103799,2024-02-16,CUST-00709,Ines Davis,Consumer,United Kingdom,Europe,Beauty,Shampoo,1,35.57,0.0,22.37,Bank Transfer,Completed
ORD-103540,2023-10-04,CUST-00334,David Garcia,Consumer,Germany,Europe,Office,Desk Organizer,2,56.49,0.05,15.83,Gift Card,Completed
ORD-100154,2023-09-08,CUST-00636,Michael Rodriguez,Consumer, united states ,North America,Office,Pen Pack,1,39.07,0.0,2.83,PayPal,Completed
ORD-101591,2024-09-27,CUST-00193,Ahmed Dubois,Consumer,Australia,Oceania,Electronics,USB-C Cable,2,37.09,0.0,11.02,PayPal,Completed
ORD-102443,2024-09-26,CUST-00002,Robert Muller,Consumer,Mexico,South America,Apparel,Running Shoes,1,40.15,0.15,16.1,Credit Card,Completed
ORD-101148,2024-02-10,CUST-00836,Chen Johnson,Enterprise,Brazil,South America,Home & Kitchen,Storage Bin,1,121.98,0.0,9.21,Credit Card,Completed
ORD-103428,2023-05-28,CUST-00802,Liam Rossi,Small Business,Canada,North America,Electronics,Bluetooth Speaker,2,193.21,0.0,2.42,Credit Card,Completed
ORD-101968,2023-02-28,CUST-00230,Raj Nakamura,Small Business,France,Europe,Electronics,Headphones,1,168.93,0.0,23.46,Debit Card,Completed
ORD-103207,2023-08-27,CUST-00397,Chen Williams,Small Business,Germany,Europe,Apparel,Baseball Cap,2,16.63,0.0,15.66,Credit Card,Completed
ORD-102434,2024-08-27,CUST-00822,Priya Zhang,Consumer,India,Asia,Office,Pen Pack,2,65.32,0.0,6.01,Debit Card,Completed
ORD-101634,2024-02-07,CUST-00146,Sofia Jones,Consumer,Germany,Europe,Sports & Outdoors,Yoga Mat,2,117.83,0.2,6.66,Debit Card,Completed
ORD-103293,2024-11-07,CUST-00484,Hiro Jones,Small Business,Spain,Europe,Home & Kitchen,Coffee Maker,2,64.46,0.0,13.33,Bank Transfer,Completed
ORD-100598,2024-09-10,CUST-00801,Lucas Zhang,Small Business,India,Asia,Electronics,Bluetooth Speaker,1,52.92,0.0,17.94,Credit Card,Completed
ORD-103138,2024-02-23,CUST-00076,Tom Dubois,Consumer,France,Europe,Office,Pen Pack,2,16.8,0.15,16.41,Bank Transfer,Completed
ORD-101657,2024-10-12,CUST-00479,Chen Jones,Enterprise,United States,North America,Beauty,Shampoo,2,36.8,0.0,20.6,Credit Card,Returned
ORD-104777,2024-08-04,CUST-00401,James Zhang,Consumer,Singapore,Asia,Home & Kitchen,Storage Bin,-2,18.05,0.0,9.39,Credit Card,Completed
ORD-106063,2024-05-16,CUST-00805,Liam Rodriguez,Consumer,Germany,Europe,Office,Wireless Mouse,1,7.64,0.0,2.51,Debit Card,Completed
ORD-103298,2023-09-27,CUST-00095,Raj Jones,Consumer,France,Europe,Electronics,USB-C Cable,1,171.44,0.0,5.67,Credit Card,Completed
ORD-101566,2024-11-21,CUST-00071,Ines Muller,Consumer,UNITED STATES,North America,Sports & Outdoors,Camping Tent,1,34.95,0.0,10.33,PayPal,Completed
ORD-105425,2024-03-14,CUST-00547,Robert Jones,Small Business,India,Asia,Electronics,Smartphone Case,1,181.22,0.0,17.16,Credit Card,Completed
ORD-101519,2023-01-27,CUST-00438,Patricia Dubois,Consumer,United States,North America,Beauty,Shampoo,2,41.45,0.0,16.7,PayPal,Completed
ORD-105949,2024-03-02,CUST-00770,Noah Rodriguez,Consumer,Australia,Oceania,Apparel,Wool Socks,1,53.03,0.05,12.75,PayPal,Completed
ORD-104318,2024-10-15,CUST-00350,John Khan,Small Business,CANADA,North America,Electronics,Smartphone Case,1,59.83,0.0,20.35,PayPal,Completed
ORD-100226,2024-09-01,CUST-00716,Robert Dubois,Consumer,Mexico,South America,Electronics,Headphones,1,115.29,0.0,20.18,Gift Card,Cancelled
ORD-105304,2023-07-04,CUST-00816,Chen Zhang,Consumer,United Kingdom,Europe,Office,Notebook Set,1,43.1,0.0,8.6,Credit Card,Completed
ORD-106283,2024-07-15,CUST-00166,Wei Kumar,Consumer,Spain,Europe,Apparel,T-Shirt,3,31.46,0.0,14.06,Credit Card,Completed
ORD-102518,2024-07-28,CUST-00491,Carlos Dubois,Consumer,United States,North America,Electronics,Laptop Stand,2,93.88,0.15,13.8,Credit Card,Cancelled
ORD-105937,2023-05-07,CUST-00479,Chen Jones,Enterprise,United States,North America,Electronics,Smartphone Case,2,67.3,0.0,23.6,Credit Card,Completed
ORD-102394,2023-10-21,CUST-00037,Robert Johnson,Enterprise,Germany,Europe,Electronics,Laptop Stand,2,62.36,0.0,13.96,Credit Card,Returned
ORD-101761,2023-11-21,CUST-00063,Ahmed Davis,Consumer,India,Asia,Electronics,Headphones,1,203.53,0.1,12.99,PayPal,Returned
ORD-101361,2024-08-17,CUST-00037,Robert Johnson,Enterprise,Germany,Europe,Sports & Outdoors,Resistance Bands,1,153.46,0.0,13.11,Credit Card,Completed
ORD-103305,2024-07-29,CUST-00386,David Johnson,Consumer,United States,North America,Electronics,Smartphone Case,1,199.74,0.0,13.06,Credit Card,Completed
ORD-102325,2024-09-20,CUST-00778,John Davis,Small Business,United States,North America,Beauty,Lip Balm,1,37.23,0.0,24.8,Bank Transfer,Completed
ORD-100120,2024-03-27,CUST-00209,Elizabeth Nakamura,Consumer,Japan,Asia,Sports & Outdoors,Water Bottle,1,123.64,0.1,17.47,PayPal,Completed
ORD-106118,2023-03-01,CUST-00243,Mary Jones,Consumer,Germany,Europe,Sports & Outdoors,Hiking Backpack,1,15.1,0.0,13.32,Gift Card,Completed
ORD-105589,2024-03-21,CUST-00191,Raj Miller,Small Business,Germany,Europe,Home & Kitchen,Coffee Maker,1,37.15,0.05,13.35,Debit Card,Completed
ORD-103559,2024-02-25,CUST-00618,Linda Dubois,Consumer,India,Asia,Apparel,T-Shirt,1,60.01,0.0,8.53,PayPal,Completed
ORD-106047,2024-07-08,CUST-00605,Fatima Tanaka,Consumer,SINGAPORE,Asia,Office,Wireless Mouse,2,30.28,0.05,21.15,Bank Transfer,Completed
ORD-101834,2024-01-21,CUST-00033,Lucas Davis,Consumer,United States,North America,Apparel,Running Shoes,1,42.68,0.0,17.85,Credit Card,Completed
ORD-103662,2024-08-21,CUST-00266,Ana Miller,Consumer,United States,North America,Office,Wireless Mouse,2,16.93,0.0,5.36,Credit Card,Completed
ORD-102010,2024-01-17,CUST-00570,Olivia Rodriguez,Small Business,United Kingdom,Europe,Office,Wireless Mouse,2,22.99,0.0,4.42,Credit Card,Completed
ORD-103658,2023-11-26,CUST-00013,Sofia Williams,Consumer,Canada,North America,Electronics,Laptop Stand,1,168.65,0.0,11.77,PayPal,Completed
ORD-104302,2023-07-30,CUST-00618,Linda Dubois,Consumer,India,Asia,Apparel,Denim Jacket,1,36.81,0.15,18.46,Debit Card,Completed
ORD-105124,2023-09-04,CUST-00600,Linda Garcia,Consumer,Spain,Europe,Beauty,Sunscreen SPF50,4,33.28,0.0,16.01,PayPal,Completed
ORD-104188,2024-07-26,CUST-00602,Elizabeth Muller,Small Business,India,Asia,Office,Desk Organizer,4,53.97,0.05,9.59,Debit Card,Completed
ORD-106093,2024-08-31,CUST-00153,Priya Nakamura,Consumer,Japan,Asia,Sports & Outdoors,Camping Tent,2,65.52,0.1,20.94,Credit Card,Completed
ORD-105143,2024-10-18,CUST-00765,,Consumer,United Kingdom,Europe,Office,Desk Organizer,2,36.57,0.0,4.61,PayPal,Completed
ORD-103858,2024-01-27,CUST-00420,Patricia Costa,,Mexico,South America,Beauty,Face Serum,1,11.43,0.1,8.3,Credit Card,Completed
ORD-100694,2024-01-21,CUST-00071,Ines Muller,Consumer,United States,North America,Sports & Outdoors,Resistance Bands,2,160.51,0.0,19.12,PayPal,Completed
ORD-106288,2024-03-09,CUST-00003,Ana Khan,Small Business,United States,North America,Office,Desk Organizer,1,56.85,0.15,21.4,Bank Transfer,Completed
ORD-106415,2024-05-11,CUST-00733,James Johnson,Consumer,Canada,North America,Sports & Outdoors,Yoga Mat,1,105.59,0.05,4.98,PayPal,Completed
ORD-106239,2024-10-22,CUST-00401,,,Singapore,Asia,Home & Kitchen,Coffee Maker,-4,118.09,0.0,12.48,Credit Card,Completed
ORD-102613,2024-04-09,CUST-00366,Wei Rodriguez,Consumer,Japan,Asia,Apparel,Baseball Cap,1,37.55,0.0,10.28,Credit Card,Completed
ORD-101187,2024-02-05,CUST-00703,Ahmed Tanaka,Enterprise,United Kingdom,Europe,Beauty,Lip Balm,1,35.13,0.05,12.51,PayPal,Completed
ORD-101370,2024-09-19,CUST-00493,Tom Rodriguez,Enterprise,Germany,Europe,Apparel,Baseball Cap,2,42.28,0.15,13.26,Credit Card,Completed
ORD-101908,2023-08-26,CUST-00224,Hiro Rodriguez,Consumer,France,Europe,Home & Kitchen,Cutting Board,3,125.91,0.2,8.97,PayPal,Completed
ORD-104089,2023-10-06,CUST-00718,John Smith,Small Business,Japan,Asia,Apparel,Baseball Cap,1,10.3,0.0,19.9,PayPal,Completed
ORD-102478,2024-08-14,CUST-00445,Michael Kumar,Enterprise,Mexico,South America,Apparel,Denim Jacket,-1,72.5,0.15,6.27,Debit Card,Completed
ORD-100017,2023-10-02,CUST-00422,Liam Dubois,Consumer,Japan,Asia,Sports & Outdoors,Hiking Backpack,1,15.47,0.1,17.84,PayPal,Completed
ORD-102515,2023-04-12,CUST-00639,Yuki Brown,Consumer,Italy,Europe,Home & Kitchen,Blender,1,69.21,0.0,2.78,Credit Card,Completed
ORD-106526,2024-09-21,CUST-00730,Elizabeth Zhang,Consumer,Brazil,South America,Electronics,Smartphone Case,2,138.22,0.0,23.14,Debit Card,Completed
ORD-102206,2024-07-25,CUST-00640,John Tanaka,Consumer,Brazil,South America,Sports & Outdoors,Yoga Mat,1,107.84,0.0,14.14,Debit Card,Completed
ORD-103596,2024-05-01,CUST-00277,Chen Rossi,Consumer,Spain,Europe,Sports & Outdoors,Resistance Bands,1,82.98,0.0,7.38,PayPal,Completed
ORD-101487,2024-09-17,CUST-00562,Lucas Garcia,Consumer,Canada,North America,Sports & Outdoors,Resistance Bands,1,126.48,0.0,16.62,PayPal,Completed
ORD-101677,2024-07-02,CUST-00173,Carlos Miller,Small Business,United States,North America,Electronics,USB-C Cable,4,44.61,0.1,19.22,Bank Transfer,Completed
ORD-105281,2024-05-06,CUST-00347,Sofia Rodriguez,Consumer,United States,North America,Apparel,T-Shirt,1,36.95,0.15,11.33,PayPal,Completed
ORD-102354,2023-12-12,CUST-00833,Grace Zhang,Consumer,Japan,Asia,Electronics,Headphones,1,82.68,0.05,12.66,Credit Card,Completed
ORD-100657,2023-07-09,CUST-00429,Priya Dubois,Enterprise,United Kingdom,Europe,Office,Notebook Set,2,62.91,0.0,23.14,PayPal,Completed
ORD-101572,2023-09-25,CUST-00669,Jennifer Williams,Enterprise,Germany,Europe,Sports & Outdoors,Resistance Bands,1,109.11,0.1,11.81,Credit Card,Completed
ORD-101738,2024-06-20,CUST-00012,Ines Davis,Consumer,United States,North America,Electronics,USB-C Cable,1,89.26,0.0,,Bank Transfer,Completed
ORD-105516,2024-02-11,CUST-00255,Lucas Smith,Consumer,Brazil,South America,Home & Kitchen,Blender,1,111.35,0.1,18.85,Credit Card,Completed
ORD-103856,2023-06-04,CUST-00527,Hiro Nakamura,Small Business,AUSTRALIA,Oceania,Electronics,Laptop Stand,1,68.48,0.0,4.64,Credit Card,Completed
ORD-104496,2023-06-08,CUST-00712,Wei Dubois,Consumer,France,Europe,Sports & Outdoors,Yoga Mat,1,79.6,0.0,16.12,Debit Card,Returned
ORD-102847,2023-08-20,CUST-00025,Grace Rossi,,United States,North America,Apparel,Denim Jacket,1,42.26,0.0,,Credit Card,Completed
ORD-102981,2024-03-30,CUST-00795,Sofia Brown,Consumer,United States,North America,Apparel,Wool Socks,1,61.21,0.0,13.09,PayPal,Returned
ORD-100619,2024-07-28,CUST-00772,James Brown,Consumer,United Kingdom,Europe,Electronics,USB-C Cable,1,207.23,0.0,11.13,Debit Card,Completed
ORD-104605,2023-06-04,CUST-00310,Patricia Rossi,Consumer,India,Asia,Sports & Outdoors,Hiking Backpack,2,88.9,0.05,11.76,Credit Card,Completed
ORD-102848,2023-03-19,CUST-00725,Priya Kumar,Consumer,United Kingdom,Europe,Electronics,Smartphone Case,2,155.94,0.0,21.92,Debit Card,Completed
ORD-106745,2023-09-11,CUST-00659,Grace Brown,Consumer,Germany,Europe,Sports & Outdoors,Camping Tent,1,174.51,0.0,11.44,PayPal,Completed
ORD-100868,2024-04-07,CUST-00733,James Johnson,,Canada,North America,Beauty,Sunscreen SPF50,2,31.69,0.0,18.32,Debit Card,Completed
ORD-102508,2023-11-24,CUST-00591,Ana Zhang,Small Business,Spain,Europe,Home & Kitchen,Storage Bin,1,59.87,0.0,6.79,Credit Card,Completed
ORD-104983,2024-01-08,CUST-00127,Ana Davis,Small Business,FRANCE,Europe,Electronics,USB-C Cable,1,119.38,0.15,19.66,Bank Transfer,Completed
ORD-102111,2024-01-11,CUST-00154,Linda Silva,Consumer,United States,North America,Electronics,Laptop Stand,-1,31.7,0.0,23.76,PayPal,Completed
ORD-104696,2023-11-02,CUST-00676,Elizabeth Davis,Small Business,United Kingdom,Europe,Office,Standing Desk Mat,1,48.97,0.15,19.55,Debit Card,Completed
ORD-106723,2024-04-27,CUST-00476,Jennifer Davis,,United States,North America,Office,Notebook Set,1,48.03,0.0,4.68,Debit Card,Completed
ORD-100458,2023-12-06,CUST-00702,Ines Dubois,Small Business,India,Asia,Beauty,Hair Dryer,1,49.34,0.0,21.43,Credit Card,Completed
ORD-105915,2023-04-28,CUST-00581,Hiro Jones,Consumer,United States,North America,Sports & Outdoors,Yoga Mat,1,173.17,0.05,21.28,Debit Card,Completed
ORD-105214,2024-10-24,CUST-00594,Jennifer Martinez,Consumer,Japan,Asia,Office,Desk Organizer,2,5.54,0.0,22.05,PayPal,Cancelled
ORD-104967,2024-05-02,CUST-00567,Sofia Nakamura,Small Business,Brazil,South America,Beauty,Sunscreen SPF50,2,32.84,0.0,20.71,PayPal,Cancelled
ORD-100791,2024-08-09,CUST-00541,Michael Jones,Consumer,Japan,Asia,Home & Kitchen,Cutting Board,1,126.86,0.05,24.21,Bank Transfer,Returned
ORD-106022,2024-09-16,CUST-00274,Jennifer Garcia,Consumer,Spain,Europe,Home & Kitchen,Cutting Board,1,123.09,0.0,6.48,Gift Card,Completed
ORD-103608,2024-07-23,CUST-00388,Wei Muller,,United States,North America,Beauty,Sunscreen SPF50,2,36.64,0.05,22.02,Debit Card,Completed
ORD-103823,2024-04-03,CUST-00703,Ahmed Tanaka,Enterprise,UNITED KINGDOM,Europe,Electronics,Headphones,1,197.79,0.0,14.51,PayPal,Completed
ORD-102261,2023-08-06,CUST-00371,Tom Brown,Consumer,Spain,Europe,Apparel,Denim Jacket,1,59.81,0.0,9.15,Credit Card,Completed
ORD-106478,2024-02-29,CUST-00147,Noah Tanaka,Small Business,Australia,Oceania,Apparel,T-Shirt,1,41.82,0.05,17.41,PayPal,Completed
ORD-102809,2024-11-16,CUST-00047,Liam Khan,Consumer,Germany,Europe,Office,Pen Pack,1,8.89,0.0,3.63,Gift Card,Returned
ORD-105051,2024-05-25,CUST-00516,,Consumer,India,Asia,Home & Kitchen,Storage Bin,4,112.95,0.0,3.14,Credit Card,Completed
ORD-103519,2024-04-08,CUST-00156,Noah Muller,Small Business,Brazil,South America,Home & Kitchen,Storage Bin,3,39.6,0.0,23.18,Credit Card,Cancelled
ORD-104747,2024-09-15,CUST-00350,John Khan,Small Business,Canada,North America,Beauty,Hair Dryer,1,15.29,0.05,4.33,Bank Transfer,Returned
ORD-100734,2024-02-13,CUST-00231,Grace Garcia,Enterprise,Canada,North America,Electronics,Bluetooth Speaker,1,85.84,0.0,24.36,PayPal,Returned
ORD-106899,2024-06-29,CUST-00460,Grace Rossi,Small Business,Germany,Europe,Apparel,Denim Jacket,2,57.63,0.1,,PayPal,Completed
ORD-104476,2024-07-06,CUST-00614,Noah Tanaka,Consumer,France,Europe,Apparel,T-Shirt,2,18.47,0.0,13.38,Bank Transfer,Completed
ORD-103959,2024-09-28,CUST-00449,Mia Nakamura,Small Business,Germany,Europe,Beauty,Lip Balm,2,14.31,0.0,19.94,Credit Card,Completed
ORD-102134,2024-06-17,CUST-00848,James Rodriguez,,Canada,North America,Apparel,Wool Socks,1,85.76,0.1,2.83,PayPal,Returned
ORD-105053,2024-03-02,CUST-00142,John Johnson,Small Business,JAPAN,Asia,Apparel,Baseball Cap,1,12.02,0.0,17.94,Bank Transfer,Completed
ORD-104268,2024-06-05,CUST-00310,Patricia Rossi,Consumer,India,Asia,Electronics,USB-C Cable,2,75.6,0.0,10.19,Credit Card,Completed
ORD-101945,2023-09-13,CUST-00622,Patricia Kumar,Small Business,Australia,Oceania,Electronics,USB-C Cable,1,143.82,0.0,20.87,Credit Card,Completed
ORD-102280,2024-09-15,CUST-00079,Jennifer Dubois,Small Business,Germany,Europe,Sports & Outdoors,Camping Tent,1,43.7,0.0,7.98,Credit Card,Completed
ORD-100660,2024-09-04,CUST-00707,Tom Williams,Consumer,Canada,North America,Apparel,T-Shirt,2,71.44,0.15,3.46,Debit Card,Completed
ORD-102431,2024-10-26,CUST-00754,Carlos Rodriguez,Small Business,Mexico,South America,Home & Kitchen,Throw Pillow,1,107.91,0.0,6.24,PayPal,Returned
ORD-103752,2024-06-28,CUST-00192,Emma Khan,Small Business,GERMANY,Europe,Sports & Outdoors,Water Bottle,2,164.53,0.0,19.67,Gift Card,Completed
ORD-102529,2023-05-13,CUST-00004,Chen Martinez,Consumer,Brazil,South America,Electronics,Laptop Stand,2,171.03,0.05,19.14,Bank Transfer,Returned
ORD-105191,2023-11-03,CUST-00101,Lucas Khan,,France,Europe,Home & Kitchen,Cutting Board,2,51.59,0.2,3.05,Credit Card,Completed
ORD-106170,2024-03-24,CUST-00029,Wei Smith,Consumer,India,Asia,Office,Desk Organizer,1,19.61,0.0,15.11,Debit Card,Completed
ORD-100643,2024-04-09,CUST-00557,Emma Johnson,Small Business,United Kingdom,Europe,Electronics,USB-C Cable,1,146.17,0.0,6.89,Debit Card,Completed
ORD-100169,2024-05-30,CUST-00640,John Tanaka,Consumer,Brazil,South America,Electronics,Headphones,1,176.77,0.0,22.93,Credit Card,Completed
ORD-101518,2024-05-22,CUST-00493,Tom Rodriguez,Enterprise,Germany,Europe,Apparel,Wool Socks,1,86.01,0.0,2.0,Debit Card,Completed
ORD-101801,2024-09-11,CUST-00712,Wei Dubois,Consumer,France,Europe,Office,Desk Organizer,1,5.45,0.0,13.15,Credit Card,Completed
ORD-103395,2024-07-06,CUST-00253,Ana Miller,Enterprise,United States,North America,Beauty,Shampoo,1,8.59,0.1,6.41,Credit Card,Completed
ORD-101918,2023-06-26,CUST-00787,Raj Nakamura,Consumer, singapore ,Asia,Beauty,Sunscreen SPF50,2,13.5,0.0,13.03,Credit Card,Cancelled
ORD-100273,2024-06-11,CUST-00848,James Rodriguez,Consumer,Canada,North America,Electronics,Smartphone Case,2,150.9,0.0,3.01,PayPal,Completed
ORD-105312,2024-06-01,CUST-00725,Priya Kumar,Consumer,UNITED KINGDOM,Europe,Beauty,Face Serum,1,491.09750778166,0.2,12.92,PayPal,Completed
ORD-102469,2024-09-12,CUST-00839,Carlos Jones,Small Business,United States,North America,Home & Kitchen,Coffee Maker,1,31.01,0.2,14.17,Credit Card,Returned
ORD-105215,2024-08-09,CUST-00652,Carlos Nakamura,Enterprise,Mexico,South America,Apparel,Wool Socks,1,40.17,0.0,22.73,PayPal,Completed
ORD-106811,2024-10-24,CUST-00302,James Martinez,,Italy,Europe,Office,Wireless Mouse,2,36.39,0.0,20.51,Bank Transfer,Completed
ORD-106694,2024-07-24,CUST-00042,Ana Rodriguez,Consumer,Germany,Europe,Electronics,Smartphone Case,1,180.27,0.0,9.87,Credit Card,Completed
ORD-101067,2023-06-10,CUST-00805,Liam Rodriguez,Consumer,Germany,Europe,Home & Kitchen,Cutting Board,1,118.12,0.0,2.84,Gift Card,Completed
ORD-100495,2024-02-26,CUST-00738,Ana Martinez,Small Business,Germany,Europe,Sports & Outdoors,Resistance Bands,2,136.15,0.15,15.77,PayPal,Returned
ORD-104912,2023-03-28,CUST-00803,Emma Zhang,Consumer,United Kingdom,Europe,Electronics,Headphones,1,30.48,0.05,20.08,Credit Card,Completed
ORD-101913,2024-05-14,CUST-00046,David Smith,Enterprise,Germany,Europe,Sports & Outdoors,Resistance Bands,1,105.78,0.1,11.77,Gift Card,Completed
ORD-103647,2023-06-26,CUST-00392,Elizabeth Khan,Consumer,India,Asia,Home & Kitchen,Blender,1,110.94,0.2,7.41,PayPal,Completed
ORD-100039,2024-06-09,CUST-00485,Mia Rossi,Enterprise,United Kingdom,Europe,Office,Standing Desk Mat,4,9.84,0.0,16.33,PayPal,Completed
ORD-100307,2024-06-19,CUST-00140,Chen Khan,Consumer,Brazil,South America,Office,Notebook Set,1,23.44,0.0,11.78,Credit Card,Completed
ORD-103741,2024-10-16,CUST-00082,Wei Kumar,Small Business, australia ,Oceania,Electronics,Headphones,2,117.65,0.0,16.0,PayPal,Completed
ORD-104103,2023-10-29,CUST-00346,Jennifer Silva,Consumer,United Kingdom,Europe,Home & Kitchen,Coffee Maker,2,38.7,0.0,14.12,PayPal,Completed
ORD-103153,2024-10-20,CUST-00518,James Rodriguez,Consumer,United Kingdom,Europe,Home & Kitchen,Throw Pillow,5,18.35,0.0,17.94,Credit Card,Completed
ORD-102830,2024-07-16,CUST-00722,Chen Rodriguez,Small Business,Canada,North America,Home & Kitchen,Storage Bin,2,140.1,0.0,3.39,Credit Card,Completed
ORD-100782,2024-07-22,CUST-00519,Ines Jones,Small Business,Brazil,South America,Electronics,Headphones,2,61.03,0.1,21.64,Credit Card,Completed
ORD-105287,2024-07-17,CUST-00506,Carlos Garcia,Consumer,Brazil,South America,Office,Desk Organizer,4,55.81,0.15,4.61,PayPal,Completed
ORD-100535,2023-09-10,CUST-00703,Ahmed Tanaka,Enterprise,United Kingdom,Europe,Home & Kitchen,Storage Bin,1,101.83,0.05,22.63,Debit Card,Completed
ORD-100584,2024-02-19,CUST-00756,James Williams,Small Business,Germany,Europe,Home & Kitchen,Throw Pillow,2,37.32,0.0,13.12,Credit Card,Completed
ORD-106311,2024-06-21,CUST-00575,Ines Tanaka,Consumer,Germany,Europe,Home & Kitchen,Cutting Board,1,48.98,0.0,2.81,PayPal,Completed
ORD-104144,2024-06-22,CUST-00272,Olivia Zhang,Consumer, australia ,Oceania,Electronics,Smartphone Case,1,126.15,0.1,23.12,Credit Card,Completed
ORD-104419,2024-09-05,CUST-00240,Elizabeth Williams,Small Business,Brazil,South America,Office,Standing Desk Mat,1,9.29,0.0,20.63,Bank Transfer,Completed
ORD-103797,2024-05-21,CUST-00457,Olivia Brown,Consumer,United States,North America,Apparel,Wool Socks,1,85.95,0.0,15.98,Bank Transfer,Completed
ORD-106783,2024-04-01,CUST-00417,Fatima Rossi,Enterprise,United States,North America,Apparel,Wool Socks,1,67.09,0.0,4.7,Debit Card,Completed
ORD-106945,2024-07-21,CUST-00029,Wei Smith,Consumer,India,Asia,Electronics,Laptop Stand,1,20.21,0.0,4.91,Bank Transfer,Completed
ORD-102862,2024-05-27,CUST-00315,Lucas Brown,Consumer,Germany,Europe,Electronics,Bluetooth Speaker,1,86.58,0.0,15.58,Bank Transfer,Completed
ORD-100317,2024-03-07,CUST-00102,Elizabeth Kumar,Small Business,Germany,Europe,Home & Kitchen,Blender,2,55.6,0.0,17.68,Credit Card,Completed
ORD-102198,2024-06-16,CUST-00682,David Dubois,Enterprise,United States,North America,Office,Notebook Set,2,61.18,0.0,12.61,Debit Card,Completed
ORD-102565,2024-08-24,CUST-00087,Raj Johnson,Consumer,United States,North America,Electronics,Bluetooth Speaker,1,142.91,0.1,10.99,Debit Card,Completed
ORD-106389,2024-01-24,CUST-00759,Emma Rossi,Consumer, france ,Europe,Electronics,Laptop Stand,1,171.47,0.0,21.16,Bank Transfer,Completed
ORD-106778,2024-10-29,CUST-00694,Jennifer Smith,Consumer,United States,North America,Beauty,Sunscreen SPF50,1,54.23,0.0,15.0,Debit Card,Completed
ORD-101795,2024-07-05,CUST-00605,Fatima Tanaka,Consumer,Singapore,Asia,Home & Kitchen,Cutting Board,1,68.57,0.0,23.74,Credit Card,Completed
ORD-106589,2023-12-09,CUST-00601,Sofia Silva,Small Business,United States,North America,Home & Kitchen,Coffee Maker,1,141.98,0.0,6.94,PayPal,Completed
ORD-106009,2024-06-27,CUST-00747,Tom Davis,Consumer,United Kingdom,Europe,Home & Kitchen,Throw Pillow,1,65.98,0.0,19.65,Credit Card,Completed
ORD-100272,2023-02-25,CUST-00214,James Rossi,Small Business,Japan,Asia,Sports & Outdoors,Yoga Mat,1,129.64,0.0,7.14,Credit Card,Completed
ORD-100549,2024-08-13,CUST-00020,Emma Zhang,Consumer,United States,North America,Home & Kitchen,Blender,1,120.66,0.0,5.7,Credit Card,Returned
ORD-101693,2024-01-16,CUST-00161,John Rodriguez,Consumer,FRANCE,Europe,Electronics,Headphones,1,198.0,0.2,13.32,Credit Card,Completed
ORD-105816,2023-12-24,CUST-00599,Mia Dubois,Consumer,France,Europe,Electronics,Bluetooth Speaker,1,152.14,0.0,10.98,Bank Transfer,Returned
ORD-103526,2024-06-26,CUST-00574,Tom Costa,Consumer,Canada,North America,Apparel,Denim Jacket,2,41.64,0.15,9.12,Credit Card,Completed
ORD-103013,2024-08-24,CUST-00596,Hiro Costa,Consumer,India,Asia,Electronics,Smartphone Case,1,125.82,0.0,18.68,Debit Card,Returned
ORD-106793,2024-04-17,CUST-00708,Fatima Smith,Consumer,United States,North America,Apparel,Wool Socks,1,43.28,0.0,22.2,Credit Card,Completed
ORD-106809,2024-08-07,CUST-00229,Tom Silva,Consumer,Germany,Europe,Sports & Outdoors,Hiking Backpack,1,40.87,0.05,16.33,PayPal,Completed
ORD-102391,2024-07-27,CUST-00260,,Small Business,Australia,Oceania,Home & Kitchen,Coffee Maker,2,40.67,0.05,14.86,Credit Card,Completed
ORD-103877,2024-04-27,CUST-00844,Linda Silva,Small Business,Spain,Europe,Electronics,Bluetooth Speaker,1,38.49,0.0,15.21,PayPal,Completed
ORD-104695,2024-08-09,CUST-00140,Chen Khan,Consumer,Brazil,South America,Home & Kitchen,Blender,1,119.49,0.0,7.59,PayPal,Cancelled
ORD-105786,2024-10-31,CUST-00115,Jennifer Costa,Consumer,Japan,Asia,Sports & Outdoors,Yoga Mat,1,44.27,0.0,20.56,Bank Transfer,Completed
ORD-100895,2024-04-07,CUST-00727,Tom Garcia,Enterprise,Japan,Asia,Electronics,Smartphone Case,2,199.06,0.05,22.11,Debit Card,Completed
ORD-105664,2024-03-05,CUST-00326,Ines Silva,Consumer,United Kingdom,Europe,Electronics,Smartphone Case,1,217.67,0.05,15.06,PayPal,Completed
ORD-105872,2024-07-04,CUST-00252,Ines Martinez,Small Business,Canada,North America,Home & Kitchen,Throw Pillow,1,94.06,0.15,10.97,Credit Card,Completed
ORD-104667,2024-07-10,CUST-00831,Ines Nakamura,Consumer,United States,North America,Beauty,Shampoo,1,32.7,0.05,4.2,PayPal,Completed
ORD-102000,2024-09-26,CUST-00031,Tom Brown,Small Business,Germany,Europe,Sports & Outdoors,Water Bottle,1,28.73,0.0,13.07,Debit Card,Cancelled
ORD-102123,2024-09-21,CUST-00695,Carlos Muller,Consumer,Italy,Europe,Sports & Outdoors,Camping Tent,1,93.89,0.1,5.52,Credit Card,Completed
ORD-104158,2023-11-30,CUST-00460,Grace Rossi,Small Business,Germany,Europe,Electronics,Bluetooth Speaker,1,99.56,0.2,12.3,Gift Card,Returned
ORD-101248,2024-09-22,CUST-00695,Carlos Muller,Consumer,Italy,Europe,Home & Kitchen,Blender,2,70.78,0.0,15.67,Credit Card,Cancelled
ORD-104488,2023-12-27,CUST-00725,Priya Kumar,Consumer,United Kingdom,Europe,Sports & Outdoors,Camping Tent,1,40.42,0.0,11.44,Credit Card,Completed
ORD-101260,2024-04-10,CUST-00717,Sofia Khan,Consumer,Italy,Europe,Home & Kitchen,Coffee Maker,1,80.51,0.2,22.7,Debit Card,Completed
ORD-100810,2024-07-21,CUST-00164,Wei Zhang,Small Business,Italy,Europe,Beauty,Shampoo,1,51.73,0.0,12.83,Gift Card,Cancelled
ORD-101050,2024-09-15,CUST-00580,David Jones,Consumer,Japan,Asia,Home & Kitchen,Cutting Board,2,30.19,0.0,11.31,Debit Card,Completed
ORD-101879,2023-10-12,CUST-00522,Fatima Dubois,Small Business,Germany,Europe,Apparel,Wool Socks,1,81.28,0.15,18.29,Credit Card,Completed
ORD-102880,2023-03-29,CUST-00573,Michael Miller,Small Business,Italy,Europe,Beauty,Face Serum,1,23.58,0.0,19.89,Credit Card,Completed
ORD-100108,2024-10-11,CUST-00208,Tom Martinez,Enterprise,Germany,Europe,Beauty,Hair Dryer,1,38.52,0.0,19.6,PayPal,Completed
ORD-100674,2023-12-10,CUST-00030,Yuki Martinez,Consumer,Germany,Europe,Electronics,Laptop Stand,2,46.68,0.0,3.61,Credit Card,Completed
ORD-106328,2024-03-22,CUST-00220,Ines Garcia,Consumer,UNITED KINGDOM,Europe,Home & Kitchen,Cutting Board,1,107.62,0.0,14.33,Bank Transfer,Returned
ORD-104762,2024-06-02,CUST-00740,Olivia Dubois,Enterprise,United Kingdom,Europe,Apparel,Denim Jacket,2,41.18,0.0,,PayPal,Completed
ORD-104606,2023-04-18,CUST-00509,Jennifer Tanaka,Consumer,United Kingdom,Europe,Electronics,USB-C Cable,1,194.25,0.0,22.19,Debit Card,Completed
ORD-106414,2024-11-03,CUST-00301,Mary Martinez,Consumer,United States,North America,Apparel,Wool Socks,1,37.68,0.0,20.72,Debit Card,Completed
ORD-105737,2024-09-12,CUST-00763,Liam Rossi,Small Business,United States,North America,Apparel,Running Shoes,1,40.54,0.0,4.01,Bank Transfer,Completed
ORD-105456,2024-11-08,CUST-00476,Jennifer Davis,Consumer,United States,North America,Office,Desk Organizer,2,41.53,0.0,8.01,Credit Card,Completed
ORD-101533,2023-08-02,CUST-00114,Emma Dubois,Consumer,Brazil,South America,Apparel,Denim Jacket,1,63.38,0.0,16.3,Credit Card,Completed
ORD-104963,2024-05-19,CUST-00835,Hiro Nakamura,Small Business,Canada,North America,Electronics,Smartphone Case,1,89.79,0.0,24.93,Debit Card,Completed
ORD-101856,2023-04-09,CUST-00242,Tom Nakamura,Consumer,United States,North America,Apparel,T-Shirt,1,66.67,0.0,7.89,PayPal,Completed
ORD-105833,2024-07-06,CUST-00844,Linda Silva,Small Business,Spain,Europe,Apparel,T-Shirt,1,24.6,0.1,17.86,PayPal,Completed
ORD-100212,2024-09-09,CUST-00624,Yuki Costa,Consumer,Germany,Europe,Office,Notebook Set,2,47.12,0.0,9.69,Credit Card,Completed
ORD-103148,2024-07-17,CUST-00474,Michael Nakamura,Small Business,Germany,Europe,Beauty,Shampoo,1,46.63,0.0,6.63,PayPal,Completed
ORD-105157,2023-06-29,CUST-00840,James Jones,Consumer,United States,North America,Home & Kitchen,Cutting Board,1,86.81,0.0,16.96,Credit Card,Completed
ORD-102257,2024-02-22,CUST-00576,Liam Johnson,Consumer,AUSTRALIA,Oceania,Electronics,Bluetooth Speaker,2,185.26,0.0,23.74,Bank Transfer,Completed
ORD-102106,2024-06-06,CUST-00767,Raj Smith,Small Business, brazil ,South America,Home & Kitchen,Cutting Board,1,112.32,0.0,11.45,Debit Card,Completed
ORD-103269,2024-07-10,CUST-00486,Patricia Johnson,Consumer,Germany,Europe,Sports & Outdoors,Camping Tent,2,48.93,0.0,18.88,Credit Card,Completed
ORD-106760,2023-12-13,CUST-00774,Lucas Dubois,Consumer,United States,North America,Beauty,Face Serum,1,50.43,0.0,12.7,Credit Card,Completed
ORD-101974,2024-10-07,CUST-00842,Hiro Silva,Enterprise,United States,North America,Electronics,Smartphone Case,1,21.62,0.0,10.79,Bank Transfer,Completed
ORD-104686,2024-03-13,CUST-00793,Fatima Rossi,Small Business,United States,North America,Electronics,Laptop Stand,1,219.58,0.0,10.62,Credit Card,Completed
ORD-106913,2024-03-30,CUST-00723,Chen Rossi,Consumer,United Kingdom,Europe,Home & Kitchen,Blender,1,106.57,0.0,19.31,Debit Card,Completed
ORD-101502,2024-04-24,CUST-00741,Elizabeth Davis,Consumer, united kingdom ,Europe,Electronics,Bluetooth Speaker,1,137.06,0.0,23.81,Credit Card,Completed
ORD-104183,2024-07-13,CUST-00508,Elizabeth Kumar,Enterprise,India,Asia,Apparel,Denim Jacket,1,61.58,0.0,2.21,Credit Card,Completed
ORD-100647,2024-11-22,CUST-00324,Tom Jones,Consumer,United States,North America,Electronics,Bluetooth Speaker,1,170.17,0.0,11.7,PayPal,Completed
ORD-103634,2023-08-25,CUST-00698,Patricia Rossi,Consumer,United States,North America,Beauty,Hair Dryer,1,8.74,0.0,7.39,Credit Card,Completed
ORD-100772,2024-02-28,CUST-00649,John Costa,Enterprise,United States,North America,Office,Pen Pack,1,62.4,0.0,5.7,Credit Card,Completed
ORD-100704,2023-10-07,CUST-00041,John Zhang,Small Business,United States,North America,Apparel,Wool Socks,3,67.2,0.0,,PayPal,Completed
ORD-103588,2024-09-23,CUST-00119,Liam Martinez,Consumer,India,Asia,Apparel,T-Shirt,1,59.02,0.0,24.27,Credit Card,Completed
ORD-101250,2023-12-11,CUST-00512,Fatima Tanaka,Consumer,Germany,Europe,Beauty,Hair Dryer,1,18.69,0.0,11.01,Credit Card,Completed
ORD-104805,2023-10-15,CUST-00794,Sofia Muller,Small Business,Canada,North America,Apparel,Running Shoes,1,69.44,0.0,21.99,Gift Card,Completed
ORD-102473,2023-07-16,CUST-00096,Tom Rodriguez,Consumer,United Kingdom,Europe,Home & Kitchen,Coffee Maker,2,60.79,0.0,2.07,Bank Transfer,Completed
ORD-106319,2024-07-27,CUST-00408,James Jones,Enterprise,Italy,Europe,Apparel,T-Shirt,1,21.85,0.05,10.64,Credit Card,Completed
ORD-101861,2024-09-13,CUST-00186,Lucas Jones,Consumer,Germany,Europe,Apparel,T-Shirt,1,11.76,0.0,8.05,PayPal,Completed
ORD-100710,2023-09-11,CUST-00710,Wei Miller,Consumer,United States,North America,Office,Desk Organizer,4,57.43,0.0,2.41,PayPal,Returned
ORD-102673,2024-08-19,CUST-00003,Ana Khan,Small Business,United States,North America,Beauty,Hair Dryer,5,42.81,0.0,2.52,Debit Card,Completed
ORD-104515,2024-04-22,CUST-00424,Emma Martinez,Enterprise,United Kingdom,Europe,Office,Notebook Set,2,16.85,0.0,9.72,Credit Card,Completed
ORD-101462,2024-10-07,CUST-00094,Hiro Rossi,Consumer,United States,North America,Office,Notebook Set,2,24.0,0.0,4.31,PayPal,Cancelled
ORD-101485,2023-10-02,CUST-00753,Patricia Dubois,Small Business,United States,North America,Home & Kitchen,Blender,4,69.91,0.0,8.16,PayPal,Returned
ORD-102546,2024-08-31,CUST-00632,Jennifer Smith,Consumer,United States,North America,Electronics,Laptop Stand,5,130.6,0.0,18.81,Credit Card,Returned
ORD-100231,2024-10-21,CUST-00241,Hiro Kumar,Consumer,United States,North America,Beauty,Shampoo,1,54.48,0.0,21.54,Credit Card,Completed
ORD-101357,2024-08-25,CUST-00285,Ines Rossi,Enterprise,United States,North America,Home & Kitchen,Throw Pillow,1,134.19,0.0,10.69,PayPal,Completed
ORD-103012,2024-04-25,CUST-00620,Carlos Garcia,Consumer,Canada,North America,Sports & Outdoors,Resistance Bands,1,175.05,0.15,17.45,Debit Card,Completed
ORD-100852,2023-03-06,CUST-00048,Yuki Martinez,Enterprise,France,Europe,Home & Kitchen,Cutting Board,1,10.39,0.05,14.93,Debit Card,Completed
ORD-101005,2023-11-10,CUST-00517,Jennifer Miller,Consumer,United States,North America,Electronics,Laptop Stand,1,57.89,0.0,22.72,Debit Card,Completed
ORD-101997,2023-12-25,CUST-00766,Yuki Smith,Small Business,United States,North America,Electronics,USB-C Cable,4,211.89,0.0,23.35,Credit Card,Completed
ORD-101835,2024-01-23,CUST-00516,Wei Davis,Consumer,India,Asia,Home & Kitchen,Blender,1,54.47,0.1,12.79,Bank Transfer,Completed
ORD-103974,2023-08-26,CUST-00481,Mary Jones,Consumer,United States,North America,Apparel,Denim Jacket,3,32.08,0.05,5.74,Debit Card,Completed
ORD-106766,2024-03-16,CUST-00746,,Consumer,United Kingdom,Europe,Apparel,T-Shirt,4,88.22,0.0,8.1,Credit Card,Completed
ORD-104533,2024-05-02,CUST-00743,Liam Tanaka,Consumer,United States,North America,Sports & Outdoors,Resistance Bands,5,29.8,0.0,23.88,Debit Card,Completed
ORD-101317,2023-11-12,CUST-00572,Liam Rossi,Consumer,Japan,Asia,Beauty,Sunscreen SPF50,1,12.27,0.05,4.9,Credit Card,Returned
ORD-103328,2024-04-03,CUST-00047,Liam Khan,Consumer,Germany,Europe,Apparel,T-Shirt,1,70.97,0.1,21.56,Debit Card,Returned
ORD-101624,2024-11-11,CUST-00004,Chen Martinez,Consumer,Brazil,South America,Apparel,Baseball Cap,1,73.29,0.0,,Debit Card,Completed
ORD-101481,2024-10-29,CUST-00304,John Garcia,Small Business,Australia,Oceania,Electronics,Smartphone Case,4,151.29,0.0,22.68,Bank Transfer,Completed
ORD-103834,2023-06-17,CUST-00212,Mary Davis,Consumer,United States,North America,Electronics,Headphones,1,122.97,0.0,22.26,Credit Card,Completed
ORD-105745,2023-10-24,CUST-00592,,Small Business,France,Europe,Home & Kitchen,Cutting Board,1,100.38,0.05,2.96,Credit Card,Completed
ORD-105100,2024-02-06,CUST-00692,Ahmed Rossi,Consumer,France,Europe,Home & Kitchen,Coffee Maker,1,106.99,0.1,8.7,Credit Card,Completed
ORD-101279,2024-09-05,CUST-00410,Fatima Martinez,Enterprise,United States,North America,Home & Kitchen,Throw Pillow,1,17.92,0.0,4.83,Credit Card,Completed
ORD-103081,2024-09-12,CUST-00715,Patricia Khan,Small Business,United Kingdom,Europe,Home & Kitchen,Coffee Maker,1,84.9,0.0,14.93,Credit Card,Completed
ORD-101824,2024-07-11,CUST-00138,John Muller,Consumer,Australia,Oceania,Home & Kitchen,Coffee Maker,1,31.25,0.05,6.31,PayPal,Cancelled
ORD-101054,2024-01-31,CUST-00186,Lucas Jones,Consumer,Germany,Europe,Apparel,Denim Jacket,1,23.96,0.05,5.53,Credit Card,Completed
ORD-104146,2024-08-31,CUST-00606,Sofia Kumar,,Germany,Europe,Beauty,Shampoo,4,31.43,0.0,6.1,PayPal,Completed
ORD-105933,2024-07-09,CUST-00798,Wei Khan,Consumer,United States,North America,Beauty,Hair Dryer,2,56.08,0.1,5.13,Credit Card,Cancelled
ORD-100476,2023-03-24,CUST-00316,Jennifer Jones,Small Business,Australia,Oceania,Sports & Outdoors,Camping Tent,2,115.4,0.0,16.22,Credit Card,Cancelled
ORD-102283,2023-11-22,CUST-00466,Tom Brown,Consumer,Brazil,South America,Beauty,Sunscreen SPF50,1,27.35,0.0,5.02,Gift Card,Completed
ORD-103712,2023-12-23,CUST-00150,Ana Silva,Consumer,Spain,Europe,Beauty,Lip Balm,2,56.99,0.0,24.67,Debit Card,Completed
ORD-103147,2023-11-22,CUST-00652,Carlos Nakamura,Enterprise,Mexico,South America,Home & Kitchen,Cutting Board,1,77.28,0.0,9.63,PayPal,Completed
ORD-105643,2024-09-01,CUST-00836,Chen Johnson,Enterprise,Brazil,South America,Electronics,Bluetooth Speaker,2,100.95,0.0,3.36,Credit Card,Completed
ORD-100336,2024-07-01,CUST-00643,Patricia Davis,Small Business,United States,North America,Electronics,Smartphone Case,2,54.79,0.0,2.43,PayPal,Completed
ORD-102618,2023-11-21,CUST-00635,James Costa,Consumer,Spain,Europe,Sports & Outdoors,Camping Tent,1,75.37,0.0,6.73,Credit Card,Completed
ORD-103663,2024-04-10,CUST-00585,James Rossi,Small Business,UNITED KINGDOM,Europe,Apparel,Baseball Cap,1,10.73,0.15,21.28,PayPal,Completed
ORD-100089,2023-08-05,CUST-00319,Mary Dubois,Enterprise,Japan,Asia,Apparel,T-Shirt,2,63.09,0.0,19.8,Credit Card,Completed
ORD-100875,2023-07-14,CUST-00847,,Consumer,Germany,Europe,Electronics,Bluetooth Speaker,1,163.68,0.0,11.75,Credit Card,Completed
ORD-106633,2024-09-30,CUST-00838,Yuki Rodriguez,Consumer,United States,North America,Electronics,Laptop Stand,1,195.02,0.05,22.17,Credit Card,Returned
ORD-100544,2023-11-15,CUST-00405,Wei Zhang,,Canada,North America,Office,Desk Organizer,2,62.08,0.05,5.54,Credit Card,Completed
ORD-105338,2024-04-28,CUST-00118,Jennifer Brown,Consumer,France,Europe,Home & Kitchen,Throw Pillow,1,116.56,0.05,14.49,Credit Card,Completed
ORD-103001,2023-04-08,CUST-00041,John Zhang,,United States,North America,Electronics,USB-C Cable,2,138.11,0.0,22.04,Credit Card,Completed
ORD-102761,2024-01-07,CUST-00082,Wei Kumar,Small Business,Australia,Oceania,Electronics,Laptop Stand,1,218.78,0.0,21.79,PayPal,Completed
ORD-102147,2023-09-07,CUST-00483,Wei Dubois,Consumer,SPAIN,Europe,Sports & Outdoors,Resistance Bands,1,138.32,0.0,20.38,Bank Transfer,Completed
ORD-101881,2024-08-16,CUST-00374,Liam Rossi,Small Business,United States,North America,Apparel,Running Shoes,1,14.13,0.1,18.01,PayPal,Completed
ORD-106953,2024-05-16,CUST-00728,Liam Nakamura,Small Business,United States,North America,Sports & Outdoors,Yoga Mat,3,169.67,0.1,8.37,PayPal,Completed
ORD-100927,2023-11-19,CUST-00318,Carlos Jones,Consumer,United States,North America,Apparel,Baseball Cap,1,77.69,0.0,8.71,Credit Card,Completed
ORD-100320,2024-08-19,CUST-00850,Sofia Brown,Consumer,United Kingdom,Europe,Electronics,Bluetooth Speaker,1,206.16,0.15,20.8,Bank Transfer,Completed
ORD-104616,2024-05-04,CUST-00585,James Rossi,Small Business,United Kingdom,Europe,Apparel,Baseball Cap,1,18.08,0.0,15.77,PayPal,Completed
ORD-106031,2023-11-09,CUST-00792,Ana Garcia,Consumer,United States,North America,Beauty,Lip Balm,5,59.86,0.2,5.6,Gift Card,Completed
ORD-100879,2023-10-27,CUST-00276,Jennifer Smith,Consumer,Canada,North America,Home & Kitchen,Storage Bin,1,119.23,0.0,11.11,PayPal,Cancelled
ORD-103995,2024-08-03,CUST-00257,John Williams,Small Business,Canada,North America,Home & Kitchen,Blender,1,132.24,0.2,,Debit Card,Completed
ORD-104922,2024-09-08,CUST-00446,Hiro Rossi,Consumer,Spain,Europe,Apparel,Wool Socks,1,27.73,0.0,12.43,Credit Card,Completed
ORD-103247,2024-06-19,CUST-00733,James Johnson,Consumer,Canada,North America,Apparel,Baseball Cap,1,39.1,0.0,3.27,Credit Card,Completed
ORD-105387,2023-11-09,CUST-00563,Elizabeth Kumar,Consumer,France,Europe,Electronics,Smartphone Case,1,181.96,0.0,11.4,Debit Card,Completed
ORD-103079,2024-07-03,CUST-00174,Sofia Costa,Small Business,United Kingdom,Europe,Electronics,Headphones,3,207.72,0.0,14.67,Debit Card,Completed
ORD-103762,2024-03-21,CUST-00201,Raj Martinez,Small Business, brazil ,South America,Sports & Outdoors,Yoga Mat,1,18.0,0.0,2.04,Debit Card,Completed
ORD-104731,2024-10-12,CUST-00648,Olivia Martinez,,United States,North America,Sports & Outdoors,Resistance Bands,1,47.46,0.0,14.24,Debit Card,Completed
ORD-106529,2024-04-13,CUST-00407,,Consumer,United States,North America,Sports & Outdoors,Resistance Bands,1,95.3,0.1,9.57,PayPal,Completed
ORD-104235,2024-11-04,CUST-00073,Fatima Williams,Consumer,Brazil,South America,Beauty,Lip Balm,2,8.77,0.0,12.91,Credit Card,Returned
ORD-104260,2023-03-17,CUST-00762,Carlos Tanaka,Consumer,United States,North America,Beauty,Shampoo,2,38.75,0.2,12.61,Bank Transfer,Completed
ORD-101619,2024-08-19,CUST-00539,Ana Costa,Consumer,United States,North America,Home & Kitchen,Coffee Maker,1,125.39,0.0,24.17,Debit Card,Completed
ORD-103727,2023-08-08,CUST-00125,Hiro Davis,Consumer,United States,North America,Home & Kitchen,Storage Bin,1,87.3,0.0,11.55,Credit Card,Completed
ORD-106880,2023-10-14,CUST-00007,Chen Costa,Small Business,India,Asia,Home & Kitchen,Blender,1,65.21,0.2,21.08,Credit Card,Completed
ORD-105888,2024-09-22,CUST-00410,Fatima Martinez,Enterprise,United States,North America,Beauty,Lip Balm,1,23.59,0.1,7.98,Credit Card,Completed
ORD-101046,2024-08-08,CUST-00644,Elizabeth Rodriguez,Small Business,Spain,Europe,Electronics,Laptop Stand,1,172.01,0.0,6.09,Debit Card,Completed
ORD-105057,2024-05-29,CUST-00551,Mia Garcia,Consumer,Canada,North America,Home & Kitchen,Throw Pillow,1,58.7,0.0,21.98,PayPal,Completed
ORD-101751,2023-08-30,CUST-00802,Liam Rossi,Small Business,Canada,North America,Electronics,Laptop Stand,2,117.6,0.05,16.01,Credit Card,Completed
ORD-105152,2024-01-12,CUST-00055,Grace Jones,Consumer,France,Europe,Apparel,T-Shirt,2,41.75,0.0,20.41,Gift Card,Completed
ORD-103879,2024-05-01,CUST-00029,Wei Smith,Consumer,India,Asia,Beauty,Lip Balm,3,28.62,0.0,11.7,Credit Card,Completed
ORD-105865,2024-02-10,CUST-00245,Chen Williams,Consumer,United States,North America,Office,Desk Organizer,2,55.43,0.05,3.31,Credit Card,Completed
ORD-105601,2024-06-15,CUST-00595,Hiro Garcia,Consumer,Canada,North America,Electronics,Laptop Stand,1,142.19,0.0,16.19,Bank Transfer,Completed
ORD-103918,2024-02-01,CUST-00250,Ahmed Rodriguez,Small Business,SINGAPORE,Asia,Apparel,Denim Jacket,1,30.92,0.05,4.0,Credit Card,Completed
ORD-105190,2024-07-18,CUST-00359,Chen Rossi,,France,Europe,Home & Kitchen,Coffee Maker,1,43.44,0.1,21.27,Credit Card,Completed
ORD-101044,2024-02-08,CUST-00738,Ana Martinez,Small Business,Germany,Europe,Beauty,Hair Dryer,1,34.7,0.0,7.66,Credit Card,Completed
ORD-103011,2024-04-10,CUST-00303,Yuki Martinez,Consumer,Canada,North America,Home & Kitchen,Cutting Board,1,91.98,0.2,16.15,Debit Card,Completed
ORD-105156,2024-04-01,CUST-00384,Michael Rossi,,Australia,Oceania,Office,Desk Organizer,1,48.64,0.15,5.75,Credit Card,Completed
ORD-103291,2023-12-20,CUST-00262,Grace Silva,Enterprise,United Kingdom,Europe,Home & Kitchen,Throw Pillow,1,87.77,0.0,10.01,PayPal,Completed
ORD-106750,2024-02-26,CUST-00608,Ines Martinez,Consumer,Spain,Europe,Office,Standing Desk Mat,1,68.5,0.0,19.46,Debit Card,Completed
ORD-104752,2023-07-11,CUST-00752,David Zhang,Enterprise,France,Europe,Sports & Outdoors,Hiking Backpack,1,53.91,0.2,21.37,Gift Card,Completed
ORD-102065,2024-04-27,CUST-00308,,Small Business,France,Europe,Apparel,Wool Socks,2,11.0,0.0,9.38,PayPal,Completed
ORD-102965,2024-02-09,CUST-00517,Jennifer Miller,Consumer,United States,North America,Sports & Outdoors,Water Bottle,1,130.82,0.0,17.7,Credit Card,Completed
ORD-100642,2023-05-09,CUST-00653,Jennifer Zhang,Consumer,Singapore,Asia,Apparel,Denim Jacket,3,13.2,0.1,6.93,Debit Card,Completed
ORD-100138,2024-05-02,CUST-00356,Carlos Nakamura,Consumer,India,Asia,Office,Desk Organizer,1,67.37,0.0,18.06,Credit Card,Completed
ORD-100881,2024-05-24,CUST-00674,Elizabeth Davis,Small Business,United States,North America,Sports & Outdoors,Water Bottle,1,151.94,0.0,13.13,PayPal,Completed
ORD-101977,2024-06-17,CUST-00302,James Martinez,Enterprise,Italy,Europe,Apparel,T-Shirt,1,20.71,0.0,10.81,Debit Card,Returned
ORD-101582,2024-06-10,CUST-00650,Lucas Dubois,Consumer,Brazil,South America,Sports & Outdoors,Yoga Mat,1,10.47,0.0,14.9,Credit Card,Completed
ORD-104794,2024-02-21,CUST-00086,Grace Tanaka,Small Business,United States,North America,Home & Kitchen,Blender,1,110.27,0.1,3.32,Credit Card,Completed
ORD-101098,2023-11-23,CUST-00097,Ines Kumar,Consumer,Singapore,Asia,Electronics,Headphones,3,148.36,0.2,12.32,Credit Card,Completed
ORD-106152,2024-07-20,CUST-00330,Noah Johnson,,Japan,Asia,Electronics,Laptop Stand,1,199.57,0.0,17.97,Credit Card,Completed
ORD-106616,2024-07-08,CUST-00310,Patricia Rossi,Consumer,India,Asia,Sports & Outdoors,Hiking Backpack,1,167.4,0.0,13.87,PayPal,Returned
ORD-101393,2023-07-22,CUST-00654,Mary Silva,Small Business,United Kingdom,Europe,Home & Kitchen,Storage Bin,1,86.52,0.05,9.31,Debit Card,Completed
ORD-102084,2024-07-23,CUST-00744,Patricia Muller,Consumer,Italy,Europe,Home & Kitchen,Cutting Board,1,20.36,0.0,24.21,PayPal,Completed
ORD-101267,2024-08-21,CUST-00013,Sofia Williams,Consumer, canada ,North America,Sports & Outdoors,Yoga Mat,4,13.9,0.0,22.82,Debit Card,Returned
ORD-104232,2024-12-03,CUST-00099,Chen Costa,Enterprise,Mexico,South America,Apparel,Denim Jacket,5,42.92,0.15,17.48,PayPal,Completed
ORD-105266,2024-09-22,CUST-00358,Tom Silva,Consumer,Brazil,South America,Electronics,USB-C Cable,1,138.47,0.05,21.23,Debit Card,Completed
ORD-102575,2024-06-02,CUST-00238,,Small Business,Brazil,South America,Electronics,Smartphone Case,1,170.44,0.1,,PayPal,Completed
ORD-102136,2024-02-06,CUST-00275,Patricia Garcia,Small Business,Singapore,Asia,Home & Kitchen,Blender,1,147.26,0.2,9.9,Credit Card,Completed
ORD-101504,2023-08-03,CUST-00708,Fatima Smith,Consumer,United States,North America,Electronics,Smartphone Case,2,57.7,0.0,21.81,Debit Card,Completed
ORD-105459,2023-07-05,CUST-00304,John Garcia,Small Business,Australia,Oceania,Apparel,Denim Jacket,1,88.38,0.0,21.94,Bank Transfer,Returned
ORD-106332,2023-11-01,CUST-00813,Mary Zhang,Small Business, germany ,Europe,Home & Kitchen,Throw Pillow,1,129.47,0.0,11.72,Debit Card,Completed
ORD-103368,2024-01-02,CUST-00038,Carlos Jones,Consumer,France,Europe,Office,Notebook Set,-2,54.6,0.0,22.98,Gift Card,Completed
ORD-103730,2024-05-07,CUST-00651,Emma Nakamura,Consumer,India,Asia,Beauty,Hair Dryer,2,38.64,0.0,2.25,Credit Card,Returned
ORD-100149,2024-04-03,CUST-00398,Ines Davis,Small Business,Mexico,South America,Office,Standing Desk Mat,5,6.6,0.1,23.37,Credit Card,Completed
ORD-100304,2023-10-11,CUST-00790,Fatima Rodriguez,Consumer,France,Europe,Beauty,Sunscreen SPF50,1,57.67,0.2,10.7,Credit Card,Completed
ORD-105114,2024-07-25,CUST-00730,Elizabeth Zhang,Consumer,Brazil,South America,Electronics,Laptop Stand,2,120.85,0.0,7.96,Bank Transfer,Completed
ORD-101925,2023-11-08,CUST-00742,Elizabeth Brown,Enterprise,Canada,North America,Office,Pen Pack,1,41.41,0.0,20.03,Credit Card,Completed
ORD-105149,2023-12-15,CUST-00441,Linda Martinez,,United States,North America,Electronics,Laptop Stand,1,116.9,0.0,14.25,PayPal,Completed
ORD-106764,2024-09-17,CUST-00600,Linda Garcia,Consumer,Spain,Europe,Sports & Outdoors,Resistance Bands,2,151.48,0.0,16.61,Credit Card,Returned
ORD-102638,2023-07-20,CUST-00360,Carlos Martinez,Small Business,United Kingdom,Europe,Electronics,Laptop Stand,1,107.74,0.1,6.44,Credit Card,Completed
ORD-100759,2024-11-10,CUST-00084,Ines Rodriguez,Small Business,Australia,Oceania,Apparel,Wool Socks,5,25.82,0.0,9.72,Credit Card,Completed
ORD-101905,2024-03-14,CUST-00091,Carlos Johnson,Consumer,United States,North America,Electronics,Bluetooth Speaker,1,106.1,0.15,18.17,PayPal,Completed
ORD-106602,2023-09-25,CUST-00308,Fatima Costa,Small Business,France,Europe,Electronics,Bluetooth Speaker,1,93.87,0.2,9.42,Credit Card,Completed
ORD-104295,2024-07-24,CUST-00439,Lucas Smith,Small Business,France,Europe,Sports & Outdoors,Yoga Mat,2,41.28,0.0,9.09,Credit Card,Completed
ORD-103843,2024-01-03,CUST-00021,Sofia Muller,Consumer,France,Europe,Beauty,Hair Dryer,1,19.5,0.0,3.15,Credit Card,Completed
ORD-106278,2024-04-13,CUST-00462,Priya Nakamura,Enterprise,UNITED STATES,North America,Electronics,USB-C Cable,3,202.53,0.15,21.2,Credit Card,Completed
ORD-101769,2024-04-04,CUST-00388,Wei Muller,Small Business,United States,North America,Sports & Outdoors,Water Bottle,1,92.43,0.0,21.68,Credit Card,Completed
ORD-102876,2024-06-11,CUST-00703,Ahmed Tanaka,Enterprise,United Kingdom,Europe,Office,Notebook Set,1,52.86,0.0,14.82,Debit Card,Cancelled
ORD-102241,2024-11-15,CUST-00156,Noah Muller,Small Business,Brazil,South America,Electronics,Laptop Stand,2,94.62,0.0,16.99,PayPal,Completed
ORD-104501,2024-01-21,CUST-00228,Wei Jones,Consumer,Germany,Europe,Home & Kitchen,Cutting Board,1,28.97,0.05,11.23,Credit Card,Completed
ORD-103024,2024-09-13,CUST-00645,Lucas Khan,Small Business,India,Asia,Office,Notebook Set,1,8.6,0.0,3.99,PayPal,Completed
ORD-103522,2024-10-17,CUST-00781,Elizabeth Brown,Consumer,India,Asia,Apparel,T-Shirt,2,46.4,0.05,4.24,Credit Card,Completed
ORD-100484,2024-06-06,CUST-00498,Fatima Costa,Small Business,Japan,Asia,Office,Notebook Set,1,27.76,0.0,9.29,PayPal,Completed
ORD-105279,2024-09-06,CUST-00610,Yuki Martinez,,Germany,Europe,Beauty,Shampoo,1,26.89,0.0,21.84,Debit Card,Completed
ORD-105436,2024-06-30,CUST-00746,Ahmed Rossi,Consumer,United Kingdom,Europe,Office,Wireless Mouse,1,26.75,0.0,17.3,Credit Card,Completed
ORD-101281,2024-07-13,CUST-00393,Carlos Martinez,Consumer,United States,North America,Apparel,Wool Socks,1,54.48,0.0,8.23,Credit Card,Completed
ORD-105128,2024-09-01,CUST-00656,Carlos Johnson,Small Business,SINGAPORE,Asia,Office,Desk Organizer,1,18.95,0.0,9.85,PayPal,Completed
ORD-103681,2024-03-31,CUST-00336,Liam Davis,Enterprise,United Kingdom,Europe,Apparel,Running Shoes,3,16.16,0.0,13.26,Debit Card,Completed
ORD-100792,2023-12-22,CUST-00686,James Martinez,Enterprise,Germany,Europe,Office,Pen Pack,1,65.24,0.0,4.51,PayPal,Completed
ORD-104896,2024-07-20,CUST-00240,Elizabeth Williams,Small Business,Brazil,South America,Home & Kitchen,Throw Pillow,1,112.55,0.0,20.95,Bank Transfer,Completed
ORD-101202,2023-10-04,CUST-00343,Wei Dubois,Consumer,India,Asia,Electronics,Headphones,4,76.54,0.0,7.54,Credit Card,Completed
ORD-104519,2024-10-02,CUST-00336,Liam Davis,Enterprise,United Kingdom,Europe,Beauty,Sunscreen SPF50,1,41.33,0.0,13.67,Debit Card,Completed
ORD-103913,2024-07-18,CUST-00760,Carlos Jones,Small Business,Italy,Europe,Sports & Outdoors,Water Bottle,1,12.64,0.15,7.5,Debit Card,Completed
ORD-102363,2024-11-05,CUST-00245,Chen Williams,Consumer,United States,North America,Electronics,Headphones,1,178.48,0.0,13.85,Credit Card,Completed
ORD-103725,2023-05-19,CUST-00588,Fatima Brown,Consumer,United States,North America,Office,Wireless Mouse,1,25.59,0.0,22.25,Debit Card,Completed
ORD-103070,2024-07-12,CUST-00006,Sofia Jones,Consumer,United States,North America,Home & Kitchen,Throw Pillow,1,67.07,0.1,13.36,Credit Card,Completed
ORD-103430,2024-05-19,CUST-00453,Tom Kumar,,India,Asia,Home & Kitchen,Cutting Board,1,140.65,0.05,16.03,Credit Card,Completed
ORD-105980,2024-09-07,CUST-00132,James Muller,Consumer,Germany,Europe,Home & Kitchen,Blender,1,76.16,0.0,11.26,Debit Card,Completed
ORD-106425,2024-02-17,CUST-00700,Noah Martinez,Consumer,Canada,North America,Apparel,Running Shoes,1,32.83,0.05,22.04,Credit Card,Completed
ORD-106857,2023-05-11,CUST-00323,Chen Nakamura,Consumer, france ,Europe,Home & Kitchen,Storage Bin,1,140.53,0.0,4.87,Credit Card,Completed
ORD-105576,2024-05-14,CUST-00173,Carlos Miller,Small Business,United States,North America,Beauty,Sunscreen SPF50,1,16.17,0.0,10.21,PayPal,Completed
ORD-102592,2024-10-31,CUST-00483,Wei Dubois,Consumer, spain ,Europe,Electronics,Bluetooth Speaker,3,68.87,0.0,8.26,Bank Transfer,Completed
ORD-106025,2024-07-04,CUST-00471,Noah Costa,Enterprise,Singapore,Asia,Home & Kitchen,Throw Pillow,1,75.01,0.0,13.25,PayPal,Completed
ORD-102711,2023-11-09,CUST-00300,Liam Jones,Consumer,France,Europe,Electronics,Headphones,2,100.39,0.1,11.23,PayPal,Completed
ORD-105717,2024-04-30,CUST-00355,Ana Garcia,Small Business,United Kingdom,Europe,Sports & Outdoors,Camping Tent,1,85.34,0.0,6.88,PayPal,Completed
ORD-101530,2024-10-02,CUST-00325,Priya Williams,Enterprise,United Kingdom,Europe,Office,Standing Desk Mat,5,9.43,0.05,15.63,Credit Card,Completed
ORD-104999,2024-05-30,CUST-00198,Yuki Rodriguez,Consumer,SPAIN,Europe,Home & Kitchen,Cutting Board,2,88.1,0.0,19.63,Credit Card,Completed
ORD-102810,2024-09-28,CUST-00188,David Jones,Small Business,Spain,Europe,Beauty,Sunscreen SPF50,1,29.23,0.15,17.92,Credit Card,Completed
ORD-100686,2023-10-25,CUST-00591,Ana Zhang,Small Business,Spain,Europe,Electronics,Headphones,1,123.93,0.1,13.34,Debit Card,Completed
ORD-101552,2023-12-22,CUST-00509,Jennifer Tanaka,Consumer,United Kingdom,Europe,Electronics,Headphones,2,80.61,0.0,16.07,PayPal,Completed
ORD-104256,2024-01-12,CUST-00732,Linda Johnson,Consumer,Japan,Asia,Home & Kitchen,Coffee Maker,2,36.97,0.0,23.16,Debit Card,Completed
ORD-105096,2024-11-17,CUST-00585,James Rossi,Small Business,United Kingdom,Europe,Home & Kitchen,Cutting Board,2,125.79,0.0,15.34,Gift Card,Completed
ORD-103872,2024-06-29,CUST-00427,,Consumer,United Kingdom,Europe,Beauty,Sunscreen SPF50,2,24.82,0.0,12.68,Credit Card,Completed
ORD-105123,2024-05-18,CUST-00711,Michael Jones,Small Business,Mexico,South America,Home & Kitchen,Cutting Board,2,106.17,0.0,21.42,Credit Card,Returned
ORD-100561,2024-10-05,CUST-00033,Lucas Davis,Consumer,United States,North America,Sports & Outdoors,Water Bottle,1,147.9,0.1,8.88,Debit Card,Completed
ORD-102251,2024-07-10,CUST-00023,Robert Zhang,Consumer,United States,North America,Home & Kitchen,Cutting Board,1,138.78,0.0,23.43,Gift Card,Completed
ORD-106628,2024-07-23,CUST-00413,Ahmed Jones,Consumer,United States,North America,Electronics,Bluetooth Speaker,1,153.82,0.0,10.03,Credit Card,Completed
ORD-103501,2024-08-20,CUST-00210,Mia Johnson,Consumer,Japan,Asia,Electronics,USB-C Cable,1,198.75,0.1,11.53,PayPal,Completed
ORD-102690,2024-06-01,CUST-00802,Liam Rossi,Small Business,Canada,North America,Home & Kitchen,Throw Pillow,2,24.79,0.0,23.0,Debit Card,Completed
ORD-104209,2023-07-11,CUST-00770,Noah Rodriguez,Consumer,Australia,Oceania,Home & Kitchen,Cutting Board,5,104.69,0.1,14.92,Debit Card,Completed
ORD-106906,2023-06-09,CUST-00682,David Dubois,Enterprise,United States,North America,Home & Kitchen,Throw Pillow,1,87.45,0.2,17.96,PayPal,Completed
ORD-103380,2024-03-06,CUST-00735,Linda Rossi,Consumer,United Kingdom,Europe,Sports & Outdoors,Yoga Mat,1,37.58,0.0,16.54,Credit Card,Completed
ORD-103194,2024-07-21,CUST-00694,Jennifer Smith,Consumer,United States,North America,Office,Desk Organizer,2,36.38,0.0,11.09,Debit Card,Completed
ORD-101447,2024-09-01,CUST-00437,Grace Johnson,Enterprise,United Kingdom,Europe,Beauty,Lip Balm,1,33.88,0.0,7.77,Bank Transfer,Completed
ORD-101953,2023-09-18,CUST-00735,Linda Rossi,Consumer,UNITED KINGDOM,Europe,Sports & Outdoors,Camping Tent,4,66.87,0.0,19.39,Bank Transfer,Completed
ORD-100923,2024-04-23,CUST-00652,Carlos Nakamura,Enterprise,Mexico,South America,Apparel,Wool Socks,1,42.48,0.05,22.61,Credit Card,Completed
ORD-101625,2023-11-19,CUST-00507,Fatima Brown,Consumer,United Kingdom,Europe,Beauty,Face Serum,2,13.23,0.05,10.13,Credit Card,Completed
ORD-100311,2023-05-19,CUST-00744,Patricia Muller,Consumer,Italy,Europe,Sports & Outdoors,Water Bottle,1,109.01,0.0,18.64,Debit Card,Completed
ORD-101320,2024-03-04,CUST-00622,Patricia Kumar,Small Business,Australia,Oceania,Office,Wireless Mouse,1,18.19,0.0,4.87,Credit Card,Completed
ORD-103532,2024-10-11,CUST-00305,Hiro Dubois,Enterprise,Mexico,South America,Office,Standing Desk Mat,1,52.64,0.0,21.89,Bank Transfer,Completed
ORD-101664,2024-02-16,CUST-00427,Hiro Rossi,Consumer,United Kingdom,Europe,Sports & Outdoors,Yoga Mat,1,88.71,0.0,11.99,Gift Card,Completed
ORD-100816,2024-08-05,CUST-00510,Hiro Martinez,Consumer,Canada,North America,Sports & Outdoors,Hiking Backpack,3,16.66,0.0,13.59,Credit Card,Returned
ORD-106430,2024-02-24,CUST-00518,James Rodriguez,Consumer,United Kingdom,Europe,Electronics,Smartphone Case,1,160.66,0.0,23.32,Credit Card,Completed
ORD-102267,2024-03-12,CUST-00315,Lucas Brown,Consumer,Germany,Europe,Home & Kitchen,Storage Bin,1,90.75,0.1,20.84,Debit Card,Completed
ORD-101474,2023-06-07,CUST-00063,Ahmed Davis,Consumer,India,Asia,Electronics,Headphones,1,149.32,0.0,24.38,Credit Card,Completed
ORD-101774,2024-03-02,CUST-00237,Mia Rodriguez,Consumer,Mexico,South America,Office,Desk Organizer,1,41.85,0.2,7.28,Credit Card,Completed
ORD-104776,2023-12-19,CUST-00286,Wei Martinez,Small Business,Australia,Oceania,Home & Kitchen,Coffee Maker,3,36.58,0.0,12.77,Bank Transfer,Completed
ORD-106546,2024-05-21,CUST-00041,John Zhang,Small Business,United States,North America,Apparel,Running Shoes,2,65.6,0.0,20.38,Gift Card,Completed
ORD-101094,2024-08-06,CUST-00214,James Rossi,Small Business,Japan,Asia,Beauty,Lip Balm,1,24.6,0.05,3.25,Credit Card,Completed
ORD-104177,2023-11-13,CUST-00416,Wei Garcia,Small Business,United States,North America,Home & Kitchen,Blender,1,87.04,0.0,21.66,Credit Card,Completed
ORD-101951,2024-11-19,CUST-00226,Mary Davis,Enterprise,Germany,Europe,Home & Kitchen,Coffee Maker,2,140.63,0.0,12.94,Debit Card,Completed
ORD-103885,2024-02-03,CUST-00739,Hiro Dubois,Consumer,United States,North America,Electronics,Smartphone Case,2,110.1,0.0,24.11,Credit Card,Completed
ORD-106406,2024-03-06,CUST-00332,Fatima Jones,Enterprise,Germany,Europe,Apparel,Wool Socks,2,28.79,0.1,15.21,Credit Card,Completed
ORD-106627,2023-10-31,CUST-00687,James Williams,Consumer,Brazil,South America,Sports & Outdoors,Camping Tent,2,41.73,0.05,7.88,Debit Card,Completed
ORD-102801,2024-03-19,CUST-00361,Fatima Jones,Enterprise,Brazil,South America,Electronics,Laptop Stand,2,43.58,0.0,10.0,Bank Transfer,Completed
ORD-101240,2023-07-27,CUST-00225,Jennifer Nakamura,Small Business,Spain,Europe,Apparel,Running Shoes,2,18.11,0.0,,Bank Transfer,Completed
ORD-100330,2024-04-05,CUST-00567,Sofia Nakamura,Small Business,Brazil,South America,Home & Kitchen,Blender,5,25.42,0.0,6.43,Credit Card,Completed
ORD-103103,2023-08-14,CUST-00625,Linda Nakamura,Enterprise,BRAZIL,South America,Electronics,Smartphone Case,1,207.05,0.0,20.07,PayPal,Completed
ORD-100243,2024-03-06,CUST-00051,Wei Costa,Enterprise,United States,North America,Home & Kitchen,Storage Bin,1,138.26,0.0,22.91,Debit Card,Completed
ORD-106641,2024-06-16,CUST-00442,Olivia Khan,Consumer,Australia,Oceania,Electronics,Smartphone Case,5,218.27,0.0,24.86,Bank Transfer,Completed
ORD-104738,2024-10-18,CUST-00681,Ines Garcia,Small Business,Spain,Europe,Electronics,Headphones,1,217.77,0.0,6.35,Gift Card,Completed
ORD-104793,2024-07-20,CUST-00148,Sofia Brown,Small Business,United States,North America,Apparel,Wool Socks,1,64.68,0.0,15.8,Credit Card,Completed
ORD-102258,2024-02-15,CUST-00252,Ines Martinez,Small Business,Canada,North America,Apparel,T-Shirt,1,66.93,0.0,19.65,Bank Transfer,Completed
ORD-102819,2024-07-25,CUST-00147,Noah Tanaka,Small Business,AUSTRALIA,Oceania,Apparel,Baseball Cap,2,70.64,0.0,15.62,Credit Card,Completed
ORD-103825,2024-04-10,CUST-00483,Wei Dubois,Consumer,Spain,Europe,Apparel,Wool Socks,1,44.38,0.05,14.05,Gift Card,Completed
ORD-100754,2023-06-02,CUST-00815,James Jones,Consumer,Germany,Europe,Apparel,T-Shirt,1,59.16,0.0,16.1,PayPal,Completed
ORD-104532,2024-12-07,CUST-00623,Ahmed Dubois,Consumer,France,Europe,Sports & Outdoors,Water Bottle,1,167.53,0.0,8.13,Credit Card,Completed
ORD-101564,2024-06-15,CUST-00627,Mia Kumar,Consumer,Germany,Europe,Sports & Outdoors,Hiking Backpack,1,128.41,0.0,17.26,Credit Card,Completed
ORD-101935,2023-11-06,CUST-00446,Hiro Rossi,Consumer,Spain,Europe,Electronics,Headphones,2,192.92,0.0,24.41,Bank Transfer,Completed
ORD-106800,2024-06-21,CUST-00757,Robert Tanaka,Small Business,Spain,Europe,Apparel,Running Shoes,4,38.78,0.0,16.72,PayPal,Completed
ORD-103494,2023-11-15,CUST-00824,David Miller,Consumer,Australia,Oceania,Apparel,Running Shoes,1,54.85,0.0,18.31,Credit Card,Completed
ORD-103023,2024-10-27,CUST-00768,Elizabeth Khan,Consumer,Germany,Europe,Office,Pen Pack,1,8.42,0.1,,PayPal,Completed
ORD-105809,2023-12-23,CUST-00776,Priya Nakamura,Consumer,United States,North America,Apparel,Denim Jacket,1,30.41,0.0,10.29,Credit Card,Completed
ORD-104648,2024-01-06,CUST-00389,James Williams,Small Business,Singapore,Asia,Home & Kitchen,Storage Bin,1,121.95,0.2,12.08,PayPal,Returned
ORD-102649,2024-10-13,CUST-00572,Liam Rossi,Consumer, japan ,Asia,Beauty,Shampoo,2,52.53,0.2,13.53,Bank Transfer,Returned
ORD-101857,2023-02-14,CUST-00486,Patricia Johnson,Consumer,Germany,Europe,Home & Kitchen,Cutting Board,3,82.26,0.0,13.78,PayPal,Completed
ORD-104698,2024-04-12,CUST-00691,Carlos Rossi,Consumer,Canada,North America,Apparel,T-Shirt,1,17.39,0.0,12.49,PayPal,Completed
ORD-103564,2024-01-02,CUST-00213,Ines Muller,Small Business,Japan,Asia,Electronics,Bluetooth Speaker,1,128.25,0.0,12.86,Credit Card,Completed
ORD-101965,2024-08-22,CUST-00343,Wei Dubois,Consumer,India,Asia,Home & Kitchen,Storage Bin,1,66.91,0.1,16.86,PayPal,Completed
ORD-101014,2024-03-30,CUST-00540,Olivia Zhang,Enterprise,United States,North America,Beauty,Hair Dryer,1,29.28,0.0,19.86,Credit Card,Completed
ORD-105835,2024-06-07,CUST-00208,Tom Martinez,Enterprise, germany ,Europe,Home & Kitchen,Cutting Board,1,112.21,0.1,3.68,Credit Card,Completed
ORD-101428,2023-11-09,CUST-00716,Robert Dubois,Consumer,Mexico,South America,Office,Wireless Mouse,1,58.31,0.2,8.16,Credit Card,Completed
ORD-106109,2024-09-18,CUST-00051,Wei Costa,Enterprise,United States,North America,Home & Kitchen,Coffee Maker,2,44.1,0.0,18.51,PayPal,Completed
ORD-103323,2023-07-06,CUST-00818,Lucas Tanaka,Small Business,Japan,Asia,Apparel,Denim Jacket,1,66.19,0.0,19.42,PayPal,Completed
ORD-105483,2024-11-08,CUST-00659,Grace Brown,Consumer,Germany,Europe,Beauty,Lip Balm,1,54.16,0.0,22.4,Credit Card,Completed
ORD-101296,2024-08-08,CUST-00167,Emma Davis,Consumer, india ,Asia,Office,Notebook Set,1,7.23,0.05,13.96,Credit Card,Completed
ORD-100467,2023-07-31,CUST-00816,Chen Zhang,Consumer,United Kingdom,Europe,Apparel,T-Shirt,1,51.12,0.0,2.39,Credit Card,Completed
ORD-104029,2024-09-11,CUST-00688,Grace Garcia,Consumer,United States,North America,Electronics,Laptop Stand,1,195.14,0.2,11.9,Gift Card,Completed
ORD-105596,2024-01-03,CUST-00118,Jennifer Brown,Consumer,FRANCE,Europe,Home & Kitchen,Storage Bin,3,130.64,0.15,2.51,Debit Card,Completed
ORD-100175,2024-09-18,CUST-00738,Ana Martinez,Small Business,Germany,Europe,Home & Kitchen,Blender,4,77.7,0.05,22.4,Credit Card,Cancelled
ORD-104881,2023-08-27,CUST-00085,David Martinez,Consumer,Canada,North America,Home & Kitchen,Throw Pillow,2,143.59,0.0,21.83,PayPal,Completed
ORD-100278,2023-11-30,CUST-00473,Elizabeth Kumar,Consumer,Australia,Oceania,Office,Desk Organizer,2,19.16,0.0,24.55,Credit Card,Completed
ORD-101070,2023-12-28,CUST-00654,Mary Silva,Small Business,United Kingdom,Europe,Apparel,Baseball Cap,1,85.95,0.0,22.44,Credit Card,Completed
ORD-101549,2023-11-11,CUST-00249,Patricia Kumar,Consumer,United Kingdom,Europe,Office,Wireless Mouse,1,66.5,0.2,13.56,Credit Card,Completed
ORD-101025,2024-08-07,CUST-00376,Emma Zhang,Consumer,India,Asia,Electronics,Bluetooth Speaker,1,60.66,0.0,9.86,PayPal,Completed
ORD-105562,2024-04-29,CUST-00526,Carlos Jones,Small Business,Singapore,Asia,Electronics,Headphones,1,138.92,0.0,3.21,Credit Card,Completed
ORD-105037,2023-07-29,CUST-00117,Carlos Zhang,Consumer,SPAIN,Europe,Beauty,Shampoo,2,5.02,0.05,20.99,Credit Card,Completed
ORD-102835,2024-05-20,CUST-00009,Yuki Khan,Consumer,Germany,Europe,Beauty,Shampoo,1,13.62,0.0,3.14,Credit Card,Returned
ORD-101467,2023-10-13,CUST-00474,Michael Nakamura,Small Business,Germany,Europe,Apparel,T-Shirt,1,64.95,0.0,3.18,Debit Card,Completed
ORD-105420,2024-03-05,CUST-00102,Elizabeth Kumar,Small Business,Germany,Europe,Apparel,Baseball Cap,1,15.25,0.15,17.16,PayPal,Completed
ORD-105496,2024-02-27,CUST-00613,Olivia Smith,Consumer,India,Asia,Beauty,Sunscreen SPF50,1,54.61,0.15,14.38,PayPal,Completed
ORD-106434,2024-10-23,CUST-00407,Mia Muller,Consumer,United States,North America,Home & Kitchen,Coffee Maker,1,65.36,0.0,11.94,Bank Transfer,Completed
ORD-105546,2024-04-16,CUST-00443,,Consumer,Canada,North America,Electronics,Laptop Stand,1,164.4,0.0,12.76,PayPal,Completed
ORD-105003,2023-11-10,CUST-00156,Noah Muller,Small Business,Brazil,South America,Home & Kitchen,Storage Bin,1,60.6,0.0,20.02,PayPal,Completed
ORD-101714,2024-01-10,CUST-00283,Mia Davis,Small Business,United States,North America,Electronics,Bluetooth Speaker,1,180.9,0.0,22.18,Bank Transfer,Returned
ORD-103425,2024-10-18,CUST-00372,Raj Dubois,Enterprise,United States,North America,Home & Kitchen,Blender,1,16.73,0.0,22.73,PayPal,Completed
ORD-102612,2024-01-06,CUST-00389,James Williams,,Singapore,Asia,Apparel,Denim Jacket,1,68.3,0.0,2.8,Debit Card,Completed
ORD-105992,2024-06-14,CUST-00094,Hiro Rossi,Consumer,United States,North America,Beauty,Hair Dryer,1,7.77,0.0,21.22,PayPal,Completed
ORD-100389,2024-12-14,CUST-00639,Yuki Brown,Consumer,Italy,Europe,Apparel,Wool Socks,1,39.84,0.0,8.12,PayPal,Completed
ORD-102071,2023-04-03,CUST-00158,Ines Martinez,Consumer,United States,North America,Sports & Outdoors,Camping Tent,1,27.26,0.0,19.46,Gift Card,Completed
ORD-103971,2023-02-17,CUST-00258,Robert Zhang,Consumer,Singapore,Asia,Sports & Outdoors,Resistance Bands,2,21.92,0.0,5.72,PayPal,Completed
ORD-106713,2024-05-22,CUST-00582,Wei Nakamura,Small Business,Spain,Europe,Office,Desk Organizer,2,5.27,0.0,19.13,Credit Card,Completed
ORD-106269,2024-11-15,CUST-00086,Grace Tanaka,Small Business,United States,North America,Electronics,Laptop Stand,1,155.12,0.1,19.09,Debit Card,Completed
ORD-103496,2023-05-01,CUST-00793,Fatima Rossi,Small Business,United States,North America,Home & Kitchen,Storage Bin,1,53.03,0.0,12.04,PayPal,Completed
ORD-102822,2024-09-02,CUST-00303,Yuki Martinez,Consumer,Canada,North America,Home & Kitchen,Cutting Board,1,34.48,0.0,22.73,Debit Card,Completed
ORD-104977,2024-09-14,CUST-00808,Robert Brown,Small Business,United States,North America,Home & Kitchen,Coffee Maker,1,86.74,0.0,5.98,Debit Card,Completed
ORD-101425,2024-05-21,CUST-00621,Mia Zhang,Enterprise,Mexico,South America,Home & Kitchen,Throw Pillow,2,51.74,0.0,23.65,Credit Card,Completed
ORD-103543,2023-11-03,CUST-00775,James Rodriguez,Consumer,Canada,North America,Beauty,Sunscreen SPF50,1,42.21,0.1,19.95,PayPal,Completed
ORD-106970,2024-07-26,CUST-00662,Hiro Jones,Small Business,Brazil,South America,Office,Pen Pack,1,34.9,0.0,22.29,Credit Card,Completed
ORD-103575,2024-09-08,CUST-00244,Linda Kumar,Consumer,United States,North America,Beauty,Hair Dryer,1,13.21,0.0,9.49,Credit Card,Completed
ORD-100051,2024-06-02,CUST-00527,Hiro Nakamura,Small Business,Australia,Oceania,Home & Kitchen,Throw Pillow,1,114.39,0.05,15.57,Credit Card,Completed
ORD-101888,2024-10-22,CUST-00071,Ines Muller,Consumer,United States,North America,Sports & Outdoors,Resistance Bands,1,143.0,0.0,15.22,Credit Card,Completed
ORD-105799,2023-06-19,CUST-00573,Michael Miller,Small Business,Italy,Europe,Apparel,Wool Socks,1,87.2,0.0,23.71,Debit Card,Completed
ORD-103696,2023-09-26,CUST-00612,Olivia Brown,Consumer,United States,North America,Home & Kitchen,Throw Pillow,1,74.26,0.0,21.05,PayPal,Completed
ORD-104230,2024-06-28,CUST-00700,Noah Martinez,Consumer,Canada,North America,Home & Kitchen,Throw Pillow,2,148.8,0.1,2.27,Debit Card,Completed
ORD-105202,2024-07-11,CUST-00135,Ana Khan,Consumer,MEXICO,South America,Beauty,Face Serum,2,41.6,0.0,6.92,Debit Card,Completed
ORD-104800,2023-11-15,CUST-00272,Olivia Zhang,Consumer,Australia,Oceania,Office,Pen Pack,1,40.28,0.0,20.53,Bank Transfer,Completed
ORD-100483,2024-06-17,CUST-00676,Elizabeth Davis,Small Business,United Kingdom,Europe,Beauty,Sunscreen SPF50,1,22.7,0.0,5.55,Credit Card,Returned
ORD-103394,2024-10-29,CUST-00183,Chen Davis,Consumer,India,Asia,Apparel,Baseball Cap,1,66.39,0.0,22.35,Credit Card,Completed
ORD-105242,2023-12-29,CUST-00790,Fatima Rodriguez,Consumer, france ,Europe,Sports & Outdoors,Resistance Bands,1,102.31,0.2,,Debit Card,Completed
ORD-106135,2024-11-16,CUST-00105,Lucas Jones,Consumer,United Kingdom,Europe,Office,Standing Desk Mat,1,38.35,0.0,10.43,PayPal,Returned
ORD-102252,2024-09-25,CUST-00331,Mia Silva,Small Business,Japan,Asia,Beauty,Lip Balm,2,40.05,0.15,13.89,Credit Card,Completed
ORD-104163,2023-10-15,CUST-00647,Yuki Jones,Consumer,Canada,North America,Home & Kitchen,Storage Bin,2,86.62,0.0,21.74,PayPal,Completed
ORD-102314,2024-10-05,CUST-00564,Chen Davis,Small Business,Brazil,South America,Electronics,Bluetooth Speaker,1,37.11,0.0,12.08,PayPal,Completed
ORD-102850,2024-07-14,CUST-00727,Tom Garcia,Enterprise,Japan,Asia,Home & Kitchen,Storage Bin,1,133.04,0.0,24.83,Bank Transfer,Completed
ORD-106647,2024-10-17,CUST-00541,Michael Jones,Consumer,JAPAN,Asia,Beauty,Sunscreen SPF50,1,11.74,0.0,11.64,Credit Card,Completed
ORD-103104,2024-08-18,CUST-00531,Michael Brown,Consumer,Brazil,South America,Beauty,Face Serum,1,19.42,0.0,17.42,Credit Card,Completed
ORD-105004,2023-04-12,CUST-00045,Grace Zhang,Consumer,Spain,Europe,Electronics,Laptop Stand,3,49.67,0.1,15.27,Credit Card,Cancelled
ORD-104128,2024-06-06,CUST-00600,,Consumer,Spain,Europe,Electronics,USB-C Cable,3,121.6,0.2,9.49,Debit Card,Completed
ORD-103868,2024-07-21,CUST-00850,Sofia Brown,Consumer,United Kingdom,Europe,Apparel,Wool Socks,1,32.23,0.0,15.74,Credit Card,Returned
ORD-102466,2024-07-24,CUST-00284,Wei Nakamura,Consumer,United States,North America,Electronics,Bluetooth Speaker,1,120.28,0.0,4.53,Debit Card,Completed
ORD-102930,2023-12-23,CUST-00702,Ines Dubois,Small Business,India,Asia,Electronics,Headphones,1,32.47,0.0,9.9,Debit Card,Completed
ORD-106890,2023-11-07,CUST-00037,Robert Johnson,Enterprise,Germany,Europe,Home & Kitchen,Storage Bin,2,78.74,0.0,7.18,Bank Transfer,Completed
ORD-104107,2024-02-10,CUST-00446,Hiro Rossi,,Spain,Europe,Beauty,Hair Dryer,2,12.15,0.0,24.32,Credit Card,Completed
ORD-100065,2023-08-30,CUST-00235,Jennifer Brown,Small Business,United Kingdom,Europe,Beauty,Lip Balm,1,56.92,0.15,4.26,Credit Card,Completed
ORD-106720,2023-04-20,CUST-00466,Tom Brown,Consumer,Brazil,South America,Apparel,Wool Socks,4,55.73,0.0,18.52,Bank Transfer,Completed
ORD-100777,2024-02-05,CUST-00070,,Consumer,Germany,Europe,Sports & Outdoors,Hiking Backpack,2,50.09,0.0,24.68,Bank Transfer,Completed
ORD-104174,2024-06-27,CUST-00082,Wei Kumar,Small Business,Australia,Oceania,Apparel,Baseball Cap,1,69.33,0.0,20.75,Credit Card,Returned
ORD-104588,2024-11-12,CUST-00144,Yuki Costa,Enterprise,Japan,Asia,Apparel,Running Shoes,1,21.19,0.0,5.88,Bank Transfer,Completed
ORD-102735,2023-10-08,CUST-00698,Patricia Rossi,Consumer,United States,North America,Sports & Outdoors,Resistance Bands,1,83.34,0.0,3.52,Debit Card,Completed
ORD-102581,2024-08-25,CUST-00761,Liam Rodriguez,Consumer,United Kingdom,Europe,Electronics,Laptop Stand,1,30.53,0.0,20.8,Credit Card,Completed
ORD-106210,2024-04-04,CUST-00725,Priya Kumar,,United Kingdom,Europe,Home & Kitchen,Coffee Maker,2,31.69,0.0,14.18,Debit Card,Completed
ORD-104617,2023-12-14,CUST-00550,Jennifer Khan,Enterprise,Japan,Asia,Beauty,Face Serum,1,38.33,0.05,5.42,Debit Card,Completed
ORD-103484,2023-07-18,CUST-00143,Tom Jones,Small Business,UNITED STATES,North America,Office,Pen Pack,1,13.35,0.0,4.61,Credit Card,Completed
ORD-106933,2024-07-10,CUST-00476,Jennifer Davis,,United States,North America,Office,Wireless Mouse,1,60.05,0.1,7.23,Credit Card,Completed
ORD-102345,2024-11-18,CUST-00228,Wei Jones,Consumer,Germany,Europe,Electronics,Smartphone Case,1,69.03,0.0,21.8,PayPal,Completed
ORD-104688,2024-09-09,CUST-00694,Jennifer Smith,Consumer,United States,North America,Office,Standing Desk Mat,3,18.78,0.05,12.46,Bank Transfer,Completed
ORD-102816,2024-05-07,CUST-00540,Olivia Zhang,Enterprise,UNITED STATES,North America,Electronics,Bluetooth Speaker,1,48.64,0.0,10.66,PayPal,Completed
ORD-102576,2023-12-10,CUST-00123,,Small Business,United Kingdom,Europe,Apparel,T-Shirt,2,71.73,0.0,20.25,Credit Card,Completed
ORD-105382,2023-06-15,CUST-00613,Olivia Smith,Consumer,India,Asia,Electronics,Bluetooth Speaker,3,120.15,0.0,15.15,Debit Card,Cancelled
ORD-105940,2024-05-04,CUST-00035,Sofia Garcia,Enterprise,Japan,Asia,Apparel,Baseball Cap,1,28.69,0.0,20.83,PayPal,Completed
ORD-104027,2023-08-15,CUST-00541,Michael Jones,Consumer,JAPAN,Asia,Home & Kitchen,Throw Pillow,5,66.26,0.0,14.76,PayPal,Completed
ORD-100725,2024-06-03,CUST-00230,Raj Nakamura,Small Business,FRANCE,Europe,Beauty,Shampoo,1,24.09,0.0,17.27,Debit Card,Completed
ORD-106506,2024-08-26,CUST-00152,Ahmed Brown,Consumer,United States,North America,Electronics,Laptop Stand,1,196.66,0.0,4.77,Credit Card,Returned
ORD-106482,2023-02-14,CUST-00481,Mary Jones,Consumer,United States,North America,Apparel,Baseball Cap,3,46.52,0.0,14.55,Credit Card,Completed
ORD-102867,2023-11-22,CUST-00276,Jennifer Smith,Consumer,Canada,North America,Electronics,Headphones,1,84.67,0.0,12.71,PayPal,Completed
ORD-105309,2023-08-01,CUST-00331,Mia Silva,Small Business,Japan,Asia,Electronics,Laptop Stand,1,154.04,0.0,8.94,Credit Card,Completed
ORD-103301,2024-06-12,CUST-00644,Elizabeth Rodriguez,Small Business,Spain,Europe,Home & Kitchen,Coffee Maker,2,98.6,0.0,8.0,PayPal,Completed
ORD-105734,2024-01-15,CUST-00119,Liam Martinez,Consumer,India,Asia,Office,Standing Desk Mat,1,21.93,0.15,5.87,Gift Card,Completed
ORD-106921,2024-08-30,CUST-00022,Robert Khan,Small Business, france ,Europe,Home & Kitchen,Throw Pillow,2,68.74,0.0,11.61,Credit Card,Returned
ORD-101736,2024-11-10,CUST-00668,Mary Rodriguez,,Italy,Europe,Beauty,Face Serum,2,49.69,0.05,19.28,Bank Transfer,Returned
ORD-103125,2023-07-23,CUST-00113,Mia Johnson,Small Business,United States,North America,Electronics,Smartphone Case,3,134.48,0.0,19.48,Credit Card,Completed
ORD-104941,2023-08-30,CUST-00553,Ines Jones,Small Business,United Kingdom,Europe,Beauty,Lip Balm,1,13.93,0.0,9.63,Debit Card,Completed
ORD-105079,2023-12-31,CUST-00704,Emma Brown,Consumer,France,Europe,Home & Kitchen,Coffee Maker,2,34.86,0.0,17.42,PayPal,Completed
ORD-104803,2024-06-14,CUST-00189,Noah Silva,Small Business,India,Asia,Home & Kitchen,Storage Bin,1,16.94,0.0,11.7,Debit Card,Completed
ORD-105784,2024-02-04,CUST-00656,Carlos Johnson,,Singapore,Asia,Office,Pen Pack,4,18.25,0.05,24.4,Credit Card,Completed
ORD-105963,2024-05-08,CUST-00661,Tom Rossi,Consumer, australia ,Oceania,Apparel,Baseball Cap,1,19.35,0.0,19.64,Credit Card,Cancelled
ORD-100274,2024-07-17,CUST-00585,James Rossi,Small Business,United Kingdom,Europe,Home & Kitchen,Storage Bin,1,42.89,0.0,18.7,Credit Card,Completed
ORD-105806,2023-09-24,CUST-00158,Ines Martinez,Consumer,United States,North America,Electronics,Bluetooth Speaker,2,40.41,0.0,5.35,Debit Card,Completed
ORD-102945,2024-07-21,CUST-00482,Ines Johnson,,France,Europe,Sports & Outdoors,Camping Tent,1,121.78,0.0,2.53,Bank Transfer,Completed
ORD-106771,2024-05-25,CUST-00299,,Enterprise,Canada,North America,Sports & Outdoors,Resistance Bands,2,146.88,0.0,9.38,Credit Card,Completed
ORD-105060,2024-07-29,CUST-00671,Patricia Smith,Consumer,United States,North America,Home & Kitchen,Storage Bin,1,101.16,0.0,20.14,Debit Card,Completed
ORD-106475,2024-06-09,CUST-00831,Ines Nakamura,Consumer,United States,North America,Apparel,Wool Socks,1,37.22,0.0,12.62,Credit Card,Completed
ORD-106912,2023-08-04,CUST-00351,Ines Muller,,Canada,North America,Home & Kitchen,Cutting Board,3,106.94,0.05,11.42,Credit Card,Completed
ORD-101886,2023-02-27,CUST-00664,Noah Brown,Consumer,Italy,Europe,Electronics,Smartphone Case,1,215.63,0.0,24.21,Credit Card,Completed
ORD-105579,2024-03-20,CUST-00401,James Zhang,Consumer,Singapore,Asia,Apparel,Denim Jacket,2,89.58,0.0,9.4,PayPal,Returned
ORD-105497,2024-07-10,CUST-00664,Noah Brown,,Italy,Europe,Home & Kitchen,Storage Bin,1,47.42,0.0,14.97,Bank Transfer,Completed
ORD-101453,2024-01-07,CUST-00140,Chen Khan,,BRAZIL,South America,Office,Desk Organizer,1,30.85,0.05,2.87,PayPal,Completed
ORD-102716,2023-06-29,CUST-00149,James Garcia,Small Business,Mexico,South America,Sports & Outdoors,Yoga Mat,1,157.54,0.0,11.9,PayPal,Completed
ORD-104246,2023-08-21,CUST-00705,Hiro Brown,Small Business,United States,North America,Beauty,Lip Balm,1,21.63,0.15,17.71,Credit Card,Completed
ORD-102693,2023-08-21,CUST-00689,Noah Rodriguez,Enterprise,Germany,Europe,Home & Kitchen,Cutting Board,1,66.84,0.05,13.12,Debit Card,Completed
ORD-102768,2024-08-21,CUST-00426,Mia Miller,Consumer,UNITED STATES,North America,Sports & Outdoors,Yoga Mat,2,76.62,0.0,14.12,PayPal,Completed
ORD-105854,2023-11-02,CUST-00428,Yuki Rodriguez,Consumer,Spain,Europe,Apparel,Wool Socks,2,13.81,0.0,9.39,Credit Card,Completed
ORD-100219,2023-08-24,CUST-00731,Tom Williams,Consumer,India,Asia,Electronics,USB-C Cable,1,76.57,0.0,19.55,Credit Card,Completed
ORD-100240,2024-01-29,CUST-00834,Yuki Martinez,Consumer,India,Asia,Home & Kitchen,Blender,1,28.74,0.0,11.84,Credit Card,Completed
ORD-101132,2024-10-19,CUST-00792,Ana Garcia,Consumer,United States,North America,Electronics,Laptop Stand,2,1664.1467973654997,0.05,24.87,Credit Card,Returned
ORD-106731,2024-04-06,CUST-00387,Robert Rodriguez,Small Business,United States,North America,Apparel,Running Shoes,1,57.13,0.0,20.54,Credit Card,Completed
ORD-103265,2024-05-10,CUST-00184,Mary Rodriguez,Consumer,United States,North America,Home & Kitchen,Blender,1,148.43,0.0,2.72,Debit Card,Completed
ORD-102240,2023-10-20,CUST-00072,Chen Costa,Small Business,India,Asia,Beauty,Shampoo,3,45.74,0.0,8.34,Credit Card,Completed
ORD-105350,2024-08-24,CUST-00417,Fatima Rossi,Enterprise,United States,North America,Electronics,Smartphone Case,5,115.89,0.1,23.38,Credit Card,Completed
ORD-105150,2024-09-20,CUST-00322,Wei Williams,Enterprise,Germany,Europe,Electronics,Bluetooth Speaker,1,18.85,0.0,16.09,Gift Card,Completed
ORD-105765,2024-02-13,CUST-00099,Chen Costa,Enterprise,Mexico,South America,Beauty,Sunscreen SPF50,1,13.37,0.2,9.17,Gift Card,Completed
ORD-101384,2024-01-06,CUST-00843,Tom Dubois,Enterprise,Singapore,Asia,Sports & Outdoors,Yoga Mat,1,69.08,0.0,20.55,PayPal,Completed
ORD-103075,2023-04-03,CUST-00011,Ines Tanaka,Enterprise,United Kingdom,Europe,Electronics,Bluetooth Speaker,1,84.0,0.05,24.08,PayPal,Completed
ORD-104861,2023-08-20,CUST-00131,,Consumer,France,Europe,Beauty,Hair Dryer,2,8.31,0.0,18.72,Debit Card,Completed
ORD-101358,2023-11-01,CUST-00310,Patricia Rossi,Consumer,India,Asia,Sports & Outdoors,Water Bottle,1,22.95,0.0,9.35,Credit Card,Completed
ORD-104872,2024-03-17,CUST-00501,,Enterprise,UNITED KINGDOM,Europe,Sports & Outdoors,Water Bottle,1,72.52,0.05,21.53,Credit Card,Completed
ORD-102631,2023-07-09,CUST-00563,Elizabeth Kumar,Consumer,France,Europe,Apparel,Wool Socks,2,23.83,0.0,24.48,Credit Card,Completed
ORD-102833,2024-07-22,CUST-00812,Liam Miller,Small Business,Brazil,South America,Electronics,USB-C Cable,1,193.5,0.0,7.9,PayPal,Returned
ORD-100625,2024-11-17,CUST-00670,David Williams,Consumer,India,Asia,Electronics,Laptop Stand,4,95.54,0.0,15.62,PayPal,Completed
ORD-100840,2024-10-20,CUST-00649,John Costa,Enterprise,United States,North America,Sports & Outdoors,Resistance Bands,1,120.79,0.0,23.79,Gift Card,Completed
ORD-104724,2024-08-05,CUST-00249,Patricia Kumar,Consumer,United Kingdom,Europe,Electronics,Bluetooth Speaker,1,83.89,0.0,,PayPal,Cancelled
ORD-100324,2023-10-22,CUST-00016,Sofia Costa,Consumer,United Kingdom,Europe,Electronics,Laptop Stand,1,155.49,0.0,19.02,Credit Card,Completed
ORD-106071,2024-06-30,CUST-00584,Patricia Rodriguez,Small Business,United States,North America,Apparel,Baseball Cap,2,31.29,0.05,14.86,Credit Card,Completed
ORD-103535,2024-10-30,CUST-00751,Yuki Kumar,Small Business,United Kingdom,Europe,Sports & Outdoors,Yoga Mat,2,50.3,0.0,21.03,PayPal,Completed
ORD-101868,2024-12-13,CUST-00429,Priya Dubois,Enterprise,United Kingdom,Europe,Electronics,Headphones,1,62.11,0.05,15.31,Gift Card,Cancelled
ORD-105257,2023-05-02,CUST-00485,Mia Rossi,Enterprise,United Kingdom,Europe,Beauty,Shampoo,1,40.53,0.0,23.62,Debit Card,Completed
ORD-102827,2024-11-18,CUST-00545,Emma Silva,Small Business,Mexico,South America,Beauty,Lip Balm,2,43.46,0.05,14.02,Debit Card,Completed
ORD-105173,2023-08-30,CUST-00565,Hiro Jones,Small Business,Italy,Europe,Electronics,Smartphone Case,1,24.79,0.05,14.8,Credit Card,Completed
ORD-106469,2024-07-04,CUST-00114,Emma Dubois,Consumer,Brazil,South America,Home & Kitchen,Storage Bin,1,139.45,0.05,,Gift Card,Completed
ORD-100438,2024-11-15,CUST-00675,Ahmed Smith,Consumer,Germany,Europe,Sports & Outdoors,Resistance Bands,2,53.27,0.0,24.8,Credit Card,Completed
ORD-100120,2024-03-27,CUST-00209,Elizabeth Nakamura,Consumer,Japan,Asia,Sports & Outdoors,Water Bottle,1,123.64,0.1,17.47,PayPal,Completed
ORD-106655,2024-01-11,CUST-00208,Tom Martinez,Enterprise,Germany,Europe,Sports & Outdoors,Yoga Mat,1,131.31,0.2,15.39,PayPal,Completed
ORD-102104,2024-12-29,CUST-00711,Michael Jones,Small Business,Mexico,South America,Electronics,Headphones,2,155.49,0.0,7.86,PayPal,Completed
ORD-106661,2024-02-02,CUST-00503,Mary Tanaka,Consumer,UNITED STATES,North America,Beauty,Hair Dryer,1,6.76,0.0,20.95,PayPal,Completed
ORD-105911,2024-02-17,CUST-00526,Carlos Jones,Small Business,Singapore,Asia,Office,Wireless Mouse,1,63.49,0.0,17.06,Credit Card,Completed
ORD-101840,2024-06-14,CUST-00011,Ines Tanaka,Enterprise,United Kingdom,Europe,Beauty,Lip Balm,1,8.55,0.0,14.22,Debit Card,Completed
ORD-101027,2023-03-02,CUST-00364,Lucas Martinez,Consumer,ITALY,Europe,Beauty,Sunscreen SPF50,2,22.73,0.0,18.47,PayPal,Completed
ORD-103302,2024-04-25,CUST-00278,Jennifer Zhang,Consumer,Italy,Europe,Sports & Outdoors,Hiking Backpack,2,134.44,0.0,8.36,PayPal,Completed
ORD-104173,2024-09-05,CUST-00497,Liam Rossi,Consumer,United States,North America,Sports & Outdoors,Water Bottle,1,99.3,0.0,3.29,Credit Card,Completed
ORD-103102,2024-08-08,CUST-00614,Noah Tanaka,Consumer,France,Europe,Sports & Outdoors,Water Bottle,1,16.73,0.0,16.15,PayPal,Completed
ORD-100901,2024-03-24,CUST-00436,Grace Dubois,Consumer,Italy,Europe,Sports & Outdoors,Resistance Bands,1,34.43,0.0,18.05,Debit Card,Completed
ORD-104468,2024-04-16,CUST-00334,David Garcia,Consumer,Germany,Europe,Beauty,Hair Dryer,1,54.78,0.1,9.53,Bank Transfer,Completed
ORD-101205,2024-09-11,CUST-00516,Wei Davis,Consumer,India,Asia,Apparel,Running Shoes,2,89.56,0.1,19.79,Credit Card,Completed
ORD-106532,2024-10-14,CUST-00349,Elizabeth Smith,Consumer,United States,North America,Beauty,Lip Balm,2,47.99,0.0,14.86,PayPal,Completed
ORD-104654,2023-07-31,CUST-00777,Patricia Zhang,Consumer,France,Europe,Electronics,Headphones,4,76.3,0.0,4.83,Credit Card,Cancelled
ORD-105038,2024-01-21,CUST-00155,Linda Dubois,Consumer,France,Europe,Sports & Outdoors,Camping Tent,1,87.92,0.0,14.93,Credit Card,Completed
ORD-104051,2024-07-22,CUST-00781,Elizabeth Brown,Consumer,India,Asia,Home & Kitchen,Throw Pillow,2,42.47,0.0,20.11,Credit Card,Completed
ORD-100553,2023-04-05,CUST-00775,James Rodriguez,Consumer,Canada,North America,Electronics,Smartphone Case,1,87.12,0.0,6.35,Credit Card,Completed
ORD-100407,2024-07-07,CUST-00246,Raj Muller,Consumer,United Kingdom,Europe,Home & Kitchen,Coffee Maker,1,50.59,0.1,2.74,Debit Card,Completed
ORD-106214,2024-04-25,CUST-00460,Grace Rossi,Small Business,Germany,Europe,Beauty,Shampoo,3,29.94,0.0,4.77,Credit Card,Completed
ORD-106445,2024-01-29,CUST-00556,Lucas Rossi,Small Business,Canada,North America,Sports & Outdoors,Hiking Backpack,2,91.37,0.0,4.5,PayPal,Completed
ORD-101614,2023-03-28,CUST-00241,Hiro Kumar,Consumer,United States,North America,Electronics,Smartphone Case,1,218.89,0.0,8.41,Credit Card,Completed
ORD-102935,2024-04-19,CUST-00349,Elizabeth Smith,Consumer,United States,North America,Electronics,USB-C Cable,1,123.48,0.0,17.47,Debit Card,Completed
ORD-105065,2023-12-23,CUST-00776,Priya Nakamura,Consumer,United States,North America,Office,Desk Organizer,3,43.43,0.1,7.64,PayPal,Completed
ORD-103299,2023-06-01,CUST-00756,,Small Business,Germany,Europe,Apparel,Denim Jacket,2,57.64,0.15,3.9,Credit Card,Completed
ORD-102834,2024-02-17,CUST-00646,Mary Williams,Consumer,Spain,Europe,Office,Notebook Set,1,29.27,0.0,17.89,Debit Card,Completed
ORD-102350,2024-05-15,CUST-00379,Patricia Nakamura,Consumer,Germany,Europe,Electronics,Laptop Stand,1,159.42,0.0,18.98,PayPal,Completed
ORD-105843,2023-08-28,CUST-00040,Liam Tanaka,Consumer,Spain,Europe,Beauty,Face Serum,4,11.58,0.0,23.98,PayPal,Completed
ORD-104786,2024-11-29,CUST-00514,Michael Rodriguez,Small Business,CANADA,North America,Apparel,T-Shirt,1,60.34,0.0,17.11,Debit Card,Completed
ORD-103110,2024-11-11,CUST-00075,Emma Muller,Enterprise,UNITED KINGDOM,Europe,Apparel,Baseball Cap,1,76.22,0.0,4.12,PayPal,Cancelled
ORD-101739,2024-02-26,CUST-00434,Grace Davis,Consumer,France,Europe,Home & Kitchen,Cutting Board,1,67.16,0.0,21.28,Credit Card,Completed
ORD-100237,2023-09-11,CUST-00031,Tom Brown,Small Business,GERMANY,Europe,Electronics,Laptop Stand,1,42.14,0.1,23.71,Credit Card,Completed
ORD-106934,2024-01-12,CUST-00053,Patricia Garcia,Small Business,India,Asia,Sports & Outdoors,Camping Tent,1,65.42,0.0,16.57,Credit Card,Returned
ORD-106083,2024-11-20,CUST-00183,Chen Davis,Consumer,India,Asia,Electronics,Smartphone Case,1,118.69,0.05,15.72,Credit Card,Completed
ORD-106080,2024-07-22,CUST-00479,Chen Jones,Enterprise,United States,North America,Home & Kitchen,Coffee Maker,4,66.18,0.0,2.95,Credit Card,Completed
ORD-103164,2024-06-15,CUST-00811,,Small Business,France,Europe,Electronics,Smartphone Case,2,132.85,0.05,17.19,Credit Card,Cancelled
ORD-100500,2023-07-16,CUST-00017,Linda Muller,Consumer,UNITED STATES,North America,Electronics,Headphones,4,212.2,0.0,9.49,PayPal,Completed
ORD-104919,2024-03-23,CUST-00759,Emma Rossi,Consumer,France,Europe,Home & Kitchen,Cutting Board,2,69.24,0.0,17.56,Credit Card,Completed
ORD-103626,2023-07-25,CUST-00458,Emma Dubois,Consumer,Japan,Asia,Beauty,Lip Balm,1,9.76,0.0,23.22,Debit Card,Completed
ORD-103128,2023-12-18,CUST-00740,Olivia Dubois,Enterprise, united kingdom ,Europe,Electronics,Headphones,2,215.23,0.0,13.96,PayPal,Completed
ORD-100795,2024-03-14,CUST-00722,Chen Rodriguez,Small Business,Canada,North America,Electronics,Bluetooth Speaker,1,60.16,0.0,24.49,Credit Card,Completed
ORD-103359,2024-04-12,CUST-00675,Ahmed Smith,Consumer,Germany,Europe,Apparel,Wool Socks,2,71.85,0.0,22.29,Bank Transfer,Completed
ORD-103292,2024-05-11,CUST-00333,David Silva,Consumer,Mexico,South America,Home & Kitchen,Cutting Board,1,56.19,0.0,19.5,Bank Transfer,Completed
ORD-103973,2023-11-11,CUST-00755,Fatima Martinez,Consumer,France,Europe,Home & Kitchen,Storage Bin,1,48.92,0.0,21.02,PayPal,Completed
ORD-100991,2024-03-14,CUST-00086,Grace Tanaka,Small Business,United States,North America,Beauty,Lip Balm,2,20.94,0.05,11.94,Credit Card,Completed
ORD-104664,2023-11-04,CUST-00847,Elizabeth Smith,Consumer,Germany,Europe,Sports & Outdoors,Camping Tent,1,165.81,0.1,20.41,Credit Card,Completed
ORD-102436,2023-05-27,CUST-00162,Lucas Miller,Consumer,United Kingdom,Europe,Office,Wireless Mouse,2,33.72,0.0,21.49,PayPal,Completed
ORD-103377,2024-11-30,CUST-00482,Ines Johnson,Consumer,France,Europe,Electronics,Laptop Stand,1,109.62,0.05,22.97,Gift Card,Completed
ORD-100391,2024-03-03,CUST-00630,Ahmed Brown,Small Business,Germany,Europe,Electronics,Laptop Stand,1,97.29,0.1,13.19,Credit Card,Completed
ORD-104840,2024-06-10,CUST-00272,Olivia Zhang,Consumer,Australia,Oceania,Electronics,USB-C Cable,1,172.03,0.15,5.83,PayPal,Completed
ORD-102401,2023-06-08,CUST-00354,Noah Tanaka,Enterprise,Spain,Europe,Office,Desk Organizer,1,59.7,0.0,18.91,Credit Card,Completed
ORD-101218,2023-08-29,CUST-00786,David Khan,Consumer,GERMANY,Europe,Beauty,Shampoo,2,12.38,0.0,20.83,Credit Card,Completed
ORD-100236,2024-08-29,CUST-00089,Ines Dubois,Consumer,United Kingdom,Europe,Home & Kitchen,Blender,1,132.49,0.0,9.05,Credit Card,Completed
ORD-100332,2024-01-30,CUST-00751,Yuki Kumar,Small Business,United Kingdom,Europe,Sports & Outdoors,Hiking Backpack,1,98.2,0.1,19.3,Credit Card,Completed
ORD-104577,2024-09-28,CUST-00199,Noah Smith,Consumer,India,Asia,Home & Kitchen,Throw Pillow,2,86.8,0.0,24.7,Credit Card,Completed
ORD-106139,2023-11-28,CUST-00284,Wei Nakamura,Consumer,United States,North America,Electronics,Smartphone Case,4,66.34,0.0,11.56,PayPal,Completed
ORD-103189,2024-02-03,CUST-00690,Grace Nakamura,Consumer,Germany,Europe,Electronics,Headphones,1,218.34,0.0,16.78,PayPal,Completed
ORD-105774,2024-06-05,CUST-00781,Elizabeth Brown,Consumer,India,Asia,Electronics,USB-C Cable,1,191.21,0.15,13.94,PayPal,Completed
ORD-100045,2024-08-24,CUST-00107,Linda Garcia,Enterprise,Brazil,South America,Office,Desk Organizer,1,61.77,0.05,5.4,Bank Transfer,Completed
ORD-106245,2023-09-15,CUST-00195,Emma Williams,Consumer,Brazil,South America,Beauty,Hair Dryer,1,12.81,0.0,11.24,Credit Card,Completed
ORD-105565,2024-07-11,CUST-00625,Linda Nakamura,Enterprise,Brazil,South America,Home & Kitchen,Cutting Board,1,43.99,0.0,12.1,Debit Card,Completed
ORD-106665,2024-10-05,CUST-00357,Noah Smith,Consumer,Australia,Oceania,Apparel,T-Shirt,1,76.77,0.0,15.86,Credit Card,Completed
ORD-104217,2023-02-14,CUST-00829,Mary Costa,Consumer,Japan,Asia,Beauty,Shampoo,2,36.04,0.0,7.68,Debit Card,Completed
ORD-103437,2024-01-04,CUST-00307,Tom Miller,Consumer,United States,North America,Home & Kitchen,Coffee Maker,1,33.45,0.05,,Bank Transfer,Completed
ORD-103073,2023-10-29,CUST-00762,Carlos Tanaka,Consumer,United States,North America,Sports & Outdoors,Camping Tent,4,91.17,0.0,10.17,Debit Card,Completed
ORD-103135,2024-02-04,CUST-00008,Carlos Davis,Enterprise,Australia,Oceania,Apparel,T-Shirt,1,79.98,0.05,7.2,Credit Card,Completed
ORD-105369,2024-08-14,CUST-00724,Ana Kumar,Consumer,Canada,North America,Electronics,Bluetooth Speaker,1,106.36,0.0,17.52,Debit Card,Completed
ORD-104046,2024-04-17,CUST-00497,Liam Rossi,Consumer,United States,North America,Sports & Outdoors,Camping Tent,1,125.9,0.0,15.29,Debit Card,Completed
ORD-105023,2024-04-07,CUST-00070,James Muller,,Germany,Europe,Home & Kitchen,Cutting Board,1,70.95,0.0,3.08,Credit Card,Completed
ORD-101595,2024-12-15,CUST-00327,Emma Kumar,Consumer,Mexico,South America,Office,Standing Desk Mat,1,32.69,0.0,14.22,Gift Card,Completed
ORD-100224,2023-04-16,CUST-00441,Linda Martinez,Consumer,United States,North America,Beauty,Sunscreen SPF50,1,59.46,0.0,20.71,Credit Card,Completed
ORD-104863,2024-02-03,CUST-00274,Jennifer Garcia,Consumer,Spain,Europe,Office,Pen Pack,1,56.34,0.0,10.69,Debit Card,Returned
ORD-104710,2024-06-17,CUST-00060,Grace Nakamura,Enterprise,India,Asia,Sports & Outdoors,Camping Tent,1,146.4,0.0,10.59,PayPal,Returned
ORD-102892,2024-06-10,CUST-00329,Chen Brown,Enterprise,United Kingdom,Europe,Electronics,USB-C Cable,3,93.24,0.0,17.56,PayPal,Completed
ORD-101246,2024-10-22,CUST-00140,Chen Khan,Consumer,Brazil,South America,Apparel,Baseball Cap,1,23.8,0.0,13.95,Credit Card,Completed
ORD-101541,2024-08-09,CUST-00169,Ana Kumar,Small Business,United Kingdom,Europe,Beauty,Face Serum,1,57.21,0.0,13.02,Debit Card,Completed
ORD-103538,2024-05-08,CUST-00563,Elizabeth Kumar,Consumer, france ,Europe,Office,Desk Organizer,1,7.24,0.05,13.94,PayPal,Completed
ORD-104149,2024-07-12,CUST-00224,Hiro Rodriguez,Consumer,France,Europe,Apparel,Wool Socks,1,60.31,0.0,22.49,Credit Card,Completed
ORD-104626,2024-04-16,CUST-00609,Grace Tanaka,Consumer,France,Europe,Sports & Outdoors,Hiking Backpack,2,20.81,0.0,2.64,PayPal,Completed
ORD-102534,2024-04-17,CUST-00383,Linda Tanaka,Small Business,Germany,Europe,Sports & Outdoors,Hiking Backpack,1,45.13,0.05,10.02,PayPal,Cancelled
ORD-105996,2023-10-29,CUST-00610,Yuki Martinez,Enterprise,Germany,Europe,Beauty,Lip Balm,1,1454.8475465268893,0.0,18.38,PayPal,Completed
ORD-104874,2024-05-28,CUST-00367,David Rossi,Consumer,United States,North America,Sports & Outdoors,Camping Tent,1,117.15,0.1,2.38,Debit Card,Completed
ORD-100819,2023-12-05,CUST-00794,Sofia Muller,Small Business,Canada,North America,Home & Kitchen,Throw Pillow,1,52.76,0.0,4.48,Gift Card,Completed
ORD-103459,2024-10-18,CUST-00702,Ines Dubois,Small Business,India,Asia,Electronics,Headphones,3,116.54,0.0,21.27,PayPal,Completed
ORD-100156,2023-11-05,CUST-00182,Fatima Nakamura,Consumer,Germany,Europe,Electronics,USB-C Cable,1,194.53,0.0,24.06,Bank Transfer,Completed
ORD-106954,2024-09-26,CUST-00607,Noah Martinez,Small Business,Brazil,South America,Apparel,Baseball Cap,1,34.52,0.15,14.1,Credit Card,Completed
ORD-100249,2024-05-29,CUST-00785,Ana Jones,Consumer,Germany,Europe,Office,Pen Pack,1,61.29,0.05,5.15,Debit Card,Completed
ORD-104858,2024-03-02,CUST-00252,Ines Martinez,,Canada,North America,Sports & Outdoors,Water Bottle,1,38.36,0.0,2.19,Bank Transfer,Completed
ORD-105991,2024-08-22,CUST-00199,Noah Smith,Consumer,India,Asia,Beauty,Hair Dryer,3,23.08,0.0,16.54,Credit Card,Completed
ORD-103928,2024-07-17,CUST-00051,Wei Costa,Enterprise,United States,North America,Electronics,Bluetooth Speaker,1,204.04,0.0,4.99,Credit Card,Completed
ORD-106126,2023-10-18,CUST-00416,Wei Garcia,Small Business,United States,North America,Electronics,Bluetooth Speaker,1,95.27,0.0,21.52,Credit Card,Completed
ORD-104015,2024-04-26,CUST-00460,Grace Rossi,Small Business,Germany,Europe,Electronics,Smartphone Case,1,128.12,0.05,16.39,Credit Card,Completed
ORD-102637,2024-10-05,CUST-00146,Sofia Jones,Consumer,Germany,Europe,Beauty,Hair Dryer,2,25.69,0.0,21.62,Credit Card,Completed
ORD-105227,2024-05-29,CUST-00649,John Costa,Enterprise,United States,North America,Apparel,Baseball Cap,1,36.54,0.1,21.89,Credit Card,Completed
ORD-104639,2023-07-25,CUST-00664,Noah Brown,Consumer,Italy,Europe,Beauty,Sunscreen SPF50,1,14.41,0.0,15.66,Credit Card,Completed
ORD-100794,2023-07-27,CUST-00617,Elizabeth Rodriguez,Small Business,Canada,North America,Electronics,USB-C Cable,1,106.82,0.05,3.33,PayPal,Completed
ORD-101726,2024-03-22,CUST-00129,John Davis,Enterprise,INDIA,Asia,Apparel,Baseball Cap,5,26.23,0.1,15.81,Bank Transfer,Completed
ORD-103190,2023-12-27,CUST-00401,James Zhang,Consumer,Singapore,Asia,Beauty,Shampoo,1,49.91,0.0,18.3,Credit Card,Completed
ORD-102650,2024-10-22,CUST-00298,James Nakamura,Consumer,United States,North America,Apparel,Baseball Cap,1,68.91,0.05,19.57,Debit Card,Completed
ORD-100629,2024-06-02,CUST-00721,Mia Rodriguez,Consumer,UNITED KINGDOM,Europe,Home & Kitchen,Cutting Board,1,61.89,0.0,16.66,Bank Transfer,Completed
ORD-106295,2024-08-13,CUST-00004,Chen Martinez,Consumer,Brazil,South America,Apparel,Wool Socks,3,68.13,0.05,23.43,Credit Card,Completed
ORD-106742,2024-01-03,CUST-00157,John Williams,Consumer,United Kingdom,Europe,Beauty,Shampoo,1,20.23,0.0,2.5,Credit Card,Completed
ORD-102340,2024-05-19,CUST-00258,Robert Zhang,Consumer,Singapore,Asia,Home & Kitchen,Storage Bin,1,93.51,0.0,8.54,Debit Card,Completed
ORD-106928,2024-08-08,CUST-00019,Liam Tanaka,Small Business,Germany,Europe,Apparel,T-Shirt,1,75.47,0.0,11.8,Credit Card,Completed
ORD-105464,2024-09-04,CUST-00352,Ana Williams,Consumer,Italy,Europe,Home & Kitchen,Storage Bin,1,113.38,0.0,8.65,Bank Transfer,Completed
ORD-101621,2023-09-30,CUST-00147,Noah Tanaka,Small Business,Australia,Oceania,Office,Pen Pack,1,10.82,0.15,17.15,Credit Card,Completed
ORD-101452,2023-09-17,CUST-00222,Yuki Johnson,Consumer,India,Asia,Home & Kitchen,Blender,1,81.46,0.0,19.26,Bank Transfer,Completed
ORD-102903,2024-03-04,CUST-00663,,Small Business,Mexico,South America,Electronics,Smartphone Case,1,99.0,0.1,14.13,Bank Transfer,Cancelled
ORD-105168,2024-04-13,CUST-00058,Lucas Kumar,Consumer,Brazil,South America,Beauty,Face Serum,1,31.27,0.0,5.55,PayPal,Completed
ORD-104651,2024-02-26,CUST-00660,Olivia Dubois,Small Business,United States,North America,Apparel,Wool Socks,1,14.58,0.0,21.21,Debit Card,Completed
ORD-101829,2023-12-23,CUST-00544,Noah Rodriguez,Consumer,Australia,Oceania,Apparel,Baseball Cap,3,71.18,0.0,2.44,Debit Card,Completed
ORD-100827,2024-11-03,CUST-00840,,Consumer,United States,North America,Sports & Outdoors,Resistance Bands,1,148.42,0.0,8.71,Credit Card,Completed
ORD-101640,2024-04-30,CUST-00703,Ahmed Tanaka,Enterprise,United Kingdom,Europe,Apparel,Running Shoes,3,80.08,0.0,24.07,Gift Card,Returned
ORD-103865,2024-06-04,CUST-00440,Robert Smith,Small Business,Australia,Oceania,Apparel,T-Shirt,4,29.13,0.0,3.27,Credit Card,Completed
ORD-106081,2024-04-03,CUST-00640,John Tanaka,Consumer,BRAZIL,South America,Home & Kitchen,Blender,2,86.47,0.0,14.31,Gift Card,Completed
ORD-102914,2024-06-29,CUST-00765,Olivia Silva,Consumer,United Kingdom,Europe,Home & Kitchen,Coffee Maker,3,58.93,0.15,14.39,PayPal,Completed
ORD-105934,2024-05-13,CUST-00774,Lucas Dubois,Consumer,United States,North America,Apparel,Denim Jacket,1,68.34,0.0,4.36,Credit Card,Completed
ORD-103792,2024-06-20,CUST-00129,John Davis,Enterprise,India,Asia,Beauty,Lip Balm,3,20.06,0.0,17.21,Credit Card,Completed
ORD-102940,2024-01-29,CUST-00264,Patricia Silva,Consumer,United Kingdom,Europe,Electronics,USB-C Cable,3,197.78,0.1,24.75,PayPal,Completed
ORD-103421,2024-07-01,CUST-00454,Olivia Brown,Small Business,United Kingdom,Europe,Apparel,Denim Jacket,2,63.54,0.0,23.87,Bank Transfer,Completed
ORD-103997,2024-07-25,CUST-00351,Ines Muller,Consumer,Canada,North America,Electronics,Bluetooth Speaker,3,18.44,0.0,17.96,Bank Transfer,Completed
ORD-103768,2024-03-20,CUST-00654,Mary Silva,Small Business,United Kingdom,Europe,Beauty,Shampoo,2,32.86,0.0,22.71,Bank Transfer,Completed
ORD-100536,2023-10-05,CUST-00124,Ana Rossi,Small Business,Canada,North America,Sports & Outdoors,Yoga Mat,3,165.35,0.0,21.33,PayPal,Completed
ORD-105907,2024-01-18,CUST-00315,Lucas Brown,Consumer,Germany,Europe,Electronics,Headphones,1,94.65,0.0,15.13,Credit Card,Completed
ORD-102664,2024-11-21,CUST-00346,Jennifer Silva,Consumer,United Kingdom,Europe,Apparel,T-Shirt,2,68.14,0.05,20.16,Credit Card,Completed
ORD-100155,2024-06-26,CUST-00382,Ines Costa,Consumer,United Kingdom,Europe,Apparel,Running Shoes,1,15.64,0.0,6.39,PayPal,Completed
ORD-103242,2023-05-23,CUST-00542,Hiro Johnson,Consumer,India,Asia,Home & Kitchen,Storage Bin,1,145.52,0.0,14.37,Credit Card,Completed
ORD-105597,2023-11-17,CUST-00369,Linda Williams,Small Business,United States,North America,Electronics,Smartphone Case,1,183.52,0.0,7.18,Debit Card,Completed
ORD-103150,2024-01-09,CUST-00433,Emma Johnson,Consumer,India,Asia,Electronics,Smartphone Case,1,176.42,0.0,8.36,Gift Card,Completed
ORD-102953,2024-10-02,CUST-00538,Hiro Khan,Small Business,United Kingdom,Europe,Electronics,USB-C Cable,3,207.73,0.0,11.06,Credit Card,Completed
ORD-101312,2023-02-21,CUST-00049,Noah Martinez,Consumer,United Kingdom,Europe,Beauty,Hair Dryer,1,36.52,0.15,19.85,Credit Card,Cancelled
ORD-100323,2024-03-25,CUST-00626,Olivia Khan,Consumer,United Kingdom,Europe,Electronics,Bluetooth Speaker,2,132.76,0.0,23.43,PayPal,Completed
ORD-105807,2024-09-04,CUST-00447,Tom Rossi,Consumer, united states ,North America,Apparel,Denim Jacket,2,31.62,0.0,23.27,Bank Transfer,Completed
ORD-104111,2023-03-02,CUST-00583,Priya Tanaka,Consumer,Germany,Europe,Sports & Outdoors,Resistance Bands,1,159.84,0.0,22.15,Credit Card,Completed
ORD-103331,2024-09-18,CUST-00791,Linda Martinez,Consumer,United Kingdom,Europe,Sports & Outdoors,Hiking Backpack,1,75.66,0.0,3.71,Credit Card,Completed
ORD-103986,2023-06-15,CUST-00313,Lucas Dubois,Consumer,Australia,Oceania,Beauty,Lip Balm,1,36.26,0.0,6.43,Debit Card,Returned
ORD-101799,2024-10-13,CUST-00148,Sofia Brown,Small Business,United States,North America,Office,Pen Pack,1,4.32,0.0,9.4,Credit Card,Completed
ORD-106090,2024-03-05,CUST-00141,David Muller,Consumer,United States,North America,Sports & Outdoors,Camping Tent,2,24.31,0.1,8.8,Credit Card,Completed
ORD-100083,2024-03-19,CUST-00033,Lucas Davis,Consumer,United States,North America,Home & Kitchen,Coffee Maker,1,110.86,0.0,13.2,Bank Transfer,Completed
ORD-102561,2024-05-08,CUST-00235,Jennifer Brown,Small Business,UNITED KINGDOM,Europe,Apparel,Baseball Cap,1,48.98,0.0,17.22,Gift Card,Completed
ORD-101944,2023-09-14,CUST-00744,Patricia Muller,Consumer,Italy,Europe,Home & Kitchen,Cutting Board,1,133.1,0.15,4.47,Credit Card,Completed
ORD-101989,2024-05-12,CUST-00486,,Consumer,Germany,Europe,Electronics,Bluetooth Speaker,1,99.48,0.0,21.47,Credit Card,Completed
ORD-103537,2024-04-29,CUST-00649,John Costa,Enterprise,UNITED STATES,North America,Apparel,Denim Jacket,1,16.25,0.0,3.5,Gift Card,Completed
ORD-105480,2024-03-01,CUST-00600,Linda Garcia,Consumer,Spain,Europe,Beauty,Hair Dryer,2,19.88,0.15,16.5,PayPal,Completed
ORD-101575,2023-12-20,CUST-00738,Ana Martinez,Small Business,GERMANY,Europe,Beauty,Lip Balm,1,25.5,0.0,11.06,Credit Card,Completed
ORD-102978,2024-07-05,CUST-00432,Priya Miller,Consumer,United Kingdom,Europe,Beauty,Shampoo,1,31.47,0.0,6.27,Credit Card,Completed
ORD-102724,2024-08-24,CUST-00616,Ahmed Silva,Consumer,Italy,Europe,Beauty,Face Serum,2,48.64,0.0,23.46,Gift Card,Completed
ORD-103406,2024-05-04,CUST-00635,James Costa,Consumer, spain ,Europe,Sports & Outdoors,Resistance Bands,1,111.05,0.0,12.98,Credit Card,Completed
ORD-102059,2024-09-01,CUST-00065,James Williams,Small Business,UNITED STATES,North America,Electronics,USB-C Cable,1,44.36,0.0,,PayPal,Completed
ORD-101763,2024-06-15,CUST-00738,Ana Martinez,Small Business,Germany,Europe,Sports & Outdoors,Yoga Mat,5,116.2,0.0,2.36,PayPal,Completed
ORD-101495,2024-01-29,CUST-00545,Emma Silva,, mexico ,South America,Beauty,Hair Dryer,2,29.61,0.0,7.22,Credit Card,Completed
ORD-104928,2024-11-01,CUST-00717,Sofia Khan,Consumer,Italy,Europe,Sports & Outdoors,Resistance Bands,1,105.09,0.15,11.75,PayPal,Completed
ORD-102081,2024-10-28,CUST-00286,,Small Business,Australia,Oceania,Sports & Outdoors,Water Bottle,1,63.88,0.1,3.98,Credit Card,Completed
ORD-101175,2024-10-27,CUST-00502,Olivia Rodriguez,Small Business,Germany,Europe,Apparel,Denim Jacket,1,59.55,0.0,10.86,Bank Transfer,Returned
ORD-104510,2024-04-24,CUST-00055,Grace Jones,Consumer,France,Europe,Home & Kitchen,Coffee Maker,3,94.06,0.1,12.19,Debit Card,Completed
ORD-102629,2023-08-15,CUST-00437,Grace Johnson,Enterprise,United Kingdom,Europe,Sports & Outdoors,Resistance Bands,1,50.06,0.0,13.0,Debit Card,Completed
ORD-105914,2024-03-02,CUST-00355,Ana Garcia,Small Business,United Kingdom,Europe,Beauty,Lip Balm,2,28.41,0.0,2.69,PayPal,Completed
ORD-104262,2024-09-25,CUST-00089,Ines Dubois,Consumer,United Kingdom,Europe,Electronics,Headphones,1,125.13,0.15,22.96,Bank Transfer,Completed
ORD-106582,2024-09-11,CUST-00325,Priya Williams,Enterprise,United Kingdom,Europe,Sports & Outdoors,Resistance Bands,2,26.3,0.05,17.65,Credit Card,Completed
ORD-106252,2024-06-19,CUST-00624,Yuki Costa,Consumer,Germany,Europe,Electronics,Headphones,2,55.48,0.15,10.31,PayPal,Completed
ORD-100615,2023-11-28,CUST-00640,John Tanaka,Consumer,Brazil,South America,Office,Notebook Set,1,69.28,0.0,3.77,PayPal,Completed
ORD-103094,2024-04-03,CUST-00448,Priya Costa,Consumer,France,Europe,Electronics,Bluetooth Speaker,2,59.3,0.0,23.67,Credit Card,Completed
ORD-103451,2024-10-22,CUST-00781,Elizabeth Brown,Consumer,India,Asia,Apparel,Wool Socks,2,31.52,0.0,22.29,PayPal,Returned
ORD-101015,2024-10-25,CUST-00324,Tom Jones,Consumer,United States,North America,Apparel,Running Shoes,1,37.88,0.0,21.96,Bank Transfer,Completed
ORD-106234,2024-09-07,CUST-00145,Chen Muller,Small Business,United States,North America,Electronics,Smartphone Case,1,76.56,0.0,8.53,Bank Transfer,Completed
ORD-103058,2024-07-12,CUST-00546,John Rodriguez,Consumer,Brazil,South America,Electronics,Smartphone Case,2,83.19,0.0,10.13,Credit Card,Completed
ORD-106794,2023-11-15,CUST-00810,Mary Muller,Small Business,India,Asia,Electronics,Laptop Stand,1,40.21,0.0,7.97,Debit Card,Completed
ORD-105334,2024-04-17,CUST-00649,John Costa,Enterprise,United States,North America,Home & Kitchen,Cutting Board,1,106.41,0.0,3.09,Credit Card,Completed
ORD-103906,2024-04-02,CUST-00402,Priya Tanaka,Consumer,United States,North America,Office,Desk Organizer,1,44.12,0.05,10.31,Credit Card,Completed
ORD-102182,2024-11-02,CUST-00096,Tom Rodriguez,Consumer,United Kingdom,Europe,Apparel,Denim Jacket,1,68.07,0.15,3.29,Credit Card,Completed
ORD-103419,2024-01-21,CUST-00806,Wei Williams,Consumer,France,Europe,Sports & Outdoors,Hiking Backpack,4,37.61,0.1,13.74,Credit Card,Returned
ORD-104652,2024-03-20,CUST-00006,Sofia Jones,Consumer,United States,North America,Electronics,Smartphone Case,1,187.19,0.0,16.77,Bank Transfer,Completed
ORD-103101,2023-12-02,CUST-00263,Ana Costa,Consumer,Japan,Asia,Apparel,Running Shoes,4,47.76,0.0,22.19,PayPal,Completed
ORD-106465,2024-10-05,CUST-00111,Jennifer Tanaka,Consumer,India,Asia,Electronics,Laptop Stand,1,123.25,0.0,9.94,Credit Card,Completed
ORD-106870,2024-10-12,CUST-00828,Grace Jones,Consumer,United Kingdom,Europe,Sports & Outdoors,Resistance Bands,1,76.32,0.05,3.27,Credit Card,Completed
ORD-101212,2024-03-08,CUST-00353,Ines Dubois,Consumer,France,Europe,Beauty,Face Serum,1,25.35,0.0,15.09,Credit Card,Completed
ORD-106841,2023-10-10,CUST-00654,Mary Silva,Small Business,United Kingdom,Europe,Beauty,Shampoo,1,23.41,0.1,14.15,Credit Card,Completed
ORD-100635,2023-12-03,CUST-00456,Tom Kumar,Consumer,United States,North America,Beauty,Sunscreen SPF50,1,36.21,0.0,21.03,Bank Transfer,Completed
ORD-101056,2024-06-07,CUST-00072,Chen Costa,Small Business,India,Asia,Home & Kitchen,Storage Bin,2,85.49,0.0,5.22,Credit Card,Completed
ORD-102341,2023-11-14,CUST-00361,Fatima Jones,Enterprise,Brazil,South America,Sports & Outdoors,Hiking Backpack,2,153.81,0.05,8.16,Gift Card,Completed
ORD-105805,2024-03-07,CUST-00126,Tom Williams,Enterprise,Germany,Europe,Beauty,Lip Balm,1,46.18,0.0,6.96,Credit Card,Completed
ORD-100797,2024-04-15,CUST-00577,Ana Smith,Consumer,Brazil,South America,Home & Kitchen,Coffee Maker,2,22.07,0.0,18.79,Bank Transfer,Completed
ORD-105188,2024-12-01,CUST-00541,Michael Jones,Consumer,Japan,Asia,Electronics,Smartphone Case,1,80.17,0.0,4.7,Credit Card,Completed
ORD-104271,2024-04-14,CUST-00679,,Small Business,Brazil,South America,Office,Notebook Set,1,54.09,0.1,21.29,Debit Card,Completed
ORD-102815,2024-09-29,CUST-00705,Hiro Brown,Small Business,United States,North America,Apparel,Running Shoes,3,36.02,0.0,3.91,Credit Card,Completed
ORD-104342,2023-04-29,CUST-00098,Patricia Johnson,Enterprise,United States,North America,Apparel,Wool Socks,1,29.78,0.0,10.02,PayPal,Completed
ORD-101081,2023-10-10,CUST-00620,Carlos Garcia,Consumer,Canada,North America,Home & Kitchen,Throw Pillow,2,29.33,0.0,23.7,Debit Card,Completed
ORD-101655,2024-03-16,CUST-00398,Ines Davis,Small Business,Mexico,South America,Electronics,Bluetooth Speaker,1,194.56,0.0,16.29,Debit Card,Completed
ORD-101608,2024-09-05,CUST-00040,Liam Tanaka,Consumer,Spain,Europe,Electronics,Laptop Stand,1,171.92,0.0,10.24,PayPal,Completed
ORD-100145,2024-07-19,CUST-00318,Carlos Jones,Consumer,United States,North America,Electronics,Laptop Stand,1,73.08,0.0,10.44,Credit Card,Completed
ORD-104242,2024-06-17,CUST-00433,Emma Johnson,Consumer,India,Asia,Apparel,Wool Socks,1,47.21,0.0,19.61,Debit Card,Completed
ORD-100091,2024-02-01,CUST-00733,James Johnson,,Canada,North America,Apparel,Running Shoes,1,56.91,0.0,17.96,PayPal,Completed
ORD-100683,2024-09-03,CUST-00142,John Johnson,Small Business,Japan,Asia,Apparel,T-Shirt,1,34.78,0.0,20.23,PayPal,Completed
ORD-104407,2024-08-12,CUST-00718,John Smith,Small Business,Japan,Asia,Home & Kitchen,Throw Pillow,3,139.58,0.0,16.09,Credit Card,Completed
ORD-103432,2023-06-20,CUST-00659,Grace Brown,Consumer,Germany,Europe,Home & Kitchen,Coffee Maker,1,102.04,0.0,15.38,Bank Transfer,Completed
ORD-100094,2024-03-22,CUST-00799,Elizabeth Zhang,Enterprise,Canada,North America,Home & Kitchen,Throw Pillow,2,29.36,0.2,2.65,Debit Card,Returned
ORD-100835,2024-02-24,CUST-00561,,Small Business,INDIA,Asia,Beauty,Face Serum,3,58.45,0.0,20.69,Credit Card,Completed
ORD-106053,2024-12-22,CUST-00840,James Jones,Consumer,United States,North America,Beauty,Face Serum,4,21.52,0.0,19.69,Credit Card,Completed
ORD-105021,2024-05-20,CUST-00534,Grace Garcia,Enterprise,United States,North America,Electronics,Headphones,1,206.05,0.0,16.65,Credit Card,Completed
ORD-106791,2024-05-12,CUST-00127,Ana Davis,Small Business,France,Europe,Beauty,Face Serum,3,34.43,0.0,24.88,PayPal,Completed
ORD-106006,2024-11-12,CUST-00369,Linda Williams,Small Business,United States,North America,Office,Pen Pack,2,68.86,0.0,3.55,Credit Card,Completed
ORD-105132,2024-02-28,CUST-00082,Wei Kumar,Small Business,Australia,Oceania,Apparel,Baseball Cap,1,21.36,0.05,3.59,Credit Card,Returned
ORD-101401,2024-11-21,CUST-00479,Chen Jones,Enterprise,United States,North America,Sports & Outdoors,Yoga Mat,1,46.44,0.05,9.34,Credit Card,Completed
ORD-103980,2024-08-07,CUST-00057,Tom Miller,Enterprise,United Kingdom,Europe,Beauty,Lip Balm,1,5.23,0.1,21.6,Credit Card,Completed
ORD-102292,2024-01-27,CUST-00644,Elizabeth Rodriguez,Small Business,Spain,Europe,Apparel,Wool Socks,1,70.44,0.0,23.16,Credit Card,Completed
ORD-101501,2024-03-25,CUST-00240,Elizabeth Williams,Small Business,Brazil,South America,Office,Standing Desk Mat,1,50.86,0.2,22.6,Debit Card,Completed
ORD-102263,2024-02-21,CUST-00531,Michael Brown,Consumer,Brazil,South America,Apparel,Running Shoes,1,37.4,0.15,18.85,Credit Card,Returned
ORD-101469,2024-04-25,CUST-00554,Linda Smith,Consumer,Spain,Europe,Home & Kitchen,Cutting Board,1,1297.0405226387816,0.1,12.88,Debit Card,Returned
ORD-103929,2024-08-24,CUST-00252,Ines Martinez,Small Business,Canada,North America,Electronics,Bluetooth Speaker,1,80.18,0.0,4.25,Credit Card,Cancelled
ORD-103246,2024-01-28,CUST-00072,Chen Costa,Small Business,India,Asia,Apparel,Baseball Cap,3,63.95,0.0,4.17,Credit Card,Completed
ORD-100999,2024-07-27,CUST-00179,Wei Smith,Consumer, france ,Europe,Electronics,Headphones,1,64.58,0.0,20.17,Debit Card,Completed
ORD-100854,2023-06-19,CUST-00517,Jennifer Miller,Consumer,United States,North America,Home & Kitchen,Coffee Maker,2,83.86,0.0,8.33,Debit Card,Completed
ORD-103876,2023-10-29,CUST-00610,,Enterprise,Germany,Europe,Office,Notebook Set,1,56.14,0.15,7.67,Credit Card,Completed
ORD-106570,2024-05-20,CUST-00362,,Enterprise,India,Asia,Sports & Outdoors,Hiking Backpack,1,92.8,0.05,9.58,PayPal,Completed
ORD-106301,2024-08-29,CUST-00767,Raj Smith,Small Business,Brazil,South America,Apparel,T-Shirt,1,62.88,0.0,14.79,Credit Card,Completed
ORD-101143,2023-09-05,CUST-00306,Wei Nakamura,Consumer,United States,North America,Home & Kitchen,Storage Bin,1,82.18,0.0,8.24,Credit Card,Returned
ORD-105240,2024-05-27,CUST-00295,Olivia Dubois,Consumer,United States,North America,Sports & Outdoors,Yoga Mat,4,138.04,0.0,16.28,PayPal,Completed
ORD-102275,2024-06-06,CUST-00373,,Small Business,Canada,North America,Beauty,Face Serum,2,20.22,0.0,18.25,PayPal,Completed
ORD-106145,2024-08-15,CUST-00285,Ines Rossi,,United States,North America,Sports & Outdoors,Water Bottle,1,13.79,0.15,4.94,Debit Card,Completed
ORD-104498,2023-06-29,CUST-00258,Robert Zhang,Consumer,Singapore,Asia,Office,Standing Desk Mat,1,39.94,0.0,2.27,Credit Card,Completed
ORD-101104,2024-11-08,CUST-00191,Raj Miller,,Germany,Europe,Apparel,Denim Jacket,1,78.53,0.0,20.63,PayPal,Completed
ORD-100085,2023-04-18,CUST-00784,Elizabeth Smith,Consumer,AUSTRALIA,Oceania,Apparel,T-Shirt,3,13.87,0.15,14.56,PayPal,Completed
ORD-102211,2024-09-24,CUST-00030,Yuki Martinez,Consumer,Germany,Europe,Beauty,Face Serum,1,51.4,0.0,8.68,Gift Card,Completed
ORD-106960,2024-09-19,CUST-00194,Priya Miller,Consumer,France,Europe,Sports & Outdoors,Hiking Backpack,1,45.07,0.1,10.71,Credit Card,Completed
ORD-104211,2024-01-22,CUST-00230,Raj Nakamura,Small Business,France,Europe,Apparel,Baseball Cap,2,13.83,0.0,22.84,Credit Card,Completed
ORD-106623,2023-01-17,CUST-00036,Linda Tanaka,Consumer,Canada,North America,Electronics,Headphones,2,106.7,0.0,8.04,PayPal,Completed
ORD-105682,2023-11-22,CUST-00827,John Davis,Enterprise,Germany,Europe,Home & Kitchen,Storage Bin,1,105.15,0.0,14.57,PayPal,Completed
ORD-103441,2023-10-01,CUST-00076,Tom Dubois,Consumer,France,Europe,Home & Kitchen,Storage Bin,1,47.1,0.0,17.35,PayPal,Completed
ORD-101568,2023-07-19,CUST-00597,Mia Rossi,Consumer,India,Asia,Sports & Outdoors,Camping Tent,1,79.27,0.0,12.05,Credit Card,Cancelled
ORD-105598,2023-09-15,CUST-00069,Tom Smith,Consumer,United States,North America,Office,Pen Pack,1,17.69,0.15,9.2,PayPal,Completed
ORD-101661,2024-07-27,CUST-00348,Elizabeth Muller,Small Business,ITALY,Europe,Sports & Outdoors,Resistance Bands,1,22.34,0.0,23.19,Debit Card,Completed
ORD-101557,2023-07-17,CUST-00203,Sofia Rossi,Consumer,India,Asia,Electronics,USB-C Cable,1,124.0,0.0,19.36,Credit Card,Completed
ORD-106104,2024-08-17,CUST-00046,David Smith,Enterprise,Germany,Europe,Beauty,Hair Dryer,1,47.08,0.0,4.17,PayPal,Completed
ORD-104722,2024-09-10,CUST-00201,Raj Martinez,Small Business,Brazil,South America,Electronics,Headphones,2,28.6,0.0,12.28,Bank Transfer,Completed
ORD-103765,2023-10-14,CUST-00458,Emma Dubois,Consumer,Japan,Asia,Sports & Outdoors,Camping Tent,1,31.21,0.15,16.61,PayPal,Cancelled
ORD-103585,2024-04-29,CUST-00112,Emma Rossi,Consumer,Spain,Europe,Apparel,Wool Socks,1,10.61,0.0,8.33,Credit Card,Completed
ORD-101886,2023-02-27,CUST-00664,Noah Brown,Consumer,Italy,Europe,Electronics,Smartphone Case,1,215.63,0.0,24.21,Credit Card,Completed
ORD-103145,2023-10-14,CUST-00838,Yuki Rodriguez,Consumer,United States,North America,Beauty,Face Serum,2,40.83,0.0,22.23,PayPal,Completed
ORD-101867,2024-03-19,CUST-00535,David Muller,Small Business, canada ,North America,Sports & Outdoors,Resistance Bands,2,19.2,0.1,7.26,Credit Card,Completed
ORD-105049,2023-09-14,CUST-00795,Sofia Brown,Consumer,United States,North America,Apparel,Wool Socks,1,24.17,0.2,22.52,Credit Card,Completed
ORD-106403,2024-08-30,CUST-00182,Fatima Nakamura,Consumer,Germany,Europe,Office,Wireless Mouse,1,57.66,0.05,16.51,PayPal,Completed
ORD-104721,2024-03-27,CUST-00513,Linda Khan,Small Business,Japan,Asia,Beauty,Sunscreen SPF50,2,10.58,0.0,,Debit Card,Completed
ORD-102875,2023-09-17,CUST-00797,Wei Tanaka,Consumer,Spain,Europe,Apparel,Wool Socks,2,46.76,0.0,5.94,PayPal,Completed
ORD-104331,2024-11-13,CUST-00431,Priya Martinez,Small Business,France,Europe,Apparel,Baseball Cap,1,18.49,0.0,22.21,PayPal,Returned
ORD-106280,2024-06-17,CUST-00268,Fatima Miller,Enterprise,Spain,Europe,Electronics,Bluetooth Speaker,1,144.13,0.05,3.01,Credit Card,Completed
ORD-103589,2024-03-05,CUST-00178,John Tanaka,Consumer,Italy,Europe,Beauty,Sunscreen SPF50,2,47.06,0.0,6.92,PayPal,Completed
ORD-103268,2024-11-29,CUST-00687,James Williams,Consumer,Brazil,South America,Electronics,Headphones,1,58.8,0.0,14.54,Bank Transfer,Completed
ORD-102885,2024-04-18,CUST-00683,Wei Rodriguez,Consumer,United States,North America,Office,Desk Organizer,1,9.97,0.0,13.73,PayPal,Completed
ORD-102891,2024-07-03,CUST-00044,Jennifer Zhang,Consumer,Brazil,South America,Beauty,Lip Balm,1,10.06,0.0,22.64,Gift Card,Completed
ORD-106131,2024-08-18,CUST-00634,James Johnson,Consumer,United States,North America,Sports & Outdoors,Yoga Mat,1,132.99,0.0,3.4,Bank Transfer,Completed
ORD-103008,2024-08-29,CUST-00630,Ahmed Brown,Small Business,Germany,Europe,Beauty,Lip Balm,1,13.03,0.1,7.75,Credit Card,Completed
ORD-101827,2024-04-09,CUST-00226,Mary Davis,Enterprise,Germany,Europe,Electronics,USB-C Cable,1,85.41,0.0,14.57,PayPal,Completed
ORD-103924,2024-10-10,CUST-00448,Priya Costa,Consumer,France,Europe,Electronics,Headphones,2,154.66,0.0,4.59,Debit Card,Completed
ORD-106910,2024-07-09,CUST-00466,Tom Brown,Consumer,Brazil,South America,Electronics,Bluetooth Speaker,3,166.33,0.0,21.36,PayPal,Completed
ORD-102641,2023-07-30,CUST-00798,Wei Khan,Consumer,United States,North America,Home & Kitchen,Cutting Board,1,11.06,0.05,20.05,Credit Card,Completed
ORD-105411,2024-08-18,CUST-00607,Noah Martinez,Small Business,Brazil,South America,Apparel,Wool Socks,1,67.08,0.0,22.45,PayPal,Completed
ORD-101526,2023-09-17,CUST-00332,Fatima Jones,Enterprise,Germany,Europe,Office,Notebook Set,1,49.12,0.2,20.58,Credit Card,Completed
ORD-101563,2024-09-14,CUST-00236,Mary Zhang,Small Business,Japan,Asia,Home & Kitchen,Coffee Maker,1,58.02,0.0,10.25,Debit Card,Completed
ORD-105849,2024-10-07,CUST-00241,Hiro Kumar,Consumer,United States,North America,Home & Kitchen,Cutting Board,2,128.46,0.0,16.88,Credit Card,Completed
ORD-105702,2024-03-10,CUST-00789,Patricia Muller,Small Business,Canada,North America,Electronics,Smartphone Case,2,204.73,0.0,2.52,Bank Transfer,Completed
ORD-100344,2023-05-28,CUST-00092,Ahmed Zhang,Small Business,United Kingdom,Europe,Apparel,Wool Socks,2,40.1,0.05,10.64,PayPal,Completed
ORD-102543,2024-01-22,CUST-00197,Elizabeth Brown,Consumer,Brazil,South America,Home & Kitchen,Coffee Maker,1,42.8,0.05,19.16,Bank Transfer,Completed
ORD-103386,2024-10-09,CUST-00636,Michael Rodriguez,Consumer,United States,North America,Beauty,Hair Dryer,1,29.46,0.0,3.19,Credit Card,Completed
ORD-106438,2023-07-14,CUST-00681,Ines Garcia,Small Business,Spain,Europe,Office,Pen Pack,1,68.97,0.0,10.56,PayPal,Completed
ORD-102413,2023-05-02,CUST-00342,Sofia Kumar,Small Business,United Kingdom,Europe,Beauty,Shampoo,1,51.33,0.0,24.43,Credit Card,Completed
ORD-106323,2024-04-12,CUST-00832,Tom Dubois,Enterprise,France,Europe,Sports & Outdoors,Camping Tent,1,87.05,0.0,17.82,Debit Card,Completed
ORD-102708,2024-10-31,CUST-00177,Sofia Khan,Consumer,India,Asia,Apparel,Running Shoes,1,20.7,0.0,24.71,PayPal,Completed
ORD-105093,2024-07-06,CUST-00097,Ines Kumar,Consumer,Singapore,Asia,Apparel,T-Shirt,4,82.14,0.0,4.06,Gift Card,Completed
ORD-106159,2024-11-09,CUST-00317,Olivia Rossi,Consumer,FRANCE,Europe,Apparel,Wool Socks,1,70.4,0.0,11.48,Gift Card,Completed
ORD-101111,2024-05-15,CUST-00161,,Consumer,France,Europe,Electronics,Smartphone Case,1,126.87,0.05,21.5,Credit Card,Completed
ORD-103443,2024-09-23,CUST-00760,Carlos Jones,Small Business,Italy,Europe,Electronics,USB-C Cable,1,125.74,0.05,10.62,Credit Card,Completed
ORD-102214,2023-09-03,CUST-00835,Hiro Nakamura,Small Business,Canada,North America,Apparel,T-Shirt,1,15.4,0.0,5.62,Debit Card,Completed
ORD-101360,2024-05-26,CUST-00718,John Smith,Small Business,Japan,Asia,Sports & Outdoors,Resistance Bands,1,29.07,0.1,22.44,PayPal,Completed
ORD-102108,2024-05-18,CUST-00598,Michael Miller,Consumer,India,Asia,Apparel,Running Shoes,2,71.03,0.0,22.37,Gift Card,Returned
ORD-104806,2023-11-21,CUST-00488,Patricia Kumar,Consumer,United Kingdom,Europe,Apparel,T-Shirt,1,72.07,0.0,22.34,Credit Card,Returned
ORD-105975,2024-08-15,CUST-00621,Mia Zhang,Enterprise,Mexico,South America,Beauty,Hair Dryer,1,22.72,0.05,3.1,Credit Card,Completed
ORD-101379,2024-01-18,CUST-00092,Ahmed Zhang,Small Business,United Kingdom,Europe,Beauty,Lip Balm,1,25.29,0.0,22.17,Credit Card,Completed
ORD-102829,2024-02-24,CUST-00490,Fatima Jones,Small Business,United States,North America,Office,Standing Desk Mat,2,60.93,0.0,17.73,Credit Card,Completed
ORD-100425,2023-11-02,CUST-00532,,Small Business,India,Asia,Apparel,Denim Jacket,3,65.57,0.0,24.39,Debit Card,Completed
ORD-100293,2024-05-04,CUST-00015,Lucas Tanaka,Consumer,Singapore,Asia,Beauty,Lip Balm,1,26.17,0.0,3.25,Gift Card,Completed
ORD-101066,2024-04-11,CUST-00151,James Smith,Enterprise,India,Asia,Beauty,Lip Balm,2,50.44,0.0,16.76,Gift Card,Completed
ORD-102378,2024-05-19,CUST-00838,Yuki Rodriguez,Consumer,United States,North America,Electronics,Smartphone Case,2,57.15,0.0,16.03,Credit Card,Completed
ORD-105735,2024-09-21,CUST-00414,Robert Williams,Small Business,United Kingdom,Europe,Electronics,Bluetooth Speaker,1,22.68,0.0,11.36,Debit Card,Completed
ORD-106574,2024-05-23,CUST-00707,Tom Williams,Consumer,Canada,North America,Electronics,Smartphone Case,3,211.85,0.0,5.56,Credit Card,Completed
ORD-105109,2023-11-19,CUST-00828,Grace Jones,Consumer,United Kingdom,Europe,Electronics,Headphones,1,174.29,0.05,13.73,Credit Card,Returned
ORD-102128,2024-04-15,CUST-00225,Jennifer Nakamura,Small Business,Spain,Europe,Beauty,Hair Dryer,1,18.58,0.0,11.7,Credit Card,Completed
ORD-101718,2024-09-18,CUST-00660,Olivia Dubois,Small Business,United States,North America,Sports & Outdoors,Water Bottle,1,164.97,0.0,4.72,Debit Card,Completed
ORD-100938,2024-07-21,CUST-00612,Olivia Brown,Consumer,United States,North America,Electronics,Headphones,5,39.19,0.0,22.61,PayPal,Completed
ORD-103780,2024-06-30,CUST-00686,James Martinez,Enterprise,Germany,Europe,Electronics,Smartphone Case,1,16.44,0.0,12.26,PayPal,Completed
ORD-103965,2024-04-17,CUST-00849,John Kumar,Consumer,Mexico,South America,Sports & Outdoors,Camping Tent,1,76.43,0.0,20.31,Debit Card,Completed
ORD-103991,2024-09-25,CUST-00764,David Garcia,Enterprise,India,Asia,Sports & Outdoors,Camping Tent,1,178.57,0.0,3.6,Gift Card,Completed
ORD-104931,2023-10-29,CUST-00434,Grace Davis,Consumer,France,Europe,Home & Kitchen,Cutting Board,2,60.91,0.0,12.54,Credit Card,Completed
ORD-100255,2023-03-11,CUST-00753,Patricia Dubois,Small Business,United States,North America,Electronics,Headphones,2,46.98,0.0,8.32,PayPal,Completed
ORD-106836,2023-12-27,CUST-00182,Fatima Nakamura,Consumer,Germany,Europe,Beauty,Shampoo,1,25.75,0.0,17.26,Credit Card,Completed
ORD-101483,2023-08-02,CUST-00627,Mia Kumar,Consumer,Germany,Europe,Home & Kitchen,Throw Pillow,1,98.24,0.0,19.83,Debit Card,Completed
ORD-100945,2024-03-26,CUST-00656,,Small Business,Singapore,Asia,Home & Kitchen,Throw Pillow,1,45.48,0.0,22.06,Credit Card,Completed
ORD-105504,2024-05-05,CUST-00341,David Rossi,Small Business,Mexico,South America,Apparel,Wool Socks,1,60.12,0.1,3.5,Bank Transfer,Completed
ORD-106991,2023-10-31,CUST-00791,Linda Martinez,Consumer,United Kingdom,Europe,Sports & Outdoors,Yoga Mat,1,52.54,0.2,24.98,Credit Card,Returned
ORD-106281,2024-03-12,CUST-00848,James Rodriguez,Consumer,Canada,North America,Electronics,USB-C Cable,3,167.36,0.05,21.56,Gift Card,Cancelled
ORD-103184,2024-03-09,CUST-00661,Tom Rossi,Consumer, australia ,Oceania,Apparel,Denim Jacket,1,73.58,0.15,19.81,Credit Card,Completed
ORD-103267,2024-04-01,CUST-00391,Ahmed Davis,Small Business,Canada,North America,Apparel,Denim Jacket,1,46.97,0.15,5.97,Credit Card,Completed
ORD-104820,2024-03-24,CUST-00432,Priya Miller,Consumer,United Kingdom,Europe,Sports & Outdoors,Hiking Backpack,1,82.63,0.0,4.13,Bank Transfer,Completed
ORD-102908,2024-08-18,CUST-00104,Mary Williams,Consumer,United Kingdom,Europe,Home & Kitchen,Blender,1,41.54,0.05,11.51,PayPal,Completed
ORD-100970,2024-11-03,CUST-00665,Chen Miller,Consumer,Germany,Europe,Electronics,Smartphone Case,1,27.82,0.0,4.91,Credit Card,Completed
ORD-100497,2024-11-10,CUST-00637,Sofia Costa,Enterprise,United States,North America,Home & Kitchen,Cutting Board,1,13.82,0.0,24.69,Bank Transfer,Completed
ORD-105047,2024-10-07,CUST-00162,Lucas Miller,Consumer,United Kingdom,Europe,Apparel,Baseball Cap,1,32.06,0.0,15.77,Credit Card,Completed
ORD-104902,2024-09-03,CUST-00654,Mary Silva,Small Business,United Kingdom,Europe,Office,Desk Organizer,1,9.81,0.05,2.84,Credit Card,Completed
ORD-101830,2024-05-30,CUST-00125,Hiro Davis,Consumer,UNITED STATES,North America,Beauty,Sunscreen SPF50,1,15.41,0.0,8.91,Credit Card,Completed
ORD-102178,2024-10-07,CUST-00031,Tom Brown,Small Business,Germany,Europe,Home & Kitchen,Cutting Board,1,122.67,0.0,18.69,Debit Card,Completed
ORD-105836,2024-06-29,CUST-00789,Patricia Muller,Small Business,Canada,North America,Apparel,Running Shoes,2,47.01,0.0,13.67,Credit Card,Cancelled
ORD-100338,2024-07-23,CUST-00810,Mary Muller,Small Business,India,Asia,Office,Standing Desk Mat,1,41.53,0.0,16.12,PayPal,Completed
ORD-104827,2024-02-08,CUST-00564,Chen Davis,,Brazil,South America,Sports & Outdoors,Resistance Bands,1,60.23,0.0,24.88,Bank Transfer,Completed
ORD-104705,2023-10-19,CUST-00681,Ines Garcia,Small Business,Spain,Europe,Apparel,T-Shirt,2,15.94,0.1,21.26,Credit Card,Completed
ORD-101149,2024-09-18,CUST-00259,Liam Smith,Small Business,Spain,Europe,Office,Desk Organizer,1,60.04,0.0,22.53,PayPal,Completed
ORD-102244,2023-02-25,CUST-00154,Linda Silva,Consumer,United States,North America,Home & Kitchen,Coffee Maker,1,83.76,0.15,19.57,Bank Transfer,Completed
ORD-105810,2023-06-20,CUST-00641,Raj Martinez,Consumer,Germany,Europe,Beauty,Shampoo,1,39.86,0.15,20.15,Bank Transfer,Completed
ORD-106863,2024-02-14,CUST-00257,John Williams,Small Business,Canada,North America,Sports & Outdoors,Hiking Backpack,1,161.5,0.2,19.24,Credit Card,Completed
ORD-105006,2024-05-02,CUST-00449,Mia Nakamura,Small Business,Germany,Europe,Apparel,Wool Socks,1,81.9,0.0,11.02,Debit Card,Completed
ORD-103969,2023-09-15,CUST-00589,Jennifer Williams,Consumer,Mexico,South America,Beauty,Sunscreen SPF50,2,6.49,0.0,12.28,PayPal,Completed
ORD-102152,2024-06-23,CUST-00765,Olivia Silva,Consumer,United Kingdom,Europe,Beauty,Face Serum,3,30.03,0.0,3.18,PayPal,Completed
ORD-102011,2024-12-23,CUST-00100,Elizabeth Costa,Small Business,Italy,Europe,Beauty,Hair Dryer,-2,34.35,0.0,20.62,Debit Card,Completed
ORD-102492,2024-04-13,CUST-00467,Raj Zhang,Consumer,Germany,Europe,Home & Kitchen,Cutting Board,1,136.93,0.0,22.97,PayPal,Completed
ORD-106972,2023-12-22,CUST-00656,Carlos Johnson,Small Business, singapore ,Asia,Electronics,USB-C Cable,1,154.86,0.0,4.88,Bank Transfer,Completed
ORD-101811,2024-03-11,CUST-00009,Yuki Khan,Consumer,Germany,Europe,Home & Kitchen,Storage Bin,1,27.19,0.0,21.86,Gift Card,Returned
ORD-101995,2024-07-31,CUST-00712,Wei Dubois,Consumer,France,Europe,Electronics,USB-C Cable,4,68.38,0.0,4.69,Bank Transfer,Completed
ORD-104816,2023-12-11,CUST-00108,Chen Martinez,Consumer,France,Europe,Beauty,Sunscreen SPF50,1,30.15,0.05,3.03,PayPal,Completed
ORD-102933,2024-07-03,CUST-00507,Fatima Brown,Consumer,United Kingdom,Europe,Home & Kitchen,Coffee Maker,1,13.95,0.0,15.67,Credit Card,Completed
ORD-102825,2023-09-04,CUST-00419,Ahmed Williams,Small Business,India,Asia,Home & Kitchen,Cutting Board,1,36.05,0.0,23.67,Credit Card,Completed
ORD-105666,2024-04-17,CUST-00535,David Muller,Small Business,Canada,North America,Office,Wireless Mouse,1,36.66,0.0,2.2,Credit Card,Completed
ORD-102898,2024-05-08,CUST-00497,Liam Rossi,Consumer,United States,North America,Electronics,Headphones,3,103.37,0.0,16.6,Credit Card,Completed
ORD-102276,2023-11-01,CUST-00509,Jennifer Tanaka,Consumer,United Kingdom,Europe,Beauty,Shampoo,1,40.31,0.2,20.64,Credit Card,Completed
ORD-100435,2024-07-26,CUST-00627,Mia Kumar,Consumer,Germany,Europe,Apparel,Denim Jacket,1,66.46,0.05,18.45,Credit Card,Completed
ORD-105396,2024-04-19,CUST-00726,Lucas Zhang,Consumer,SINGAPORE,Asia,Home & Kitchen,Cutting Board,1,102.74,0.0,4.19,PayPal,Completed
ORD-106271,2024-08-27,CUST-00102,Elizabeth Kumar,Small Business,Germany,Europe,Sports & Outdoors,Yoga Mat,1,98.23,0.0,10.15,Credit Card,Completed
ORD-104502,2024-03-20,CUST-00068,Elizabeth Nakamura,Consumer,United States,North America,Sports & Outdoors,Camping Tent,1,74.93,0.0,9.81,Credit Card,Returned
ORD-102824,2023-08-08,CUST-00506,Carlos Garcia,Consumer,Brazil,South America,Electronics,Smartphone Case,3,61.37,0.0,10.17,Credit Card,Completed
ORD-104918,2024-10-12,CUST-00823,Raj Costa,Consumer, spain ,Europe,Office,Wireless Mouse,1,66.45,0.1,13.24,Debit Card,Completed
ORD-105886,2023-11-29,CUST-00264,Patricia Silva,Consumer,UNITED KINGDOM,Europe,Apparel,Baseball Cap,5,20.28,0.0,20.9,Credit Card,Completed
ORD-103756,2023-04-10,CUST-00523,Ana Johnson,Consumer,Germany,Europe,Sports & Outdoors,Water Bottle,2,161.18,0.05,12.85,PayPal,Completed
ORD-102505,2024-11-13,CUST-00177,Sofia Khan,Consumer,India,Asia,Electronics,Headphones,1,69.69,0.0,12.18,Credit Card,Completed
ORD-103212,2024-06-22,CUST-00134,Elizabeth Rodriguez,Consumer,Brazil,South America,Beauty,Sunscreen SPF50,5,38.33,0.05,22.88,Bank Transfer,Completed
ORD-106448,2024-11-20,CUST-00833,Grace Zhang,Consumer,Japan,Asia,Apparel,Denim Jacket,1,51.19,0.0,23.22,Gift Card,Completed
ORD-106412,2024-05-08,CUST-00120,Ines Khan,Consumer,Spain,Europe,Apparel,Wool Socks,4,51.86,0.0,3.02,Bank Transfer,Completed
ORD-105955,2024-09-08,CUST-00635,James Costa,Consumer,Spain,Europe,Sports & Outdoors,Yoga Mat,1,107.34,0.0,6.22,Credit Card,Completed
ORD-105654,2024-10-02,CUST-00691,Carlos Rossi,Consumer,Canada,North America,Beauty,Sunscreen SPF50,3,45.28,0.0,14.65,Gift Card,Completed
ORD-104642,2024-09-13,CUST-00599,Mia Dubois,Consumer,France,Europe,Apparel,Running Shoes,1,22.42,0.0,12.53,Credit Card,Cancelled
ORD-104309,2024-09-28,CUST-00170,Emma Costa,Consumer,United States,North America,Apparel,T-Shirt,1,28.16,0.0,18.12,Credit Card,Completed
ORD-104993,2023-05-04,CUST-00392,Elizabeth Khan,Consumer,India,Asia,Sports & Outdoors,Camping Tent,4,176.16,0.0,23.44,Credit Card,Completed
ORD-103541,2024-06-01,CUST-00369,Linda Williams,Small Business,United States,North America,Sports & Outdoors,Water Bottle,4,152.08,0.05,7.35,Credit Card,Completed
ORD-103271,2024-08-05,CUST-00563,Elizabeth Kumar,Consumer,France,Europe,Apparel,Wool Socks,1,69.18,0.0,4.9,Credit Card,Completed
ORD-101942,2024-09-24,CUST-00011,Ines Tanaka,Enterprise,United Kingdom,Europe,Sports & Outdoors,Resistance Bands,1,51.01,0.1,9.57,Credit Card,Completed
ORD-101892,2024-11-27,CUST-00506,Carlos Garcia,Consumer,Brazil,South America,Sports & Outdoors,Hiking Backpack,1,155.69,0.1,4.56,Debit Card,Completed
ORD-105013,2024-05-22,CUST-00835,Hiro Nakamura,Small Business,Canada,North America,Beauty,Sunscreen SPF50,2,11.37,0.15,22.87,Credit Card,Completed
ORD-103600,2024-05-28,CUST-00661,Tom Rossi,Consumer,Australia,Oceania,Beauty,Face Serum,2,56.92,0.0,,Credit Card,Completed
ORD-105386,2024-01-24,CUST-00090,Olivia Brown,Consumer, united states ,North America,Home & Kitchen,Coffee Maker,1,147.11,0.0,21.64,Credit Card,Completed
ORD-104911,2024-07-15,CUST-00474,Michael Nakamura,Small Business,Germany,Europe,Beauty,Sunscreen SPF50,1,16.86,0.0,5.18,Credit Card,Completed
ORD-101266,2024-09-13,CUST-00374,Liam Rossi,Small Business,United States,North America,Home & Kitchen,Blender,3,106.97,0.05,9.88,Debit Card,Completed
ORD-104439,2024-04-25,CUST-00575,Ines Tanaka,Consumer,Germany,Europe,Apparel,Running Shoes,1,55.53,0.0,7.46,Credit Card,Completed
ORD-102598,2024-03-07,CUST-00764,David Garcia,Enterprise,INDIA,Asia,Electronics,USB-C Cable,1,3857.818137550348,0.0,17.22,Credit Card,Completed
ORD-101411,2024-08-25,CUST-00548,Grace Johnson,Consumer,United States,North America,Electronics,Laptop Stand,3,211.56,0.2,20.59,Credit Card,Completed
ORD-101215,2024-06-25,CUST-00045,Grace Zhang,Consumer,Spain,Europe,Beauty,Lip Balm,1,57.22,0.0,8.07,Credit Card,Completed
ORD-100967,2024-04-03,CUST-00778,John Davis,Small Business,United States,North America,Electronics,USB-C Cable,1,115.59,0.0,12.64,Debit Card,Completed
ORD-101231,2024-05-15,CUST-00282,Ahmed Rodriguez,Consumer,Australia,Oceania,Sports & Outdoors,Resistance Bands,1,178.72,0.0,18.49,Credit Card,Returned
ORD-106440,2024-01-10,CUST-00693,Ines Nakamura,Consumer,United Kingdom,Europe,Home & Kitchen,Cutting Board,1,94.81,0.0,23.92,Credit Card,Completed
ORD-104792,2024-08-08,CUST-00612,Olivia Brown,Consumer,United States,North America,Apparel,T-Shirt,2,35.58,0.0,12.99,PayPal,Completed
ORD-106218,2024-05-17,CUST-00789,Patricia Muller,Small Business,CANADA,North America,Electronics,Headphones,1,170.89,0.0,4.33,PayPal,Completed
ORD-100606,2023-09-05,CUST-00102,Elizabeth Kumar,Small Business,Germany,Europe,Apparel,Running Shoes,4,27.04,0.0,22.65,Credit Card,Completed
ORD-100105,2024-08-04,CUST-00186,Lucas Jones,Consumer,Germany,Europe,Electronics,Laptop Stand,1,117.17,0.0,21.69,PayPal,Completed
ORD-100646,2024-07-06,CUST-00546,John Rodriguez,Consumer,Brazil,South America,Electronics,Laptop Stand,1,198.59,0.0,22.72,PayPal,Completed
ORD-105501,2024-03-22,CUST-00835,Hiro Nakamura,Small Business,Canada,North America,Home & Kitchen,Coffee Maker,1,52.02,0.0,8.6,Credit Card,Completed
ORD-104591,2024-10-25,CUST-00185,Elizabeth Brown,Enterprise,United States,North America,Beauty,Face Serum,2,20.76,0.0,19.28,Credit Card,Completed
ORD-103089,2023-10-25,CUST-00180,Liam Brown,Consumer,Singapore,Asia,Sports & Outdoors,Water Bottle,2,73.09,0.2,11.17,Credit Card,Completed
ORD-106584,2024-07-25,CUST-00561,Grace Tanaka,Small Business,India,Asia,Sports & Outdoors,Camping Tent,1,119.62,0.0,22.1,Credit Card,Completed
ORD-101020,2024-06-02,CUST-00026,Chen Garcia,Consumer,ITALY,Europe,Home & Kitchen,Blender,1,16.57,0.0,17.93,Debit Card,Completed
ORD-100092,2024-09-29,CUST-00317,Olivia Rossi,Consumer,France,Europe,Electronics,Bluetooth Speaker,1,190.31,0.0,11.76,Credit Card,Returned
ORD-105209,2023-06-15,CUST-00471,Noah Costa,,Singapore,Asia,Office,Pen Pack,1,7.95,0.15,16.9,Credit Card,Completed
ORD-102871,2024-09-13,CUST-00722,Chen Rodriguez,Small Business,Canada,North America,Apparel,Wool Socks,1,67.54,0.0,4.39,PayPal,Completed
ORD-100909,2023-10-05,CUST-00604,Sofia Johnson,Consumer,GERMANY,Europe,Office,Notebook Set,2,69.9,0.0,19.87,Gift Card,Completed
ORD-105571,2024-09-27,CUST-00041,John Zhang,Small Business,United States,North America,Apparel,Baseball Cap,1,38.98,0.1,16.96,Credit Card,Completed
ORD-105838,2024-02-08,CUST-00314,Carlos Williams,Consumer,Singapore,Asia,Electronics,USB-C Cable,1,19.05,0.0,2.81,PayPal,Completed
ORD-102151,2023-10-18,CUST-00309,Emma Brown,Consumer,United States,North America,Beauty,Face Serum,1,55.26,0.0,5.56,PayPal,Completed
ORD-100239,2024-09-14,CUST-00362,Elizabeth Costa,Enterprise,INDIA,Asia,Home & Kitchen,Storage Bin,1,103.6,0.0,14.07,Debit Card,Cancelled
ORD-103141,2024-05-18,CUST-00027,Patricia Zhang,Small Business,Italy,Europe,Beauty,Sunscreen SPF50,4,31.18,0.1,19.29,Credit Card,Completed
ORD-100943,2024-10-20,CUST-00300,Liam Jones,Consumer,France,Europe,Home & Kitchen,Blender,5,46.84,0.0,21.85,Bank Transfer,Completed
ORD-101271,2023-12-15,CUST-00813,Mary Zhang,Small Business,Germany,Europe,Sports & Outdoors,Camping Tent,4,129.27,0.0,3.35,Bank Transfer,Completed
ORD-100939,2023-10-14,CUST-00510,Hiro Martinez,Consumer,Canada,North America,Sports & Outdoors,Camping Tent,1,150.76,0.05,14.49,Bank Transfer,Completed
ORD-105521,2024-10-25,CUST-00320,Elizabeth Kumar,Consumer,France,Europe,Home & Kitchen,Cutting Board,1,124.22,0.0,16.14,Credit Card,Completed
ORD-103230,2024-02-04,CUST-00065,James Williams,Small Business,United States,North America,Home & Kitchen,Storage Bin,1,48.13,0.0,15.34,Credit Card,Completed
ORD-103552,2024-11-05,CUST-00114,Emma Dubois,Consumer,Brazil,South America,Beauty,Shampoo,4,20.75,0.0,5.24,Bank Transfer,Completed
ORD-101863,2024-07-09,CUST-00202,Emma Tanaka,Enterprise,Japan,Asia,Electronics,Laptop Stand,2,183.32,0.0,12.02,Credit Card,Completed
ORD-101670,2024-05-31,CUST-00105,Lucas Jones,Consumer,United Kingdom,Europe,Sports & Outdoors,Yoga Mat,1,110.1,0.1,2.25,PayPal,Completed
ORD-100006,2023-07-20,CUST-00624,Yuki Costa,,Germany,Europe,Home & Kitchen,Throw Pillow,4,141.95,0.0,17.35,PayPal,Completed
ORD-104344,2024-09-25,CUST-00808,Robert Brown,Small Business,United States,North America,Sports & Outdoors,Yoga Mat,1,105.66,0.0,9.96,Debit Card,Completed
ORD-103944,2023-11-19,CUST-00223,Ahmed Costa,Enterprise,United Kingdom,Europe,Sports & Outdoors,Camping Tent,1,159.32,0.0,24.8,Credit Card,Completed
ORD-103014,2024-07-06,CUST-00279,Emma Tanaka,Consumer,India,Asia,Office,Standing Desk Mat,2,39.47,0.1,19.56,Debit Card,Completed
ORD-100019,2023-09-09,CUST-00256,Robert Smith,Consumer,United States,North America,Sports & Outdoors,Water Bottle,1,48.49,0.2,2.28,PayPal,Completed
ORD-106266,2024-05-07,CUST-00819,Hiro Silva,,Spain,Europe,Office,Pen Pack,2,59.09,0.0,19.5,Gift Card,Completed
ORD-101971,2024-05-07,CUST-00016,Sofia Costa,Consumer, united kingdom ,Europe,Beauty,Face Serum,1,8.17,0.0,21.17,Debit Card,Completed
ORD-102710,2024-09-12,CUST-00060,Grace Nakamura,Enterprise,India,Asia,Electronics,Laptop Stand,2,32.35,0.0,17.63,PayPal,Completed
ORD-102233,2024-08-31,CUST-00122,Carlos Johnson,Small Business,United Kingdom,Europe,Sports & Outdoors,Water Bottle,1,78.49,0.15,13.57,Bank Transfer,Completed
ORD-106419,2023-11-09,CUST-00698,Patricia Rossi,Consumer,United States,North America,Beauty,Shampoo,1,46.68,0.0,6.5,Credit Card,Completed
ORD-106578,2023-10-11,CUST-00119,Liam Martinez,Consumer,India,Asia,Beauty,Lip Balm,1,51.31,0.05,21.33,Credit Card,Returned
ORD-100812,2023-12-06,CUST-00012,Ines Davis,Consumer,United States,North America,Beauty,Face Serum,1,24.82,0.0,4.19,PayPal,Completed
ORD-101301,2023-11-23,CUST-00086,Grace Tanaka,Small Business,United States,North America,Beauty,Sunscreen SPF50,3,5.83,0.15,2.06,PayPal,Completed
ORD-105432,2024-02-29,CUST-00759,Emma Rossi,Consumer,France,Europe,Apparel,Denim Jacket,1,12.48,0.15,21.12,Gift Card,Completed
ORD-106973,2024-05-11,CUST-00449,Mia Nakamura,Small Business,Germany,Europe,Electronics,Laptop Stand,1,214.07,0.05,14.58,Credit Card,Completed
ORD-100261,2023-12-23,CUST-00275,Patricia Garcia,Small Business,Singapore,Asia,Apparel,Running Shoes,2,30.03,0.0,7.08,PayPal,Returned
ORD-101805,2023-02-21,CUST-00346,Jennifer Silva,Consumer,United Kingdom,Europe,Office,Standing Desk Mat,1,60.47,0.15,16.45,Bank Transfer,Completed
ORD-101571,2024-06-09,CUST-00158,Ines Martinez,Consumer,United States,North America,Home & Kitchen,Cutting Board,1,97.14,0.05,23.95,Credit Card,Completed
ORD-106326,2024-03-29,CUST-00793,Fatima Rossi,Small Business,United States,North America,Apparel,T-Shirt,2,29.25,0.0,18.81,Debit Card,Returned
ORD-104281,2024-01-10,CUST-00789,Patricia Muller,Small Business,Canada,North America,Apparel,Denim Jacket,2,66.34,0.0,,PayPal,Completed
ORD-102455,2024-03-25,CUST-00149,James Garcia,Small Business, mexico ,South America,Sports & Outdoors,Water Bottle,1,66.9,0.1,7.77,PayPal,Completed
ORD-101744,2024-02-02,CUST-00549,Jennifer Brown,Consumer,United Kingdom,Europe,Electronics,Laptop Stand,1,105.57,0.0,12.67,Credit Card,Completed
ORD-101631,2024-01-12,CUST-00647,Yuki Jones,Consumer,Canada,North America,Home & Kitchen,Storage Bin,2,46.76,0.0,11.26,PayPal,Returned
ORD-101717,2023-07-12,CUST-00774,Lucas Dubois,Consumer,United States,North America,Beauty,Face Serum,2,37.72,0.0,5.14,Debit Card,Cancelled
ORD-100521,2023-11-14,CUST-00816,Chen Zhang,Consumer,United Kingdom,Europe,Electronics,Smartphone Case,1,91.64,0.05,10.39,PayPal,Completed
ORD-103938,2023-09-07,CUST-00223,Ahmed Costa,Enterprise,United Kingdom,Europe,Apparel,T-Shirt,1,68.84,0.05,21.34,Bank Transfer,Completed
ORD-106525,2024-07-03,CUST-00327,Emma Kumar,Consumer,Mexico,South America,Home & Kitchen,Throw Pillow,1,54.39,0.0,19.78,Credit Card,Completed
ORD-106113,2024-05-30,CUST-00613,Olivia Smith,Consumer,India,Asia,Sports & Outdoors,Water Bottle,1,77.6,0.1,16.31,Bank Transfer,Completed
ORD-103483,2023-04-07,CUST-00816,Chen Zhang,Consumer, united kingdom ,Europe,Electronics,Laptop Stand,2,80.31,0.15,17.71,Debit Card,Completed
ORD-101659,2024-06-13,CUST-00138,John Muller,Consumer,AUSTRALIA,Oceania,Apparel,Wool Socks,2,61.74,0.0,14.88,PayPal,Completed
ORD-103473,2024-09-23,CUST-00072,Chen Costa,Small Business,India,Asia,Apparel,T-Shirt,1,26.61,0.0,6.12,Credit Card,Completed
ORD-105709,2024-02-23,CUST-00687,James Williams,Consumer,Brazil,South America,Electronics,Laptop Stand,1,63.91,0.05,5.09,Bank Transfer,Completed
ORD-102476,2023-10-21,CUST-00356,Carlos Nakamura,Consumer,India,Asia,Home & Kitchen,Blender,3,31.72,0.0,,Debit Card,Completed
ORD-103949,2024-09-12,CUST-00583,Priya Tanaka,Consumer,Germany,Europe,Apparel,Baseball Cap,1,66.82,0.0,23.71,Debit Card,Completed
ORD-106223,2024-01-13,CUST-00809,John Dubois,Small Business,United States,North America,Apparel,Wool Socks,1,73.97,0.0,9.6,PayPal,Completed
ORD-103935,2024-10-02,CUST-00660,Olivia Dubois,Small Business,United States,North America,Apparel,Baseball Cap,1,22.6,0.0,7.13,Credit Card,Completed
ORD-103646,2023-09-15,CUST-00317,Olivia Rossi,Consumer,France,Europe,Office,Desk Organizer,1,19.17,0.0,12.62,Credit Card,Completed
ORD-100764,2024-05-03,CUST-00377,Hiro Muller,Enterprise,Mexico,South America,Office,Standing Desk Mat,1,7.64,0.0,6.68,PayPal,Completed
ORD-104704,2023-04-04,CUST-00624,Yuki Costa,Consumer,Germany,Europe,Office,Notebook Set,2,53.14,0.1,15.96,Debit Card,Completed
ORD-104327,2024-07-26,CUST-00644,Elizabeth Rodriguez,Small Business,Spain,Europe,Electronics,Bluetooth Speaker,1,56.1,0.1,4.52,Debit Card,Returned
ORD-104428,2024-10-11,CUST-00110,Noah Kumar,Small Business,United Kingdom,Europe,Home & Kitchen,Cutting Board,2,61.59,0.05,15.99,Credit Card,Returned
ORD-105537,2023-10-08,CUST-00515,Wei Davis,Consumer,Germany,Europe,Home & Kitchen,Cutting Board,1,130.2,0.0,6.58,Gift Card,Completed
ORD-106024,2024-05-31,CUST-00820,Hiro Williams,Consumer,France,Europe,Beauty,Hair Dryer,5,24.77,0.1,22.97,Credit Card,Completed
ORD-101092,2024-10-02,CUST-00428,Yuki Rodriguez,Consumer,Spain,Europe,Electronics,Smartphone Case,1,46.56,0.0,6.36,Credit Card,Completed
ORD-103609,2024-04-16,CUST-00819,Hiro Silva,Consumer,Spain,Europe,Electronics,Bluetooth Speaker,3,181.41,0.2,7.7,Credit Card,Completed
ORD-101102,2024-08-28,CUST-00512,Fatima Tanaka,Consumer,Germany,Europe,Home & Kitchen,Coffee Maker,1,27.57,0.1,19.91,Credit Card,Completed
ORD-105226,2024-09-29,CUST-00095,Raj Jones,Consumer,France,Europe,Apparel,Wool Socks,1,43.52,0.0,24.82,Debit Card,Completed
ORD-104558,2024-01-04,CUST-00232,Noah Miller,Enterprise,France,Europe,Beauty,Hair Dryer,1,36.75,0.1,5.6,Credit Card,Completed
ORD-100959,2024-11-02,CUST-00784,Elizabeth Smith,Consumer,Australia,Oceania,Apparel,Baseball Cap,1,49.66,0.05,23.18,PayPal,Completed
ORD-105759,2024-10-27,CUST-00282,Ahmed Rodriguez,Consumer,Australia,Oceania,Sports & Outdoors,Water Bottle,1,39.44,0.0,5.27,Credit Card,Completed
ORD-100560,2023-09-27,CUST-00581,Hiro Jones,Consumer,United States,North America,Sports & Outdoors,Hiking Backpack,1,104.26,0.0,24.95,PayPal,Completed
ORD-106866,2024-10-26,CUST-00184,Mary Rodriguez,Consumer,United States,North America,Electronics,Smartphone Case,-1,160.72,0.0,18.85,PayPal,Completed
ORD-101520,2024-04-27,CUST-00270,Mary Brown,Consumer,Mexico,South America,Sports & Outdoors,Camping Tent,1,83.69,0.2,22.57,Credit Card,Returned
ORD-106237,2024-04-13,CUST-00762,Carlos Tanaka,Consumer,United States,North America,Electronics,USB-C Cable,1,25.4,0.0,13.57,Credit Card,Completed
ORD-106971,2024-04-25,CUST-00558,Robert Silva,Small Business,United States,North America,Apparel,Wool Socks,3,80.76,0.0,17.84,PayPal,Completed
ORD-106129,2024-09-22,CUST-00408,James Jones,Enterprise,Italy,Europe,Beauty,Hair Dryer,2,43.44,0.0,24.69,Credit Card,Completed
ORD-102485,2024-05-10,CUST-00070,James Muller,Consumer,GERMANY,Europe,Home & Kitchen,Cutting Board,1,17.01,0.0,12.01,PayPal,Completed
ORD-106635,2024-07-03,CUST-00433,Emma Johnson,Consumer,India,Asia,Home & Kitchen,Blender,1,80.3,0.05,,Credit Card,Completed
ORD-100367,2024-09-27,CUST-00128,Tom Dubois,Small Business,Germany,Europe,Office,Wireless Mouse,1,18.49,0.05,24.88,Gift Card,Completed
ORD-103902,2023-01-30,CUST-00816,Chen Zhang,Consumer,United Kingdom,Europe,Beauty,Lip Balm,2,23.65,0.0,2.03,Credit Card,Completed
ORD-106194,2023-11-03,CUST-00524,Liam Martinez,Consumer,France,Europe,Electronics,USB-C Cable,2,215.17,0.1,19.94,Credit Card,Completed
ORD-101949,2023-11-20,CUST-00136,Mary Rossi,Consumer,Singapore,Asia,Office,Standing Desk Mat,4,40.85,0.0,11.32,Credit Card,Completed
ORD-104166,2024-01-17,CUST-00451,Raj Khan,Small Business,United Kingdom,Europe,Home & Kitchen,Coffee Maker,4,64.36,0.0,8.95,PayPal,Completed
ORD-101573,2024-10-20,CUST-00676,Elizabeth Davis,Small Business,United Kingdom,Europe,Home & Kitchen,Storage Bin,1,21.04,0.0,10.53,PayPal,Completed
ORD-100809,2024-03-26,CUST-00596,Hiro Costa,Consumer,India,Asia,Home & Kitchen,Blender,3,16.5,0.0,12.47,PayPal,Completed
ORD-103233,2024-08-06,CUST-00782,Tom Garcia,Small Business,United States,North America,Electronics,Bluetooth Speaker,2,141.47,0.0,,Credit Card,Completed
ORD-103947,2024-09-15,CUST-00124,Ana Rossi,Small Business,Canada,North America,Home & Kitchen,Storage Bin,1,103.73,0.15,15.23,Debit Card,Completed
ORD-100012,2024-12-07,CUST-00145,Chen Muller,Small Business,United States,North America,Apparel,Baseball Cap,2,74.74,0.0,23.32,Credit Card,Completed
ORD-102026,2024-05-18,CUST-00067,Mary Brown,Consumer,Japan,Asia,Sports & Outdoors,Hiking Backpack,2,68.51,0.0,15.22,Bank Transfer,Completed
ORD-106289,2024-02-20,CUST-00807,John Johnson,Enterprise,United States,North America,Apparel,Wool Socks,1,63.04,0.0,14.46,Credit Card,Cancelled
ORD-105014,2024-05-02,CUST-00557,Emma Johnson,Small Business,United Kingdom,Europe,Sports & Outdoors,Camping Tent,1,72.71,0.0,23.77,Credit Card,Returned
ORD-105548,2024-07-06,CUST-00658,Ines Nakamura,,United Kingdom,Europe,Electronics,Headphones,2,106.62,0.0,10.8,Debit Card,Returned
ORD-106784,2024-08-02,CUST-00597,Mia Rossi,Consumer,INDIA,Asia,Electronics,Headphones,2,210.16,0.05,3.89,PayPal,Completed
ORD-100177,2023-04-07,CUST-00122,Carlos Johnson,Small Business,United Kingdom,Europe,Apparel,Denim Jacket,2,78.19,0.05,10.98,PayPal,Completed
ORD-105091,2024-05-18,CUST-00189,Noah Silva,Small Business,India,Asia,Office,Pen Pack,2,36.51,0.0,8.7,Credit Card,Completed
ORD-102489,2023-02-12,CUST-00655,Mia Zhang,Consumer,India,Asia,Home & Kitchen,Cutting Board,1,21.56,0.0,23.7,Credit Card,Completed
ORD-103887,2024-02-04,CUST-00407,Mia Muller,Consumer,United States,North America,Beauty,Shampoo,1,9.3,0.15,4.16,Credit Card,Completed
ORD-102570,2023-06-10,CUST-00020,Emma Zhang,,United States,North America,Office,Pen Pack,1,20.85,0.15,17.56,PayPal,Completed
ORD-103521,2024-06-23,CUST-00475,Sofia Martinez,Consumer,United Kingdom,Europe,Sports & Outdoors,Camping Tent,1,95.04,0.0,18.81,Credit Card,Completed
ORD-103761,2024-06-16,CUST-00117,Carlos Zhang,Consumer,Spain,Europe,Beauty,Shampoo,1,26.72,0.0,5.32,Credit Card,Completed
ORD-105352,2024-11-05,CUST-00183,Chen Davis,Consumer,India,Asia,Apparel,Denim Jacket,1,56.14,0.1,15.46,PayPal,Returned
ORD-103283,2023-08-30,CUST-00620,Carlos Garcia,Consumer,Canada,North America,Office,Standing Desk Mat,4,54.34,0.0,11.97,Credit Card,Completed
ORD-101665,2024-09-22,CUST-00714,Ana Costa,Enterprise,Germany,Europe,Apparel,Baseball Cap,2,38.0,0.05,6.27,Credit Card,Completed
ORD-102192,2023-10-01,CUST-00466,Tom Brown,Consumer,Brazil,South America,Electronics,Bluetooth Speaker,1,73.46,0.0,23.08,Credit Card,Completed
ORD-106664,2024-08-11,CUST-00526,Carlos Jones,Small Business,Singapore,Asia,Home & Kitchen,Coffee Maker,1,45.67,0.05,7.2,Debit Card,Completed
ORD-101234,2023-07-30,CUST-00645,Lucas Khan,Small Business,India,Asia,Apparel,Wool Socks,1,73.36,0.0,10.78,Credit Card,Completed
ORD-103371,2024-01-15,CUST-00657,Emma Martinez,Consumer,United Kingdom,Europe,Apparel,Denim Jacket,1,41.61,0.0,11.12,PayPal,Completed
ORD-105887,2024-03-04,CUST-00244,Linda Kumar,Consumer,United States,North America,Sports & Outdoors,Water Bottle,1,122.48,0.0,13.45,Debit Card,Completed
ORD-106573,2023-02-03,CUST-00474,Michael Nakamura,Small Business,Germany,Europe,Apparel,T-Shirt,1,52.17,0.0,19.05,PayPal,Completed
ORD-102661,2024-04-15,CUST-00620,Carlos Garcia,Consumer,Canada,North America,Electronics,Headphones,4,177.65,0.05,21.59,Bank Transfer,Completed
ORD-104253,2023-06-05,CUST-00182,Fatima Nakamura,Consumer,GERMANY,Europe,Apparel,Denim Jacket,1,49.27,0.0,9.71,Debit Card,Completed
ORD-106684,2023-10-28,CUST-00278,Jennifer Zhang,Consumer,Italy,Europe,Apparel,T-Shirt,1,25.29,0.0,11.38,Bank Transfer,Cancelled
ORD-103579,2024-01-15,CUST-00403,Ines Silva,Consumer,Canada,North America,Office,Notebook Set,1,22.37,0.0,3.25,PayPal,Completed
ORD-105557,2023-11-29,CUST-00415,Wei Davis,Consumer,United Kingdom,Europe,Home & Kitchen,Storage Bin,2,84.86,0.05,8.97,Credit Card,Completed
ORD-102047,2024-06-13,CUST-00065,James Williams,Small Business,United States,North America,Apparel,Wool Socks,1,43.9,0.0,23.78,Credit Card,Completed
ORD-105947,2023-07-14,CUST-00267,Mia Tanaka,Small Business,India,Asia,Electronics,Headphones,1,108.11,0.05,14.52,Gift Card,Completed
ORD-106606,2024-02-16,CUST-00424,Emma Martinez,Enterprise,United Kingdom,Europe,Electronics,Bluetooth Speaker,2,156.71,0.0,24.49,Credit Card,Completed
ORD-102625,2024-04-26,CUST-00551,Mia Garcia,Consumer,Canada,North America,Sports & Outdoors,Hiking Backpack,1,135.25,0.0,23.91,Debit Card,Completed
ORD-103411,2024-05-02,CUST-00386,David Johnson,Consumer,United States,North America,Home & Kitchen,Storage Bin,1,67.75,0.05,14.44,Bank Transfer,Completed
ORD-106400,2024-01-03,CUST-00311,Ana Garcia,Consumer,United Kingdom,Europe,Electronics,Smartphone Case,2,198.53,0.15,19.12,Debit Card,Completed
ORD-106102,2024-10-28,CUST-00723,Chen Rossi,Consumer,United Kingdom,Europe,Beauty,Sunscreen SPF50,-1,5.99,0.0,11.3,Credit Card,Completed
ORD-101186,2024-10-20,CUST-00184,Mary Rodriguez,Consumer,UNITED STATES,North America,Apparel,T-Shirt,1,58.16,0.0,17.36,PayPal,Completed
ORD-101007,2023-08-03,CUST-00542,Hiro Johnson,Consumer,India,Asia,Beauty,Face Serum,1,26.62,0.0,3.82,PayPal,Completed
ORD-103570,2024-03-11,CUST-00231,Grace Garcia,Enterprise,Canada,North America,Beauty,Sunscreen SPF50,2,8.24,0.15,12.3,Credit Card,Completed
ORD-103738,2024-05-26,CUST-00763,Liam Rossi,Small Business,United States,North America,Beauty,Shampoo,1,55.35,0.1,16.19,Credit Card,Completed
ORD-104657,2024-01-12,CUST-00637,Sofia Costa,Enterprise,United States,North America,Sports & Outdoors,Water Bottle,1,131.1,0.0,14.7,Gift Card,Completed
ORD-106353,2024-07-11,CUST-00189,Noah Silva,Small Business,India,Asia,Electronics,Bluetooth Speaker,1,142.41,0.0,24.88,Credit Card,Returned
ORD-105007,2024-07-12,CUST-00765,Olivia Silva,Consumer,United Kingdom,Europe,Apparel,Running Shoes,1,23.37,0.0,20.93,Bank Transfer,Completed
ORD-105408,2024-05-02,CUST-00244,Linda Kumar,Consumer,United States,North America,Apparel,Wool Socks,1,37.56,0.1,11.69,Credit Card,Returned
ORD-102050,2023-09-14,CUST-00725,Priya Kumar,Consumer,UNITED KINGDOM,Europe,Sports & Outdoors,Hiking Backpack,2,73.34,0.15,19.96,Debit Card,Completed
ORD-104012,2023-09-23,CUST-00485,Mia Rossi,Enterprise,United Kingdom,Europe,Sports & Outdoors,Hiking Backpack,4,40.27,0.05,8.36,Bank Transfer,Completed
ORD-100270,2024-01-14,CUST-00688,Grace Garcia,Consumer,United States,North America,Sports & Outdoors,Yoga Mat,1,108.97,0.0,6.79,Debit Card,Returned
ORD-101994,2024-05-23,CUST-00469,Hiro Brown,Consumer,Mexico,South America,Apparel,Running Shoes,1,22.44,0.0,23.68,Credit Card,Completed
ORD-100266,2024-02-10,CUST-00550,Jennifer Khan,Enterprise,Japan,Asia,Beauty,Face Serum,1,39.74,0.1,3.23,PayPal,Cancelled
ORD-100915,2024-04-09,CUST-00659,Grace Brown,Consumer,Germany,Europe,Beauty,Hair Dryer,1,31.66,0.0,7.97,Credit Card,Cancelled
ORD-102279,2024-09-16,CUST-00399,Tom Rossi,,Canada,North America,Home & Kitchen,Storage Bin,1,92.03,0.0,4.94,Gift Card,Completed
ORD-102232,2024-05-01,CUST-00319,Mary Dubois,Enterprise,Japan,Asia,Sports & Outdoors,Yoga Mat,1,59.51,0.0,7.38,Credit Card,Completed
ORD-100291,2024-10-22,CUST-00832,Tom Dubois,Enterprise,France,Europe,Electronics,USB-C Cable,1,100.1,0.05,10.43,Debit Card,Completed
ORD-102913,2024-06-05,CUST-00575,Ines Tanaka,Consumer,Germany,Europe,Apparel,Wool Socks,2,56.28,0.1,7.28,Credit Card,Completed
ORD-104970,2024-05-25,CUST-00490,Fatima Jones,Small Business,United States,North America,Office,Pen Pack,1,23.85,0.0,19.73,Credit Card,Completed
ORD-102094,2024-09-07,CUST-00414,Robert Williams,Small Business,United Kingdom,Europe,Electronics,Laptop Stand,2,78.54,0.0,5.35,Credit Card,Completed
ORD-106543,2024-04-11,CUST-00385,Ines Johnson,Consumer,France,Europe,Home & Kitchen,Coffee Maker,1,132.06,0.0,,PayPal,Completed
ORD-104572,2024-11-22,CUST-00661,Tom Rossi,Consumer,Australia,Oceania,Electronics,Smartphone Case,1,31.61,0.2,9.9,Debit Card,Completed
ORD-101653,2024-05-11,CUST-00352,Ana Williams,Consumer,Italy,Europe,Apparel,T-Shirt,1,60.15,0.0,22.45,Bank Transfer,Completed
ORD-106057,2024-07-21,CUST-00356,Carlos Nakamura,Consumer,India,Asia,Beauty,Hair Dryer,2,48.07,0.0,23.66,Credit Card,Completed
ORD-104142,2023-05-13,CUST-00748,,Consumer,Canada,North America,Apparel,Wool Socks,1,13.59,0.15,12.29,Debit Card,Completed
ORD-104258,2024-10-05,CUST-00319,Mary Dubois,Enterprise,Japan,Asia,Electronics,Smartphone Case,3,106.34,0.0,18.85,Credit Card,Completed
ORD-103040,2023-09-23,CUST-00156,Noah Muller,Small Business,Brazil,South America,Home & Kitchen,Storage Bin,1,88.57,0.15,7.51,Credit Card,Completed
ORD-106872,2023-09-30,CUST-00366,Wei Rodriguez,Consumer,Japan,Asia,Sports & Outdoors,Resistance Bands,1,14.02,0.0,17.51,PayPal,Completed
ORD-102678,2024-09-15,CUST-00810,Mary Muller,Small Business,India,Asia,Beauty,Lip Balm,2,13.46,0.0,8.09,Credit Card,Completed
ORD-100289,2024-10-16,CUST-00477,Olivia Khan,Consumer,Brazil,South America,Home & Kitchen,Cutting Board,3,126.89,0.0,22.57,Credit Card,Completed
ORD-103108,2024-06-06,CUST-00348,Elizabeth Muller,Small Business,Italy,Europe,Beauty,Hair Dryer,2,48.8,0.0,13.58,Credit Card,Completed
ORD-104662,2024-02-14,CUST-00037,,Enterprise,Germany,Europe,Electronics,Bluetooth Speaker,1,170.96,0.1,11.61,Credit Card,Completed
ORD-106045,2024-09-23,CUST-00057,Tom Miller,Enterprise,United Kingdom,Europe,Apparel,Denim Jacket,1,55.39,0.2,14.95,PayPal,Completed
ORD-100576,2023-08-20,CUST-00809,John Dubois,Small Business,United States,North America,Home & Kitchen,Cutting Board,1,94.0,0.0,12.08,Credit Card,Completed
ORD-100851,2024-08-13,CUST-00664,Noah Brown,Consumer,Italy,Europe,Apparel,Wool Socks,2,48.07,0.0,13.77,Credit Card,Completed
ORD-103884,2023-12-19,CUST-00054,Tom Khan,Consumer,Brazil,South America,Sports & Outdoors,Water Bottle,-1,55.71,0.0,17.1,PayPal,Cancelled
ORD-105008,2023-08-28,CUST-00186,Lucas Jones,Consumer,Germany,Europe,Sports & Outdoors,Water Bottle,1,22.08,0.0,19.27,PayPal,Completed
ORD-105351,2023-09-23,CUST-00668,Mary Rodriguez,Enterprise,Italy,Europe,Sports & Outdoors,Resistance Bands,3,68.1,0.0,7.76,Bank Transfer,Completed
ORD-105930,2024-05-13,CUST-00167,Emma Davis,Consumer,India,Asia,Home & Kitchen,Cutting Board,1,103.32,0.0,,Debit Card,Completed
ORD-101723,2024-04-26,CUST-00182,Fatima Nakamura,Consumer,Germany,Europe,Office,Standing Desk Mat,5,21.35,0.0,4.73,Credit Card,Completed
ORD-106230,2024-10-01,CUST-00687,James Williams,Consumer,Brazil,South America,Home & Kitchen,Throw Pillow,2,122.39,0.0,16.39,PayPal,Completed
ORD-105832,2024-03-24,CUST-00684,Hiro Miller,Enterprise,United States,North America,Electronics,USB-C Cable,1,132.96,0.1,10.18,Debit Card,Completed
ORD-105029,2024-07-28,CUST-00817,Chen Zhang,Consumer,Italy,Europe,Office,Standing Desk Mat,3,16.34,0.2,15.49,Bank Transfer,Completed
ORD-103950,2024-02-28,CUST-00495,Ana Zhang,Consumer,Spain,Europe,Electronics,Bluetooth Speaker,1,218.96,0.0,21.52,Credit Card,Completed
ORD-101101,2024-09-07,CUST-00367,David Rossi,Consumer,United States,North America,Beauty,Shampoo,1,43.87,0.1,7.24,Credit Card,Completed
ORD-101208,2023-11-23,CUST-00781,Elizabeth Brown,Consumer,India,Asia,Home & Kitchen,Cutting Board,1,133.33,0.0,14.34,Credit Card,Completed
ORD-106392,2024-10-19,CUST-00041,John Zhang,Small Business,United States,North America,Apparel,Running Shoes,1,31.06,0.2,14.31,Gift Card,Completed
ORD-101844,2023-06-03,CUST-00364,Lucas Martinez,Consumer,Italy,Europe,Beauty,Hair Dryer,4,43.72,0.0,20.09,Debit Card,Completed
ORD-101849,2024-04-16,CUST-00042,Ana Rodriguez,Consumer,Germany,Europe,Sports & Outdoors,Water Bottle,5,125.69,0.05,16.8,PayPal,Returned
ORD-102525,2024-07-20,CUST-00358,Tom Silva,Consumer,Brazil,South America,Beauty,Hair Dryer,4,38.87,0.0,20.01,Credit Card,Completed
ORD-103948,2024-07-25,CUST-00422,Liam Dubois,Consumer,Japan,Asia,Electronics,USB-C Cable,1,127.79,0.1,20.0,PayPal,Completed
ORD-101695,2024-02-12,CUST-00188,David Jones,Small Business,Spain,Europe,Electronics,USB-C Cable,1,171.14,0.1,11.8,Debit Card,Completed
ORD-104182,2024-05-28,CUST-00586,Grace Zhang,Consumer,Mexico,South America,Home & Kitchen,Storage Bin,1,141.11,0.0,5.13,Gift Card,Completed
ORD-104566,2024-07-25,CUST-00708,Fatima Smith,Consumer,United States,North America,Home & Kitchen,Coffee Maker,1,43.05,0.0,3.31,Credit Card,Completed
ORD-106370,2023-08-23,CUST-00095,Raj Jones,Consumer,France,Europe,Apparel,Wool Socks,1,84.2,0.0,17.85,Credit Card,Completed
ORD-103961,2023-07-06,CUST-00733,James Johnson,Consumer,Canada,North America,Electronics,Smartphone Case,1,199.41,0.0,16.17,PayPal,Completed
ORD-106919,2024-09-22,CUST-00469,Hiro Brown,Consumer,Mexico,South America,Sports & Outdoors,Yoga Mat,1,32.48,0.0,23.33,Bank Transfer,Completed
ORD-106476,2023-05-23,CUST-00095,Raj Jones,Consumer,France,Europe,Apparel,T-Shirt,-4,88.05,0.0,14.68,Credit Card,Completed
ORD-100234,2024-01-10,CUST-00164,Wei Zhang,Small Business,Italy,Europe,Apparel,Running Shoes,2,77.24,0.0,4.86,Credit Card,Completed
ORD-106733,2024-09-10,CUST-00489,Jennifer Muller,Small Business,Germany,Europe,Office,Standing Desk Mat,2,26.45,0.0,22.97,PayPal,Returned
ORD-106620,2024-04-13,CUST-00549,Jennifer Brown,,United Kingdom,Europe,Apparel,Running Shoes,2,73.39,0.0,17.05,Gift Card,Completed
ORD-103333,2024-11-24,CUST-00450,Tom Davis,Consumer,United States,North America,Beauty,Sunscreen SPF50,1,7.59,0.0,16.7,Debit Card,Completed
ORD-105782,2024-05-06,CUST-00813,Mary Zhang,Small Business,Germany,Europe,Apparel,T-Shirt,2,42.57,0.0,21.7,Debit Card,Completed
ORD-102648,2024-08-07,CUST-00361,Fatima Jones,Enterprise,Brazil,South America,Home & Kitchen,Throw Pillow,2,72.98,0.0,,PayPal,Completed
ORD-104042,2023-11-28,CUST-00709,Ines Davis,Consumer,United Kingdom,Europe,Electronics,Bluetooth Speaker,1,205.93,0.1,17.46,Debit Card,Completed
ORD-106566,2024-04-24,CUST-00299,Liam Khan,Enterprise,Canada,North America,Apparel,Running Shoes,2,55.31,0.0,21.55,Credit Card,Completed
ORD-101712,2024-11-08,CUST-00626,Olivia Khan,Consumer,United Kingdom,Europe,Beauty,Hair Dryer,1,9.89,0.2,7.28,Debit Card,Returned
ORD-100183,2024-04-17,CUST-00142,John Johnson,Small Business,Japan,Asia,Electronics,Headphones,1,163.35,0.1,8.44,PayPal,Completed
ORD-105085,2024-03-28,CUST-00063,Ahmed Davis,Consumer,India,Asia,Beauty,Hair Dryer,3,9.44,0.0,18.48,Debit Card,Cancelled
ORD-105097,2024-09-17,CUST-00139,Chen Smith,Consumer,United States,North America,Apparel,Running Shoes,2,88.36,0.0,12.03,Gift Card,Cancelled
ORD-105738,2023-06-13,CUST-00096,Tom Rodriguez,Consumer,United Kingdom,Europe,Electronics,Bluetooth Speaker,1,35.94,0.0,2.39,PayPal,Completed
ORD-105453,2024-03-21,CUST-00137,Mary Williams,,Italy,Europe,Beauty,Face Serum,2,37.26,0.0,14.42,Credit Card,Completed
ORD-101463,2023-01-23,CUST-00487,Lucas Dubois,Consumer,Japan,Asia,Office,Desk Organizer,-1,31.32,0.05,15.9,Credit Card,Completed
ORD-100050,2024-01-10,CUST-00789,Patricia Muller,Small Business,Canada,North America,Apparel,Baseball Cap,1,54.17,0.0,6.83,Bank Transfer,Completed
ORD-106980,2023-06-27,CUST-00262,Grace Silva,Enterprise,United Kingdom,Europe,Sports & Outdoors,Water Bottle,1,135.1,0.0,3.32,Credit Card,Completed
ORD-106674,2024-04-02,CUST-00651,Emma Nakamura,Consumer,India,Asia,Electronics,Bluetooth Speaker,4,22.27,0.0,9.23,Credit Card,Completed
ORD-105355,2023-12-30,CUST-00162,Lucas Miller,Consumer,United Kingdom,Europe,Office,Standing Desk Mat,4,60.84,0.0,9.66,PayPal,Completed
ORD-104583,2023-09-17,CUST-00683,Wei Rodriguez,Consumer,United States,North America,Electronics,Headphones,1,75.28,0.05,15.78,PayPal,Cancelled
ORD-103231,2023-06-14,CUST-00508,Elizabeth Kumar,Enterprise,India,Asia,Home & Kitchen,Coffee Maker,2,71.38,0.0,24.39,Credit Card,Completed
ORD-106642,2023-08-28,CUST-00703,Ahmed Tanaka,Enterprise,United Kingdom,Europe,Home & Kitchen,Coffee Maker,1,125.32,0.1,18.38,Debit Card,Completed
ORD-106005,2024-03-30,CUST-00188,David Jones,Small Business,Spain,Europe,Apparel,Baseball Cap,1,48.85,0.1,16.21,Debit Card,Completed
ORD-100107,2024-05-21,CUST-00824,David Miller,Consumer,Australia,Oceania,Apparel,Wool Socks,2,74.41,0.0,24.06,Debit Card,Cancelled
ORD-100444,2024-04-23,CUST-00804,,Small Business,Mexico,South America,Beauty,Lip Balm,1,54.08,0.15,13.91,Credit Card,Completed
ORD-101955,2023-06-06,CUST-00194,Priya Miller,Consumer,France,Europe,Apparel,T-Shirt,1,48.77,0.0,15.06,Debit Card,Completed
ORD-104743,2023-10-06,CUST-00026,Chen Garcia,Consumer,Italy,Europe,Apparel,T-Shirt,2,86.68,0.0,23.96,Debit Card,Completed
ORD-105859,2023-07-12,CUST-00640,John Tanaka,Consumer,Brazil,South America,Sports & Outdoors,Camping Tent,2,103.48,0.0,5.57,Gift Card,Completed
ORD-100727,2023-07-25,CUST-00751,Yuki Kumar,Small Business,United Kingdom,Europe,Home & Kitchen,Coffee Maker,1,124.8,0.0,17.23,PayPal,Completed
ORD-102239,2023-04-11,CUST-00146,Sofia Jones,Consumer,Germany,Europe,Beauty,Sunscreen SPF50,1,32.48,0.0,6.33,Bank Transfer,Completed
ORD-105953,2024-11-06,CUST-00319,Mary Dubois,Enterprise,Japan,Asia,Office,Desk Organizer,1,59.53,0.1,13.13,PayPal,Returned
ORD-102331,2024-05-16,CUST-00222,Yuki Johnson,Consumer,India,Asia,Electronics,Bluetooth Speaker,4,121.43,0.0,22.11,Credit Card,Completed
ORD-104126,2024-04-07,CUST-00690,Grace Nakamura,Consumer,Germany,Europe,Office,Desk Organizer,2,36.95,0.15,7.89,Debit Card,Completed
ORD-100170,2024-03-11,CUST-00343,Wei Dubois,Consumer,India,Asia,Electronics,Laptop Stand,1,20.96,0.0,15.2,Credit Card,Completed
ORD-101002,2024-09-12,CUST-00791,Linda Martinez,Consumer,United Kingdom,Europe,Apparel,Denim Jacket,1,44.2,0.0,11.94,PayPal,Completed
ORD-103253,2024-03-02,CUST-00763,Liam Rossi,Small Business,United States,North America,Apparel,Baseball Cap,1,10.08,0.0,14.29,Credit Card,Completed
ORD-102149,2024-09-03,CUST-00008,Carlos Davis,Enterprise,Australia,Oceania,Home & Kitchen,Storage Bin,3,39.11,0.0,12.59,Gift Card,Completed
ORD-100198,2023-10-30,CUST-00579,Emma Rossi,Small Business,Australia,Oceania,Apparel,T-Shirt,2,12.82,0.1,23.17,Credit Card,Returned
ORD-104592,2024-01-16,CUST-00596,Hiro Costa,Consumer,India,Asia,Apparel,Baseball Cap,2,27.51,0.0,24.63,Gift Card,Completed
ORD-106123,2024-08-26,CUST-00499,Ines Rodriguez,Small Business,Australia,Oceania,Apparel,Wool Socks,1,37.66,0.0,14.93,Credit Card,Completed
ORD-103794,2024-10-05,CUST-00361,Fatima Jones,Enterprise,Brazil,South America,Electronics,Bluetooth Speaker,4,76.0,0.0,23.89,Credit Card,Completed
ORD-100648,2024-06-20,CUST-00755,Fatima Martinez,Consumer,France,Europe,Apparel,Denim Jacket,2,67.3,0.0,11.73,PayPal,Completed
ORD-103036,2024-03-15,CUST-00613,Olivia Smith,Consumer,India,Asia,Electronics,Laptop Stand,5,194.6,0.0,19.67,PayPal,Completed
ORD-104141,2024-07-07,CUST-00596,Hiro Costa,Consumer,India,Asia,Sports & Outdoors,Yoga Mat,1,50.89,0.0,5.1,Credit Card,Completed
ORD-103734,2024-06-23,CUST-00751,Yuki Kumar,Small Business,United Kingdom,Europe,Home & Kitchen,Throw Pillow,2,30.48,0.0,6.23,PayPal,Completed
ORD-102759,2024-08-16,CUST-00743,Liam Tanaka,Consumer,United States,North America,Office,Wireless Mouse,1,10.95,0.0,22.27,Debit Card,Completed
ORD-100374,2023-12-30,CUST-00117,Carlos Zhang,Consumer,Spain,Europe,Electronics,Laptop Stand,1,212.04,0.0,8.27,Credit Card,Completed
ORD-104775,2024-01-07,CUST-00600,Linda Garcia,Consumer,Spain,Europe,Electronics,Bluetooth Speaker,1,66.46,0.05,4.72,PayPal,Completed
ORD-100567,2023-12-06,CUST-00625,Linda Nakamura,Enterprise,Brazil,South America,Electronics,Laptop Stand,1,93.93,0.05,20.85,Credit Card,Completed
ORD-103721,2024-02-20,CUST-00706,Robert Dubois,Consumer,United States,North America,Electronics,Smartphone Case,1,218.75,0.0,6.21,Bank Transfer,Completed
ORD-102896,2024-04-29,CUST-00699,Mary Dubois,Consumer,United States,North America,Beauty,Sunscreen SPF50,2,31.91,0.0,16.1,Credit Card,Completed
ORD-104557,2024-06-03,CUST-00486,Patricia Johnson,Consumer,Germany,Europe,Apparel,Running Shoes,1,74.61,0.05,23.11,PayPal,Completed
ORD-106029,2024-06-22,CUST-00239,David Khan,Consumer,France,Europe,Office,Wireless Mouse,1,68.16,0.0,15.62,Debit Card,Completed
ORD-103486,2024-04-21,CUST-00327,Emma Kumar,Consumer,Mexico,South America,Beauty,Sunscreen SPF50,1,48.39,0.0,22.13,PayPal,Completed
ORD-101156,2023-12-14,CUST-00487,,Consumer,Japan,Asia,Apparel,Denim Jacket,2,29.52,0.0,4.97,Credit Card,Completed
ORD-104136,2024-08-13,CUST-00396,Mary Costa,Consumer,Mexico,South America,Apparel,Running Shoes,1,57.48,0.0,5.74,Gift Card,Completed
ORD-106579,2023-08-08,CUST-00180,Liam Brown,Consumer,Singapore,Asia,Beauty,Lip Balm,1,14.56,0.0,13.66,Credit Card,Completed
ORD-100974,2023-03-11,CUST-00838,Yuki Rodriguez,Consumer,United States,North America,Electronics,USB-C Cable,1,97.77,0.0,6.04,Credit Card,Completed
ORD-103288,2024-01-11,CUST-00698,Patricia Rossi,Consumer,United States,North America,Beauty,Face Serum,1,38.75,0.05,11.72,PayPal,Completed
ORD-103628,2024-04-29,CUST-00126,,Enterprise,Germany,Europe,Sports & Outdoors,Water Bottle,2,31.46,0.2,19.24,PayPal,Completed
ORD-103639,2024-02-28,CUST-00565,Hiro Jones,Small Business,Italy,Europe,Office,Pen Pack,2,10.86,0.0,23.55,Gift Card,Completed
ORD-105883,2023-10-14,CUST-00761,Liam Rodriguez,Consumer,United Kingdom,Europe,Home & Kitchen,Cutting Board,1,103.46,0.0,2.07,Bank Transfer,Completed
ORD-105595,2024-02-19,CUST-00198,Yuki Rodriguez,Consumer,Spain,Europe,Sports & Outdoors,Resistance Bands,1,124.63,0.05,4.91,Credit Card,Completed
ORD-106601,2024-07-23,CUST-00547,Robert Jones,Small Business,India,Asia,Office,Notebook Set,1,22.76,0.0,9.21,PayPal,Completed
ORD-101836,2024-05-13,CUST-00481,Mary Jones,Consumer,United States,North America,Sports & Outdoors,Resistance Bands,1,161.02,0.0,23.68,Bank Transfer,Cancelled
ORD-102309,2024-05-29,CUST-00035,Sofia Garcia,Enterprise,Japan,Asia,Home & Kitchen,Coffee Maker,5,64.69,0.0,5.55,Gift Card,Completed
ORD-101841,2024-02-09,CUST-00397,Chen Williams,Small Business,Germany,Europe,Beauty,Face Serum,1,31.73,0.0,17.59,Credit Card,Completed
ORD-106180,2024-07-02,CUST-00284,Wei Nakamura,Consumer,United States,North America,Office,Notebook Set,1,20.9,0.05,8.41,Credit Card,Completed
ORD-104924,2023-08-28,CUST-00598,Michael Miller,Consumer,India,Asia,Electronics,USB-C Cable,2,129.42,0.0,16.86,Bank Transfer,Returned
ORD-106032,2023-10-12,CUST-00506,Carlos Garcia,Consumer,Brazil,South America,Home & Kitchen,Cutting Board,3,44.71,0.2,6.0,Credit Card,Completed
ORD-102045,2024-08-08,CUST-00684,Hiro Miller,Enterprise,UNITED STATES,North America,Electronics,Bluetooth Speaker,5,26.08,0.15,23.98,Credit Card,Completed
ORD-104406,2023-08-24,CUST-00237,Mia Rodriguez,Consumer,Mexico,South America,Electronics,Headphones,2,40.63,0.0,12.7,Credit Card,Completed
ORD-104373,2024-07-24,CUST-00707,Tom Williams,Consumer,CANADA,North America,Office,Notebook Set,4,32.35,0.0,15.7,Credit Card,Returned
ORD-104733,2024-05-28,CUST-00356,Carlos Nakamura,Consumer,India,Asia,Apparel,Wool Socks,2,60.93,0.0,17.56,Credit Card,Completed
ORD-104751,2023-10-01,CUST-00466,Tom Brown,Consumer,Brazil,South America,Home & Kitchen,Cutting Board,4,93.75,0.05,,PayPal,Completed
ORD-104719,2024-10-10,CUST-00196,Lucas Silva,Consumer,United Kingdom,Europe,Beauty,Face Serum,1,53.8,0.1,12.97,Credit Card,Cancelled
ORD-105956,2023-07-09,CUST-00229,Tom Silva,Consumer,Germany,Europe,Electronics,Headphones,1,204.84,0.0,2.72,PayPal,Completed
ORD-100845,2023-06-09,CUST-00651,Emma Nakamura,Consumer,India,Asia,Home & Kitchen,Coffee Maker,1,104.64,0.1,3.01,Credit Card,Completed
ORD-104490,2024-05-11,CUST-00057,Tom Miller,Enterprise,United Kingdom,Europe,Sports & Outdoors,Camping Tent,3,26.67,0.0,12.55,Credit Card,Completed
ORD-102156,2024-11-21,CUST-00620,Carlos Garcia,Consumer,Canada,North America,Apparel,Baseball Cap,2,38.7,0.0,9.38,Bank Transfer,Completed
ORD-100350,2024-05-07,CUST-00073,Fatima Williams,Consumer,Brazil,South America,Sports & Outdoors,Yoga Mat,1,137.41,0.0,22.72,Gift Card,Completed
ORD-106669,2023-09-23,CUST-00648,Olivia Martinez,Consumer,United States,North America,Sports & Outdoors,Hiking Backpack,1,157.15,0.2,6.86,Credit Card,Cancelled
ORD-100785,2024-05-04,CUST-00376,Emma Zhang,Consumer,India,Asia,Office,Wireless Mouse,-4,28.18,0.0,16.56,Credit Card,Completed
ORD-100048,2024-04-23,CUST-00223,Ahmed Costa,Enterprise,United Kingdom,Europe,Sports & Outdoors,Hiking Backpack,2,121.16,0.05,22.13,PayPal,Completed
ORD-106075,2024-05-26,CUST-00206,Fatima Tanaka,Small Business,United Kingdom,Europe,Home & Kitchen,Blender,1,115.6,0.0,,PayPal,Completed
ORD-106348,2023-02-11,CUST-00366,Wei Rodriguez,Consumer,Japan,Asia,Apparel,Denim Jacket,2,17.32,0.05,24.99,PayPal,Completed
ORD-103652,2024-07-13,CUST-00143,Tom Jones,Small Business,United States,North America,Electronics,USB-C Cable,2,152.61,0.0,11.41,Credit Card,Completed
ORD-105752,2024-10-10,CUST-00619,Liam Costa,Enterprise,Canada,North America,Electronics,Smartphone Case,1,127.12,0.0,4.93,PayPal,Completed
ORD-106166,2024-09-25,CUST-00810,Mary Muller,Small Business,India,Asia,Beauty,Shampoo,2,28.77,0.0,13.33,Credit Card,Completed
ORD-104499,2024-07-28,CUST-00752,David Zhang,Enterprise,France,Europe,Office,Pen Pack,1,48.87,0.0,16.75,Gift Card,Completed
ORD-104019,2024-10-20,CUST-00708,Fatima Smith,Consumer,United States,North America,Office,Wireless Mouse,1,33.31,0.0,10.25,Gift Card,Cancelled
ORD-105204,2024-08-29,CUST-00628,Olivia Silva,Consumer,India,Asia,Home & Kitchen,Throw Pillow,3,41.12,0.0,12.34,Debit Card,Completed
ORD-105251,2023-11-26,CUST-00810,Mary Muller,Small Business,India,Asia,Apparel,Baseball Cap,1,9.77,0.1,18.98,Debit Card,Completed
ORD-101440,2024-03-10,CUST-00260,Sofia Brown,Small Business,Australia,Oceania,Office,Pen Pack,2,15.64,0.15,17.83,Credit Card,Completed
ORD-106372,2024-11-05,CUST-00685,Robert Martinez,Small Business,United Kingdom,Europe,Beauty,Shampoo,1,12.62,0.1,21.08,Credit Card,Completed
ORD-106098,2023-12-24,CUST-00150,Ana Silva,Consumer,Spain,Europe,Sports & Outdoors,Resistance Bands,3,165.67,0.1,11.78,PayPal,Returned
ORD-105086,2024-08-31,CUST-00759,Emma Rossi,Consumer,France,Europe,Beauty,Hair Dryer,1,36.72,0.2,12.33,Debit Card,Completed
ORD-101866,2024-08-22,CUST-00493,Tom Rodriguez,Enterprise,Germany,Europe,Office,Notebook Set,2,60.61,0.0,13.99,Credit Card,Completed
ORD-106886,2024-11-27,CUST-00084,Ines Rodriguez,Small Business,Australia,Oceania,Apparel,Denim Jacket,1,76.62,0.0,20.69,Bank Transfer,Completed
ORD-105407,2023-08-11,CUST-00569,Mia Martinez,Enterprise,United States,North America,Beauty,Face Serum,2,12.08,0.0,11.58,Credit Card,Returned
ORD-103196,2024-07-14,CUST-00669,Jennifer Williams,Enterprise,Germany,Europe,Electronics,Laptop Stand,3,54.5,0.0,20.62,Credit Card,Completed
ORD-100034,2024-08-12,CUST-00500,Hiro Silva,Consumer,Italy,Europe,Home & Kitchen,Coffee Maker,1,63.23,0.1,9.38,Debit Card,Returned
ORD-100788,2024-06-24,CUST-00618,Linda Dubois,Consumer,India,Asia,Electronics,Smartphone Case,2,132.1,0.0,8.79,Debit Card,Completed
ORD-105140,2024-04-28,CUST-00432,Priya Miller,Consumer,United Kingdom,Europe,Sports & Outdoors,Yoga Mat,2,16.48,0.1,14.04,Debit Card,Completed
ORD-104578,2023-05-26,CUST-00441,Linda Martinez,Consumer,United States,North America,Electronics,Headphones,3,80.83,0.0,9.49,PayPal,Completed
ORD-105340,2024-09-07,CUST-00607,Noah Martinez,Small Business,Brazil,South America,Beauty,Face Serum,1,13.12,0.0,5.08,Credit Card,Completed
ORD-102628,2024-08-09,CUST-00260,Sofia Brown,Small Business,Australia,Oceania,Home & Kitchen,Coffee Maker,1,145.3,0.1,,Gift Card,Completed
ORD-106626,2024-03-05,CUST-00631,Mary Jones,Small Business,France,Europe,Sports & Outdoors,Water Bottle,1,11.51,0.0,16.71,Credit Card,Completed
ORD-100932,2023-12-08,CUST-00695,Carlos Muller,Consumer,Italy,Europe,Sports & Outdoors,Water Bottle,1,133.25,0.0,4.85,Debit Card,Completed
ORD-102405,2024-06-26,CUST-00015,Lucas Tanaka,Consumer, singapore ,Asia,Office,Pen Pack,2,12.77,0.0,9.9,Gift Card,Completed
ORD-101686,2024-04-16,CUST-00315,Lucas Brown,Consumer,Germany,Europe,Apparel,Wool Socks,1,26.31,0.05,2.9,Debit Card,Completed
ORD-101249,2023-03-11,CUST-00436,Grace Dubois,Consumer,ITALY,Europe,Sports & Outdoors,Resistance Bands,1,129.54,0.0,5.43,PayPal,Completed
ORD-104856,2024-08-30,CUST-00401,James Zhang,Consumer,Singapore,Asia,Sports & Outdoors,Resistance Bands,2,173.82,0.0,22.83,Credit Card,Completed
ORD-100093,2024-10-31,CUST-00448,Priya Costa,Consumer,France,Europe,Home & Kitchen,Blender,3,131.28,0.0,6.66,Debit Card,Completed
ORD-105272,2024-03-14,CUST-00363,Grace Khan,Small Business,Germany,Europe,Home & Kitchen,Cutting Board,1,110.37,0.0,20.68,PayPal,Cancelled
ORD-105512,2024-10-17,CUST-00809,John Dubois,Small Business,United States,North America,Home & Kitchen,Storage Bin,2,128.4,0.15,8.62,Debit Card,Completed
ORD-105438,2024-05-21,CUST-00812,Liam Miller,Small Business,Brazil,South America,Electronics,Bluetooth Speaker,2,40.39,0.0,4.67,Debit Card,Completed
ORD-105569,2024-07-25,CUST-00513,Linda Khan,Small Business,Japan,Asia,Apparel,Denim Jacket,2,85.05,0.0,13.46,Credit Card,Returned
ORD-102852,2023-12-29,CUST-00786,David Khan,Consumer,Germany,Europe,Electronics,Laptop Stand,1,102.25,0.0,10.53,Gift Card,Completed
ORD-102794,2024-10-03,CUST-00413,Ahmed Jones,Consumer,United States,North America,Apparel,Running Shoes,3,29.42,0.0,24.91,PayPal,Returned
ORD-106424,2024-12-12,CUST-00478,Chen Silva,Consumer,United States,North America,Office,Notebook Set,1,56.78,0.0,18.14,Credit Card,Completed
ORD-105704,2024-02-23,CUST-00071,Ines Muller,Consumer,United States,North America,Electronics,Headphones,1,26.64,0.0,15.32,Bank Transfer,Returned
ORD-100765,2024-03-22,CUST-00466,Tom Brown,Consumer, brazil ,South America,Beauty,Face Serum,1,50.86,0.0,15.47,PayPal,Completed
ORD-106749,2024-03-18,CUST-00123,Ines Khan,Small Business,United Kingdom,Europe,Electronics,USB-C Cable,2,175.3,0.0,15.87,Credit Card,Completed
ORD-102989,2023-09-29,CUST-00269,Linda Williams,Consumer,INDIA,Asia,Electronics,Laptop Stand,1,68.33,0.1,14.17,Debit Card,Returned
ORD-105470,2024-04-22,CUST-00763,Liam Rossi,Small Business,United States,North America,Beauty,Shampoo,2,45.41,0.0,4.78,Debit Card,Completed
ORD-106048,2024-11-02,CUST-00809,John Dubois,Small Business,United States,North America,Apparel,Baseball Cap,1,64.68,0.0,8.39,Credit Card,Completed
ORD-102449,2024-07-26,CUST-00438,Patricia Dubois,Consumer,United States,North America,Apparel,Wool Socks,1,89.65,0.0,2.66,Credit Card,Completed
ORD-101729,2024-02-20,CUST-00455,Hiro Silva,Consumer,Germany,Europe,Electronics,Headphones,1,148.59,0.0,15.71,Debit Card,Completed
ORD-100258,2024-07-01,CUST-00796,David Khan,Enterprise, united states ,North America,Electronics,Laptop Stand,1,75.14,0.0,16.61,PayPal,Completed
ORD-105041,2023-11-08,CUST-00480,Priya Kumar,Enterprise,Mexico,South America,Beauty,Shampoo,-4,54.03,0.1,15.86,Gift Card,Completed
ORD-101220,2024-05-10,CUST-00732,Linda Johnson,Consumer,Japan,Asia,Electronics,USB-C Cable,1,68.64,0.05,4.44,PayPal,Completed
ORD-101162,2024-02-22,CUST-00571,Emma Khan,Consumer,Mexico,South America,Beauty,Lip Balm,1,48.27,0.0,15.28,PayPal,Completed
ORD-106639,2024-06-03,CUST-00334,David Garcia,Consumer,Germany,Europe,Office,Pen Pack,1,25.7,0.0,12.73,Gift Card,Completed
ORD-100773,2023-11-07,CUST-00653,Jennifer Zhang,Consumer,Singapore,Asia,Beauty,Hair Dryer,1,40.01,0.0,15.32,PayPal,Completed
ORD-106695,2023-09-16,CUST-00203,Sofia Rossi,Consumer,India,Asia,Sports & Outdoors,Yoga Mat,1,95.95,0.0,24.36,Bank Transfer,Completed
ORD-105583,2024-08-04,CUST-00284,Wei Nakamura,Consumer,United States,North America,Beauty,Sunscreen SPF50,1,46.68,0.0,5.71,Debit Card,Returned
ORD-106346,2023-12-13,CUST-00717,Sofia Khan,Consumer,Italy,Europe,Electronics,Headphones,2,153.78,0.0,13.89,Gift Card,Completed
ORD-100313,2024-09-01,CUST-00554,Linda Smith,Consumer,Spain,Europe,Beauty,Shampoo,1,9.25,0.15,22.34,Bank Transfer,Completed
ORD-104387,2024-06-12,CUST-00319,Mary Dubois,Enterprise,Japan,Asia,Electronics,Headphones,1,17.13,0.1,2.95,Credit Card,Completed
ORD-104033,2024-09-27,CUST-00379,Patricia Nakamura,Consumer,Germany,Europe,Electronics,Bluetooth Speaker,1,148.52,0.0,23.93,Debit Card,Returned
ORD-104860,2024-08-22,CUST-00106,Ana Miller,Consumer,INDIA,Asia,Apparel,Running Shoes,1,60.48,0.0,17.65,PayPal,Completed
ORD-102998,2024-05-12,CUST-00294,Olivia Zhang,Consumer,Spain,Europe,Beauty,Shampoo,1,51.29,0.15,15.96,Gift Card,Completed
ORD-104280,2024-07-23,CUST-00637,Sofia Costa,Enterprise,United States,North America,Electronics,Bluetooth Speaker,3,162.47,0.0,2.82,Bank Transfer,Completed
ORD-101177,2024-10-17,CUST-00154,Linda Silva,Consumer,United States,North America,Electronics,Headphones,1,57.72,0.1,18.12,Credit Card,Completed
ORD-103897,2023-08-28,CUST-00409,Hiro Brown,Enterprise,Germany,Europe,Home & Kitchen,Blender,2,111.3,0.0,23.42,Debit Card,Completed
ORD-101350,2024-07-27,CUST-00411,Wei Jones,Consumer,United States,North America,Electronics,Headphones,2,174.72,0.0,21.16,PayPal,Completed
ORD-103776,2024-11-09,CUST-00436,Grace Dubois,Consumer,Italy,Europe,Electronics,Smartphone Case,1,47.62,0.0,16.23,PayPal,Completed
ORD-103117,2023-04-20,CUST-00812,Liam Miller,Small Business,Brazil,South America,Apparel,Wool Socks,2,20.53,0.15,4.04,Debit Card,Completed
ORD-103517,2024-11-05,CUST-00716,Robert Dubois,Consumer,Mexico,South America,Electronics,Smartphone Case,1,47.82,0.0,5.86,Debit Card,Completed
ORD-102299,2024-02-24,CUST-00838,,Consumer,United States,North America,Sports & Outdoors,Hiking Backpack,2,15.28,0.05,22.62,PayPal,Returned
ORD-102872,2024-10-03,CUST-00603,Lucas Johnson,Consumer,United Kingdom,Europe,Home & Kitchen,Coffee Maker,1,103.96,0.05,15.44,Credit Card,Returned
ORD-105196,2023-10-30,CUST-00145,Chen Muller,Small Business,United States,North America,Home & Kitchen,Storage Bin,1,41.58,0.0,19.13,Debit Card,Completed
ORD-100392,2024-10-11,CUST-00503,Mary Tanaka,Consumer,United States,North America,Electronics,Headphones,1,17.63,0.1,14.04,PayPal,Completed
ORD-106016,2024-09-07,CUST-00396,Mary Costa,Consumer,Mexico,South America,Apparel,T-Shirt,2,86.33,0.0,21.72,Credit Card,Completed
ORD-101457,2024-06-08,CUST-00797,Wei Tanaka,Consumer,Spain,Europe,Electronics,Headphones,2,175.08,0.05,24.25,PayPal,Returned
ORD-101093,2023-12-06,CUST-00257,John Williams,Small Business,Canada,North America,Sports & Outdoors,Resistance Bands,2,81.77,0.0,14.99,Credit Card,Completed
ORD-106119,2024-04-08,CUST-00641,Raj Martinez,,Germany,Europe,Electronics,Smartphone Case,1,210.14,0.0,24.71,Credit Card,Completed
ORD-103240,2023-12-31,CUST-00622,Patricia Kumar,Small Business,Australia,Oceania,Electronics,Bluetooth Speaker,1,2419.3661259728724,0.0,12.57,Credit Card,Completed
ORD-105001,2023-11-06,CUST-00285,Ines Rossi,Enterprise,United States,North America,Office,Desk Organizer,1,33.79,0.0,13.3,Credit Card,Completed
ORD-102779,2024-07-14,CUST-00611,Noah Martinez,Enterprise, germany ,Europe,Home & Kitchen,Blender,1,66.55,0.0,17.81,Credit Card,Completed
ORD-106699,2024-01-21,CUST-00323,Chen Nakamura,Consumer,France,Europe,Electronics,Bluetooth Speaker,1,113.66,0.0,21.34,Bank Transfer,Completed
ORD-104463,2024-04-21,CUST-00116,Grace Khan,Enterprise,Canada,North America,Home & Kitchen,Storage Bin,1,99.19,0.0,20.4,Credit Card,Completed
ORD-104442,2024-10-16,CUST-00828,Grace Jones,Consumer,United Kingdom,Europe,Apparel,T-Shirt,2,84.99,0.05,23.11,Credit Card,Completed
ORD-103657,2024-09-07,CUST-00138,John Muller,Consumer,Australia,Oceania,Apparel,Running Shoes,1,27.21,0.05,16.14,Credit Card,Completed
ORD-102584,2024-01-11,CUST-00411,Wei Jones,Consumer,UNITED STATES,North America,Home & Kitchen,Throw Pillow,2,146.45,0.1,22.42,PayPal,Completed
ORD-103258,2023-06-25,CUST-00264,Patricia Silva,Consumer,United Kingdom,Europe,Home & Kitchen,Cutting Board,2,45.34,0.0,16.64,PayPal,Completed
ORD-101373,2024-06-06,CUST-00748,Chen Johnson,Consumer,Canada,North America,Sports & Outdoors,Yoga Mat,1,78.45,0.0,10.01,PayPal,Completed
ORD-105736,2024-07-27,CUST-00541,Michael Jones,,Japan,Asia,Sports & Outdoors,Camping Tent,2,174.32,0.0,6.04,Debit Card,Completed
ORD-100920,2023-10-16,CUST-00839,Carlos Jones,Small Business,UNITED STATES,North America,Apparel,T-Shirt,1,31.13,0.0,14.11,PayPal,Completed
ORD-104308,2024-05-09,CUST-00545,Emma Silva,Small Business,Mexico,South America,Office,Pen Pack,1,30.54,0.1,2.87,Credit Card,Completed
ORD-105700,2024-02-10,CUST-00108,Chen Martinez,Consumer,France,Europe,Office,Standing Desk Mat,3,1207.377440884175,0.0,22.78,Gift Card,Completed
ORD-102551,2024-09-10,CUST-00595,Hiro Garcia,Consumer,Canada,North America,Home & Kitchen,Throw Pillow,1,132.62,0.0,14.61,Bank Transfer,Completed
ORD-100538,2023-08-21,CUST-00175,Carlos Brown,Small Business,United States,North America,Sports & Outdoors,Yoga Mat,1,103.4,0.0,7.16,Credit Card,Completed
ORD-101221,2023-07-03,CUST-00086,Grace Tanaka,Small Business,United States,North America,Electronics,Laptop Stand,1,201.46,0.0,19.2,Bank Transfer,Completed
ORD-104272,2024-07-23,CUST-00745,Sofia Johnson,Enterprise,India,Asia,Home & Kitchen,Storage Bin,1,119.76,0.0,21.75,Credit Card,Completed
